//
// included sounds:
//    sound_on
//    sound_off
//    sound_idle
//    sound_swing
//
// This pack of sounds contains sounds by the following user:
//    joe93barlow ( https://freesound.org/people/joe93barlow/ )
//
// Converted to header format by Igor Brkic
//
// You can find this pack online at: https://freesound.org/people/joe93barlow/packs/5968/
//
// License details
// ---------------
// Creative Commons 0: http://creativecommons.org/publicdomain/zero/1.0/
//


unsigned char PROGMEM sound_on[24168] = {
    0x52, 0x49, 0x46, 0x46, 0x60, 0x5e, 0x0, 0x0, 0x57, 0x41,
    0x56, 0x45, 0x66, 0x6d, 0x74, 0x20, 0x10, 0x0, 0x0, 0x0,
    0x1, 0x0, 0x1, 0x0, 0x80, 0x3e, 0x0, 0x0, 0x80, 0x3e,
    0x0, 0x0, 0x1, 0x0, 0x8, 0x0, 0x64, 0x61, 0x74, 0x61,
    0x3c, 0x5e, 0x0, 0x0, 0x80, 0x80, 0x7f, 0x80, 0x7f, 0x7f,
    0x80, 0x80, 0x7f, 0x7f, 0x80, 0x80, 0x80, 0x80, 0x7f, 0x7f,
    0x80, 0x7f, 0x80, 0x80, 0x7f, 0x80, 0x80, 0x7f, 0x80, 0x7f,
    0x7f, 0x80, 0x80, 0x7f, 0x80, 0x7f, 0x7e, 0x80, 0x80, 0x80,
    0x7e, 0x80, 0x7f, 0x7f, 0x80, 0x7f, 0x7f, 0x7f, 0x80, 0x7f,
    0x7f, 0x7f, 0x7f, 0x7e, 0x80, 0x81, 0x7f, 0x7e, 0x80, 0x7e,
    0x81, 0x81, 0x7e, 0x7e, 0x7f, 0x7f, 0x81, 0x80, 0x7e, 0x80,
    0x7f, 0x7f, 0x7f, 0x7f, 0x7f, 0x82, 0x80, 0x7d, 0x7f, 0x7f,
    0x82, 0x81, 0x7e, 0x7f, 0x7e, 0x81, 0x81, 0x7e, 0x7e, 0x7f,
    0x82, 0x7f, 0x7f, 0x7f, 0x7f, 0x83, 0x7f, 0x7e, 0x7f, 0x7e,
    0x84, 0x7e, 0x7f, 0x7f, 0x7f, 0x84, 0x80, 0x7e, 0x7f, 0x7f,
    0x7f, 0x84, 0x7f, 0x7e, 0x7f, 0x7f, 0x80, 0x82, 0x7f, 0x7d,
    0x82, 0x7c, 0x82, 0x84, 0x7e, 0x7e, 0x80, 0x7b, 0x80, 0x85,
    0x7e, 0x7f, 0x7f, 0x7c, 0x7f, 0x85, 0x80, 0x7f, 0x7f, 0x7a,
    0x81, 0x81, 0x81, 0x80, 0x81, 0x7c, 0x7e, 0x83, 0x7a, 0x86,
    0x7f, 0x7e, 0x81, 0x7e, 0x81, 0x81, 0x7f, 0x7d, 0x82, 0x82,
    0x7c, 0x7f, 0x85, 0x7d, 0x80, 0x7d, 0x7e, 0x82, 0x7d, 0x7f,
    0x82, 0x7f, 0x7d, 0x7f, 0x7e, 0x83, 0x7f, 0x7e, 0x7e, 0x7a,
    0x83, 0x83, 0x7f, 0x7c, 0x7c, 0x7f, 0x83, 0x7c, 0x82, 0x7e,
    0x7d, 0x82, 0x80, 0x7d, 0x7c, 0x84, 0x7e, 0x80, 0x77, 0x84,
    0x80, 0x7f, 0x7b, 0x7e, 0x88, 0x7a, 0x7f, 0x82, 0x79, 0x7d,
    0x87, 0x7a, 0x81, 0x83, 0x7d, 0x80, 0x81, 0x7a, 0x89, 0x7b,
    0x7e, 0x86, 0x78, 0x85, 0x83, 0x7e, 0x79, 0x87, 0x87, 0x79,
    0x82, 0x81, 0x7b, 0x86, 0x7f, 0x7e, 0x81, 0x80, 0x84, 0x81,
    0x7a, 0x7f, 0x85, 0x7f, 0x81, 0x7d, 0x81, 0x7e, 0x7d, 0x84,
    0x7f, 0x81, 0x7a, 0x7e, 0x89, 0x7e, 0x76, 0x8a, 0x79, 0x79,
    0x89, 0x7b, 0x82, 0x78, 0x82, 0x7d, 0x81, 0x82, 0x77, 0x8a,
    0x82, 0x79, 0x78, 0x82, 0x82, 0x7e, 0x89, 0x73, 0x84, 0x81,
    0x78, 0x88, 0x80, 0x7d, 0x7a, 0x81, 0x80, 0x87, 0x77, 0x81,
    0x86, 0x7d, 0x79, 0x82, 0x89, 0x74, 0x85, 0x83, 0x76, 0x7a,
    0x8b, 0x83, 0x77, 0x88, 0x79, 0x83, 0x7c, 0x79, 0x8f, 0x74,
    0x7f, 0x85, 0x7f, 0x79, 0x86, 0x86, 0x77, 0x7d, 0x75, 0x8d,
    0x84, 0x77, 0x85, 0x75, 0x76, 0x91, 0x7f, 0x70, 0x8f, 0x7a,
    0x73, 0x88, 0x87, 0x73, 0x7a, 0x90, 0x79, 0x82, 0x77, 0x7b,
    0x8a, 0x7c, 0x80, 0x7e, 0x7d, 0x82, 0x87, 0x78, 0x7c, 0x8d,
    0x73, 0x7d, 0x8e, 0x7a, 0x80, 0x7d, 0x85, 0x81, 0x78, 0x87,
    0x84, 0x78, 0x83, 0x8b, 0x79, 0x77, 0x7e, 0x93, 0x75, 0x6e,
    0x97, 0x80, 0x72, 0x89, 0x81, 0x72, 0x8a, 0x80, 0x82, 0x78,
    0x7d, 0x86, 0x7d, 0x90, 0x6c, 0x76, 0x9a, 0x72, 0x77, 0x8e,
    0x84, 0x7a, 0x79, 0x82, 0x7b, 0x93, 0x75, 0x6c, 0x9f, 0x78,
    0x67, 0x9c, 0x80, 0x69, 0x8b, 0x87, 0x7a, 0x78, 0x84, 0x84,
    0x89, 0x6e, 0x79, 0x96, 0x74, 0x7a, 0x84, 0x87, 0x7b, 0x70,
    0x8f, 0x79, 0x6a, 0x8f, 0x8e, 0x6b, 0x78, 0x96, 0x71, 0x72,
    0x8f, 0x76, 0x87, 0x84, 0x64, 0x85, 0x8c, 0x86, 0x6d, 0x7e,
    0x95, 0x6b, 0x74, 0x97, 0x84, 0x66, 0x85, 0x93, 0x79, 0x70,
    0x80, 0x94, 0x82, 0x63, 0x92, 0x91, 0x61, 0x84, 0x96, 0x77,
    0x76, 0x94, 0x78, 0x7e, 0x90, 0x67, 0x85, 0x92, 0x76, 0x86,
    0x82, 0x6d, 0x89, 0x85, 0x72, 0x9a, 0x75, 0x63, 0xa0, 0x8a,
    0x5b, 0x8d, 0x8a, 0x71, 0x86, 0x7b, 0x92, 0x6c, 0x77, 0x9a,
    0x69, 0x70, 0x9b, 0x90, 0x5a, 0x76, 0xa4, 0x6f, 0x6b, 0x92,
    0x76, 0x8b, 0x83, 0x66, 0x7b, 0x90, 0x93, 0x5b, 0x7d, 0x99,
    0x6e, 0x88, 0x75, 0x7e, 0x95, 0x5c, 0x86, 0xa0, 0x60, 0x69,
    0x97, 0x90, 0x5e, 0x7a, 0x9e, 0x66, 0x6c, 0xa4, 0x7a, 0x5e,
    0x99, 0x78, 0x6f, 0xa1, 0x6d, 0x67, 0x99, 0x8e, 0x66, 0x75,
    0x94, 0x70, 0x87, 0x8d, 0x63, 0x90, 0x89, 0x5c, 0x92, 0x9d,
    0x64, 0x6a, 0x91, 0x9b, 0x73, 0x63, 0x7d, 0x99, 0x84, 0x63,
    0x80, 0x87, 0x86, 0x88, 0x66, 0x72, 0x9d, 0x88, 0x5f, 0x86,
    0x91, 0x61, 0x86, 0x94, 0x77, 0x77, 0x7f, 0x8b, 0x88, 0x6c,
    0x7b, 0xa5, 0x78, 0x5b, 0x8a, 0x9a, 0x6d, 0x78, 0x98, 0x6c,
    0x74, 0x95, 0x7a, 0x74, 0x85, 0x93, 0x85, 0x6c, 0x84, 0x81,
    0x64, 0x91, 0x97, 0x60, 0x6e, 0x99, 0x83, 0x7a, 0x87, 0x68,
    0x84, 0x9c, 0x6a, 0x66, 0x90, 0x86, 0x91, 0x78, 0x63, 0x81,
    0x89, 0x95, 0x79, 0x5d, 0x84, 0x92, 0x7e, 0x87, 0x7b, 0x70,
    0x6e, 0x98, 0x98, 0x60, 0x66, 0x9c, 0x8d, 0x74, 0x74, 0x84,
    0x84, 0x63, 0x87, 0xa4, 0x6f, 0x58, 0x99, 0x90, 0x62, 0x76,
    0x8e, 0x72, 0x8a, 0x98, 0x69, 0x58, 0x93, 0xa7, 0x62, 0x5a,
    0x8c, 0x91, 0x89, 0x79, 0x6c, 0x72, 0x83, 0x98, 0x80, 0x58,
    0x6e, 0xa7, 0x8a, 0x57, 0x6c, 0xa4, 0x91, 0x5c, 0x68, 0xac,
    0x90, 0x50, 0x72, 0xab, 0x83, 0x67, 0x8c, 0x7f, 0x6c, 0x9f,
    0x8b, 0x56, 0x9f, 0x9d, 0x63, 0x6a, 0xab, 0x9b, 0x71, 0x62,
    0x8f, 0x8b, 0x6d, 0xaa, 0x96, 0x62, 0x56, 0xaf, 0xac, 0x67,
    0x54, 0x83, 0xb2, 0x8d, 0x5e, 0x6b, 0xae, 0x79, 0x66, 0x89,
    0x8d, 0x8a, 0x84, 0x68, 0x7c, 0xa0, 0x75, 0x73, 0x80, 0x85,
    0x84, 0x8d, 0x84, 0x73, 0x78, 0x95, 0x7c, 0x74, 0x8f, 0x8b,
    0x6d, 0x6d, 0x85, 0x84, 0x8c, 0x72, 0x68, 0x77, 0x95, 0x76,
    0x71, 0x91, 0x82, 0x69, 0x76, 0x97, 0x66, 0x65, 0xa8, 0x90,
    0x66, 0x56, 0x8d, 0xa2, 0x82, 0x73, 0x66, 0x87, 0x6b, 0x8b,
    0x95, 0x72, 0x5c, 0x85, 0x9f, 0x77, 0x83, 0x79, 0x78, 0x81,
    0x87, 0x79, 0x8c, 0x94, 0x6a, 0x67, 0x9c, 0x95, 0x5e, 0x7e,
    0xaf, 0x8d, 0x57, 0x68, 0xaf, 0x97, 0x6f, 0x5f, 0x76, 0xa2,
    0x92, 0x7d, 0x63, 0x6e, 0x87, 0xa4, 0x89, 0x57, 0x74, 0xb6,
    0x8c, 0x5d, 0x57, 0x9c, 0xa7, 0x80, 0x5c, 0x59, 0xab, 0x9f,
    0x6c, 0x4a, 0x96, 0xac, 0x6c, 0x51, 0x8d, 0xa5, 0x5a, 0x69,
    0xad, 0x9c, 0x68, 0x51, 0x87, 0xb5, 0x87, 0x74, 0x4f, 0x81,
    0xb1, 0x88, 0x7a, 0x64, 0x61, 0x9a, 0xa5, 0x89, 0x50, 0x6b,
    0xc4, 0x8b, 0x61, 0x60, 0x95, 0x94, 0x64, 0x6d, 0x9f, 0xaa,
    0x6d, 0x4c, 0x82, 0xb6, 0x84, 0x64, 0x66, 0x8d, 0x86, 0x92,
    0x8c, 0x77, 0x5a, 0x80, 0xad, 0x79, 0x63, 0x6f, 0xb3, 0x81,
    0x4f, 0x6e, 0xa7, 0xa1, 0x5b, 0x59, 0x97, 0x9a, 0x71, 0x67,
    0x64, 0x86, 0x96, 0x93, 0x5a, 0x54, 0xa6, 0xa0, 0x5e, 0x5b,
    0x9a, 0x72, 0x5d, 0x96, 0x87, 0x76, 0x60, 0x93, 0xa7, 0x65,
    0x6c, 0x5d, 0x90, 0x9e, 0x72, 0x73, 0x6b, 0x9d, 0x94, 0x6a,
    0x6c, 0x96, 0x88, 0x81, 0x5a, 0x80, 0xac, 0x6e, 0x78, 0x7e,
    0x8a, 0x81, 0x81, 0x6c, 0x80, 0xad, 0x89, 0x6c, 0x74, 0x93,
    0xa3, 0x72, 0x53, 0xa7, 0x9b, 0x6f, 0x91, 0x77, 0x7e, 0x94,
    0x8e, 0x85, 0x71, 0x5e, 0x8f, 0xad, 0x68, 0x50, 0x89, 0x9e,
    0x8e, 0x80, 0x4d, 0x84, 0xa5, 0x6d, 0x72, 0x6a, 0x69, 0x93,
    0x90, 0x66, 0x80, 0x6d, 0x77, 0x9d, 0x7d, 0x8d, 0x86, 0x51,
    0x77, 0x99, 0x89, 0x78, 0x66, 0x90, 0xa2, 0x70, 0x4e, 0x83,
    0xb2, 0x98, 0x63, 0x46, 0x8f, 0xae, 0x93, 0x69, 0x43, 0x8f,
    0x94, 0x95, 0x7a, 0x3e, 0x8b, 0x9f, 0x8c, 0x6b, 0x5a, 0x8c,
    0x98, 0x78, 0x5a, 0x7c, 0xad, 0x8c, 0x81, 0x64, 0x6d, 0x8d,
    0xa0, 0xa3, 0x72, 0x56, 0x5e, 0x9e, 0xaa, 0x85, 0x5b, 0x5c,
    0xa1, 0xa9, 0x5f, 0x67, 0x7c, 0x8b, 0x8b, 0x68, 0x73, 0x99,
    0x9a, 0x63, 0x7d, 0x75, 0x6c, 0x98, 0x8f, 0x8b, 0x74, 0x50,
    0x96, 0xa1, 0x63, 0x87, 0x7a, 0x81, 0xa6, 0x58, 0x5d, 0xb0,
    0x82, 0x7f, 0x85, 0x6d, 0x7d, 0x6c, 0x7c, 0x9e, 0x79, 0x7b,
    0x76, 0x85, 0x91, 0x60, 0x72, 0x85, 0xae, 0x64, 0x4c, 0x8f,
    0xb6, 0x71, 0x60, 0x7b, 0x88, 0xaf, 0x68, 0x64, 0x72, 0xa6,
    0x97, 0x7a, 0x53, 0x83, 0x9d, 0x5a, 0x98, 0xa0, 0x77, 0x93,
    0x8c, 0x50, 0x8c, 0xa7, 0x87, 0x8d, 0x6b, 0x5d, 0x91, 0x95,
    0x8b, 0x75, 0x5e, 0x7c, 0x95, 0x75, 0x86, 0x8b, 0x6f, 0x79,
    0x82, 0x73, 0x78, 0x8c, 0x81, 0x60, 0x6c, 0x99, 0x7a, 0x6f,
    0x88, 0x84, 0x81, 0x63, 0x6a, 0x9d, 0x6f, 0x76, 0x98, 0x7a,
    0x5d, 0x99, 0x65, 0x6f, 0xb4, 0x92, 0x6d, 0x5e, 0x7a, 0x6c,
    0xb5, 0x90, 0x5f, 0x55, 0x80, 0xa5, 0x85, 0x6b, 0x79, 0x84,
    0x6c, 0x97, 0x8a, 0x62, 0x76, 0x96, 0x85, 0x83, 0x8b, 0x8e,
    0x8c, 0x66, 0x6d, 0xa5, 0x99, 0x9b, 0x88, 0x5c, 0x73, 0x91,
    0x8d, 0x92, 0x85, 0x66, 0x6c, 0xa9, 0x9d, 0x87, 0x78, 0x6a,
    0x83, 0x71, 0xa4, 0x88, 0x66, 0x50, 0x82, 0xa5, 0x84, 0x77,
    0x75, 0x8b, 0x57, 0x8b, 0x97, 0x78, 0x63, 0x6c, 0x87, 0x8d,
    0x77, 0x66, 0xa7, 0xa3, 0x7b, 0x52, 0x8b, 0x89, 0x64, 0x9d,
    0x72, 0x77, 0x79, 0x67, 0x81, 0x96, 0x86, 0x59, 0x8b, 0x94,
    0x69, 0x5b, 0x8e, 0x9e, 0x56, 0x7f, 0x82, 0x76, 0x7b, 0x88,
    0x9f, 0x5f, 0x68, 0x9e, 0x9e, 0x61, 0x63, 0x8d, 0x99, 0x7b,
    0x82, 0x96, 0x73, 0x81, 0x6e, 0x7f, 0x9d, 0x96, 0x5e, 0x4a,
    0x9f, 0x94, 0x8b, 0x69, 0x6c, 0x89, 0x5f, 0xa9, 0x78, 0x79,
    0x9b, 0x53, 0x61, 0xa0, 0x8f, 0x59, 0x7c, 0x9e, 0xa3, 0x5b,
    0x67, 0xa3, 0x6e, 0x72, 0xb1, 0x80, 0x5a, 0x72, 0xa2, 0x81,
    0x72, 0xa2, 0x8b, 0x6d, 0x69, 0xa1, 0x94, 0x63, 0x82, 0xa6,
    0x84, 0x7c, 0x79, 0x58, 0x6b, 0x9b, 0x8e, 0x75, 0x71, 0x93,
    0x99, 0x5c, 0x77, 0x99, 0x8b, 0x7b, 0x52, 0x67, 0xa4, 0x8b,
    0x86, 0x55, 0x5c, 0x9d, 0x7d, 0x68, 0x95, 0x93, 0x76, 0x74,
    0x69, 0x8d, 0x7b, 0x7e, 0x89, 0x75, 0x7a, 0x87, 0x91, 0x8a,
    0x7c, 0x7c, 0x9a, 0x7a, 0x74, 0x72, 0x73, 0x9e, 0x86, 0x73,
    0x78, 0x6c, 0x75, 0x7b, 0x91, 0xa1, 0x77, 0x5a, 0x87, 0x99,
    0x89, 0x7e, 0x73, 0xa1, 0x89, 0x68, 0x78, 0x89, 0x92, 0x7b,
    0x68, 0x80, 0x88, 0x5c, 0x94, 0xac, 0x76, 0x5c, 0x75, 0xa8,
    0x91, 0x70, 0x47, 0x94, 0xbc, 0x71, 0x52, 0x73, 0xb8, 0x7d,
    0x63, 0x56, 0x7f, 0xab, 0x7f, 0x62, 0x70, 0x93, 0x7b, 0x9c,
    0x7f, 0x5d, 0x79, 0xa1, 0x8b, 0x72, 0x6e, 0x6e, 0xb2, 0x75,
    0x66, 0x91, 0x8c, 0x7b, 0x5f, 0x8f, 0xb3, 0x8b, 0x5b, 0x5b,
    0xad, 0xae, 0x64, 0x69, 0x88, 0xb8, 0x8b, 0x65, 0x70, 0x98,
    0x9e, 0x58, 0x5c, 0x82, 0x91, 0x77, 0x5a, 0x67, 0x95, 0x99,
    0x7a, 0x6d, 0x8d, 0xa4, 0x90, 0x82, 0x4e, 0x7a, 0xb8, 0x7d,
    0x51, 0x51, 0x9a, 0x97, 0x85, 0x6d, 0x46, 0xa8, 0xb1, 0x60,
    0x4b, 0x88, 0xb4, 0x7a, 0x5f, 0x7e, 0x84, 0x8c, 0x81, 0x76,
    0x6b, 0x94, 0xa6, 0x5b, 0x66, 0x9e, 0x77, 0x63, 0x96, 0x87,
    0x57, 0x70, 0xb4, 0x72, 0x5a, 0xab, 0x77, 0x8e, 0x6b, 0x76,
    0x9c, 0x8d, 0x8b, 0x53, 0x87, 0xa8, 0x7e, 0x75, 0x79, 0x6d,
    0x9d, 0x80, 0x75, 0x66, 0x9e, 0x74, 0x5a, 0xa0, 0x8f, 0x7b,
    0x53, 0x52, 0x8d, 0xa5, 0x84, 0x6e, 0x4b, 0xb6, 0xaa, 0x7f,
    0x5d, 0x6e, 0x8d, 0x94, 0xa1, 0x60, 0x51, 0x8c, 0xb6, 0x5a,
    0x6a, 0x80, 0xa6, 0x91, 0x5a, 0x9d, 0x81, 0x91, 0xa8, 0x57,
    0x4e, 0xa8, 0xad, 0x59, 0x54, 0x7f, 0xa3, 0x79, 0x64, 0xaf,
    0x7d, 0x5f, 0xb1, 0x7d, 0x3f, 0x92, 0xaa, 0x66, 0x53, 0x8e,
    0xa6, 0x7e, 0x49, 0xa6, 0x88, 0x67, 0xba, 0x6f, 0x5c, 0x8a,
    0xa1, 0x73, 0x8b, 0x80, 0x63, 0x7c, 0x91, 0xb3, 0x6f, 0x68,
    0xab, 0x8f, 0x64, 0x78, 0x90, 0x8c, 0x46, 0x81, 0x9f, 0x52,
    0x52, 0x83, 0x8b, 0x73, 0x89, 0x58, 0x75, 0xae, 0x66, 0x87,
    0x94, 0x78, 0x9f, 0x86, 0x7b, 0x99, 0x98, 0x6c, 0x9a, 0x9e,
    0x40, 0x8e, 0xb5, 0x76, 0x59, 0x62, 0x9e, 0x85, 0x75, 0x6c,
    0x7c, 0x9b, 0x5c, 0x9b, 0x6f, 0x73, 0x93, 0x79, 0x91, 0x69,
    0x62, 0x5e, 0x89, 0xa6, 0x7b, 0x67, 0x73, 0x71, 0x99, 0x97,
    0x6d, 0x7b, 0x90, 0x5e, 0x9c, 0x90, 0x52, 0x7e, 0x92, 0x95,
    0x6e, 0x91, 0x6b, 0x4c, 0xa1, 0xaa, 0x8d, 0x70, 0x4b, 0x90,
    0xb1, 0x5c, 0x89, 0xb0, 0x7f, 0x55, 0x5c, 0xb2, 0xa4, 0x76,
    0x52, 0x76, 0xac, 0x85, 0x49, 0x89, 0x8e, 0x7a, 0x88, 0x58,
    0x8e, 0x8c, 0x8f, 0x73, 0x75, 0x85, 0x85, 0xa5, 0x78, 0x52,
    0x90, 0xbe, 0x67, 0x43, 0x80, 0x9e, 0x7f, 0x7b, 0x7d, 0x66,
    0x6c, 0x80, 0x74, 0x8f, 0x98, 0x79, 0x56, 0x86, 0x9f, 0x5f,
    0x87, 0x80, 0x74, 0x89, 0x69, 0x70, 0x82, 0x88, 0x89, 0x6f,
    0x57, 0x84, 0x7c, 0x87, 0x8a, 0x3f, 0x7d, 0xac, 0x65, 0x49,
    0x73, 0x9a, 0x8d, 0x69, 0x6c, 0x7d, 0x72, 0x85, 0x6f, 0x62,
    0x97, 0x87, 0x70, 0x71, 0x80, 0xa4, 0x7f, 0x6b, 0x96, 0xa0,
    0x8c, 0x71, 0x92, 0xb0, 0x8d, 0x74, 0x7e, 0x98, 0x9b, 0x99,
    0x7d, 0x70, 0x8a, 0x9c, 0x93, 0x71, 0x71, 0x9f, 0x9a, 0x89,
    0x79, 0x61, 0x90, 0x9e, 0x8e, 0x75, 0x65, 0x88, 0xa0, 0x6d,
    0x60, 0x8a, 0x95, 0x77, 0x73, 0x70, 0x68, 0x8b, 0x8b, 0x6c,
    0x55, 0x87, 0x97, 0x5c, 0x53, 0x90, 0x98, 0x66, 0x53, 0x82,
    0x95, 0x76, 0x79, 0x76, 0x85, 0x8c, 0x84, 0x73, 0x84, 0x84,
    0x83, 0x93, 0x87, 0x59, 0x85, 0xab, 0x86, 0x6b, 0x5b, 0x96,
    0x94, 0x5a, 0x6e, 0x99, 0x79, 0x54, 0x75, 0x9a, 0x5f, 0x52,
    0xa0, 0x96, 0x6d, 0x62, 0x76, 0x99, 0x86, 0x85, 0x91, 0x7e,
    0x83, 0x71, 0x93, 0xaf, 0x72, 0x75, 0x96, 0x9e, 0x6e, 0x65,
    0x85, 0x91, 0x8d, 0x75, 0x7c, 0x6e, 0x69, 0x7e, 0x98, 0x82,
    0x74, 0x69, 0x62, 0x9e, 0x78, 0x6e, 0x9d, 0x79, 0x7a, 0x85,
    0x8d, 0x73, 0x83, 0x9b, 0x77, 0x8f, 0x9e, 0x7a, 0x5d, 0x97,
    0xaf, 0x6a, 0x79, 0x98, 0x6a, 0x7a, 0xa6, 0x8a, 0x5f, 0x6f,
    0x81, 0x98, 0x9d, 0x68, 0x58, 0x9d, 0xa4, 0x6a, 0x4b, 0x74,
    0xac, 0x79, 0x6f, 0x85, 0x7c, 0x64, 0x89, 0x85, 0x81, 0x8d,
    0x52, 0x81, 0xa1, 0x6f, 0x8f, 0x75, 0x73, 0xa4, 0x8a, 0x5a,
    0x7e, 0xb4, 0x8a, 0x71, 0x69, 0x9b, 0xaa, 0x83, 0x70, 0x77,
    0x8b, 0x9d, 0x81, 0x6c, 0x7f, 0x78, 0x6e, 0x9a, 0x97, 0x5c,
    0x61, 0x78, 0x99, 0x93, 0x64, 0x47, 0x85, 0x96, 0x68, 0x50,
    0x72, 0x94, 0x6f, 0x49, 0x80, 0x98, 0x43, 0x61, 0x90, 0x6e,
    0x73, 0x85, 0x5d, 0x75, 0x8d, 0x92, 0x7a, 0x62, 0x8b, 0x87,
    0x8a, 0x7c, 0x9b, 0x7c, 0x59, 0xb6, 0xa0, 0x5e, 0x6c, 0xa6,
    0xa3, 0x74, 0x69, 0x9d, 0xb4, 0x7c, 0x6f, 0x70, 0xa6, 0xab,
    0x7c, 0x79, 0x77, 0xaa, 0xa0, 0x6c, 0x56, 0x83, 0xb4, 0x81,
    0x4d, 0x76, 0xb4, 0x8b, 0x6b, 0x86, 0x8d, 0x96, 0x73, 0x87,
    0x85, 0x7a, 0xb0, 0x8d, 0x5b, 0x85, 0xba, 0x97, 0x4a, 0x6a,
    0xba, 0x85, 0x72, 0x68, 0x81, 0x8b, 0x8c, 0x6e, 0x53, 0x81,
    0x8e, 0x9a, 0x4d, 0x5d, 0x85, 0x9e, 0x86, 0x3b, 0x69, 0xb7,
    0x93, 0x6f, 0x4a, 0x83, 0xc1, 0x75, 0x61, 0x67, 0xb6, 0x95,
    0x7d, 0x79, 0x73, 0x83, 0x93, 0xa9, 0x6a, 0x60, 0x94, 0xad,
    0x6c, 0x5a, 0x9b, 0xa2, 0x50, 0x7e, 0x8b, 0x83, 0x84, 0x72,
    0xa0, 0x6b, 0x67, 0x57, 0x7d, 0xa0, 0x77, 0x55, 0x6e, 0x75,
    0x6f, 0xab, 0x73, 0x39, 0x71, 0x96, 0x6a, 0x63, 0x61, 0x6a,
    0x91, 0x8e, 0x57, 0x60, 0xa2, 0x95, 0x6b, 0x60, 0x6b, 0x92,
    0xad, 0x96, 0x57, 0x76, 0xbd, 0x99, 0x84, 0x7a, 0xa2, 0x84,
    0x7d, 0xa9, 0x6a, 0x92, 0xa0, 0x99, 0x8a, 0x62, 0x77, 0xb6,
    0x8e, 0x5f, 0x76, 0x9c, 0x8e, 0x6c, 0x99, 0x70, 0x6b, 0x8e,
    0x95, 0x87, 0x5d, 0x56, 0x89, 0xa5, 0x8c, 0x69, 0x48, 0x94,
    0xa8, 0x5b, 0x71, 0x8d, 0x83, 0x6a, 0x9a, 0x96, 0x62, 0x7c,
    0x8b, 0x9f, 0x7b, 0x85, 0x60, 0x81, 0x9e, 0x9b, 0x87, 0x39,
    0xa0, 0xb9, 0x89, 0x4e, 0x5f, 0xa6, 0xab, 0x72, 0x4e, 0x7c,
    0xae, 0x7f, 0x57, 0x8c, 0xa1, 0x66, 0x5d, 0x9e, 0x88, 0x6f,
    0x43, 0x90, 0xbb, 0x5a, 0x49, 0x8c, 0x8e, 0x82, 0x83, 0x5e,
    0x77, 0x6f, 0x7c, 0x5f, 0x82, 0x7c, 0x5a, 0x5e, 0x72, 0xa4,
    0x67, 0x65, 0x64, 0x71, 0x93, 0x6d, 0x87, 0x6d, 0x44, 0xb4,
    0x95, 0x4d, 0x67, 0xaa, 0xad, 0x6a, 0x6d, 0x99, 0x8d, 0x68,
    0x74, 0x74, 0x9e, 0x9a, 0x5f, 0x5d, 0xab, 0x95, 0x65, 0x63,
    0x82, 0xb4, 0x6a, 0x54, 0x99, 0xb6, 0x7d, 0x69, 0x84, 0xa8,
    0x88, 0x9b, 0xb5, 0x69, 0x78, 0x8f, 0xa4, 0xb6, 0x93, 0x72,
    0x93, 0xb1, 0xad, 0x6f, 0x7b, 0x9b, 0x9d, 0x97, 0x66, 0x86,
    0x9e, 0x78, 0x51, 0x6d, 0x8c, 0x8c, 0x8b, 0x61, 0x4a, 0x96,
    0x9d, 0x4f, 0x44, 0x9d, 0x90, 0x64, 0x46, 0x56, 0x9d, 0x87,
    0x75, 0x41, 0x82, 0xac, 0x8a, 0x69, 0x45, 0x6f, 0x94, 0x90,
    0x5e, 0x55, 0x97, 0xa5, 0x5f, 0x67, 0xa2, 0x7b, 0x79, 0x9c,
    0x57, 0x8c, 0x8d, 0x75, 0x70, 0x78, 0x9a, 0x88, 0x7d, 0x46,
    0x7f, 0xb7, 0x76, 0x50, 0x73, 0x9a, 0x61, 0x55, 0xa7, 0x96,
    0x5a, 0x54, 0x8f, 0xa6, 0x82, 0x61, 0x67, 0x8c, 0x8e, 0x81,
    0x8d, 0x9a, 0x75, 0x5e, 0x9d, 0x99, 0x5b, 0x8c, 0xac, 0x62,
    0x51, 0x9f, 0xb3, 0x6c, 0x6f, 0x85, 0x6d, 0x7c, 0x9a, 0x9a,
    0x5e, 0x64, 0x86, 0x82, 0x99, 0x7c, 0x78, 0x8b, 0x6d, 0x94,
    0x89, 0x87, 0x94, 0x4e, 0x63, 0xb3, 0x9f, 0x55, 0x60, 0xb1,
    0xad, 0x68, 0x67, 0x9d, 0x94, 0x6c, 0xa9, 0x7f, 0x70, 0xac,
    0x78, 0x8e, 0x7f, 0x62, 0xb3, 0xb4, 0x64, 0x5b, 0x9a, 0xa6,
    0x97, 0x68, 0x63, 0x94, 0xa8, 0x78, 0x5c, 0x8a, 0x79, 0x6d,
    0x9e, 0x8f, 0x51, 0x5e, 0x8a, 0x98, 0x72, 0x5a, 0x6a, 0x96,
    0x87, 0x4e, 0x54, 0x91, 0x93, 0x6a, 0x6e, 0x6e, 0x66, 0x6f,
    0x7f, 0x6c, 0xa4, 0x59, 0x41, 0x96, 0xa7, 0x75, 0x53, 0x7a,
    0x8f, 0x8c, 0x5c, 0x81, 0x6d, 0x8f, 0xa0, 0x66, 0x47, 0x8f,
    0xa0, 0x7a, 0x83, 0x58, 0x86, 0xa2, 0x82, 0x64, 0x96, 0x51,
    0x7d, 0xa4, 0x68, 0x65, 0x74, 0x7f, 0x6b, 0x97, 0x6a, 0x8a,
    0x68, 0x84, 0xbb, 0x67, 0x4d, 0xa4, 0xb6, 0x77, 0x82, 0x58,
    0x90, 0xba, 0x8e, 0x8a, 0x94, 0x8a, 0x89, 0xa4, 0x8c, 0xa4,
    0x9f, 0x6f, 0x94, 0xa1, 0x9e, 0xb5, 0x80, 0x5c, 0xbe, 0xad,
    0x5d, 0x6f, 0xb0, 0x8b, 0x6f, 0x95, 0x65, 0x5f, 0x97, 0x9d,
    0x78, 0x5c, 0x5e, 0xa3, 0x8b, 0x67, 0x80, 0x68, 0x66, 0x74,
    0x61, 0x89, 0x99, 0x42, 0x52, 0xa9, 0x7e, 0x67, 0x84, 0x7a,
    0x5e, 0x68, 0x89, 0x80, 0x5b, 0x81, 0x97, 0x5d, 0x85, 0x6a,
    0x7d, 0x69, 0x80, 0xac, 0x73, 0x53, 0x54, 0x9f, 0x90, 0x78,
    0x68, 0x53, 0x7a, 0x8b, 0x6b, 0x97, 0x7e, 0x4e, 0x8c, 0x86,
    0x63, 0x81, 0x8f, 0x92, 0x62, 0x6f, 0x90, 0xa4, 0x7f, 0x43,
    0xac, 0xb7, 0x65, 0x4d, 0x89, 0xb5, 0x90, 0x6a, 0x80, 0x86,
    0x8b, 0xb8, 0x81, 0x6a, 0x70, 0x86, 0xbf, 0x95, 0x6b, 0x60,
    0x95, 0xb4, 0x8c, 0x7b, 0x7f, 0xa4, 0x7c, 0x55, 0xa5, 0xb4,
    0x81, 0x63, 0x6c, 0xa8, 0x9d, 0x51, 0x73, 0x92, 0x7e, 0x9f,
    0x88, 0x4f, 0x6d, 0xa5, 0x99, 0x7b, 0x59, 0x60, 0x9e, 0x85,
    0x5f, 0x6d, 0xac, 0x8d, 0x63, 0x5e, 0x6f, 0xa5, 0x95, 0x7e,
    0x4b, 0x5d, 0xb3, 0x96, 0x65, 0x69, 0x67, 0x81, 0x8c, 0x5f,
    0x68, 0x80, 0x82, 0x78, 0x6c, 0x5e, 0x89, 0x9d, 0x63, 0x54,
    0x78, 0xb5, 0x96, 0x5f, 0x68, 0x7a, 0xa1, 0x99, 0x7e, 0x6b,
    0x8b, 0x99, 0x76, 0x71, 0x81, 0xb2, 0x9d, 0x71, 0x70, 0x91,
    0x8c, 0x81, 0x8d, 0x77, 0x8f, 0x96, 0x65, 0x66, 0x7e, 0x83,
    0x96, 0x88, 0x4d, 0x6e, 0x9c, 0x73, 0x71, 0x7c, 0x73, 0x89,
    0x87, 0x5e, 0x7a, 0x8c, 0x73, 0x94, 0x94, 0x6d, 0x71, 0x7b,
    0xa1, 0xab, 0x81, 0x5e, 0x79, 0xa9, 0x81, 0x87, 0x80, 0x69,
    0x95, 0x75, 0x68, 0x9c, 0x94, 0x74, 0x65, 0x95, 0x7e, 0x62,
    0x74, 0x92, 0x96, 0x6b, 0x69, 0x6c, 0x98, 0x92, 0x66, 0x65,
    0x94, 0x9b, 0x6b, 0x76, 0x70, 0x87, 0x9e, 0x9e, 0x7f, 0x5c,
    0x9a, 0x8d, 0x62, 0x93, 0xb6, 0x9a, 0x53, 0x89, 0xc3, 0x8a,
    0x70, 0x88, 0x8d, 0x95, 0xa4, 0x77, 0x56, 0x89, 0xa4, 0x72,
    0x71, 0x95, 0x76, 0x66, 0x75, 0x8a, 0x8e, 0x8e, 0x6f, 0x4d,
    0x9d, 0x97, 0x52, 0x58, 0x9a, 0x81, 0x5c, 0x6b, 0x6e, 0x6d,
    0x75, 0xa4, 0x69, 0x43, 0x68, 0xa1, 0x8c, 0x73, 0x63, 0x8a,
    0x72, 0x6e, 0x91, 0x66, 0x7a, 0x72, 0x82, 0x6c, 0x8d, 0x71,
    0x63, 0xa9, 0x6e, 0x50, 0x88, 0x92, 0x53, 0x7c, 0xa3, 0x74,
    0x4e, 0x6f, 0xb0, 0x88, 0x5c, 0x62, 0x9b, 0x94, 0x7c, 0x6d,
    0x77, 0x9c, 0x82, 0x85, 0x61, 0x92, 0xa7, 0x83, 0x72, 0xa0,
    0xa0, 0x7f, 0x9a, 0x8d, 0x8a, 0x8d, 0x7b, 0x85, 0xb6, 0x94,
    0x72, 0x76, 0x7c, 0x99, 0x95, 0x75, 0x6f, 0x77, 0x80, 0x93,
    0x97, 0x84, 0x7c, 0x6a, 0x9a, 0xa6, 0x62, 0x61, 0x7b, 0x95,
    0x87, 0x86, 0x7e, 0x6f, 0x74, 0x9e, 0xa3, 0x74, 0x57, 0x7d,
    0xa7, 0x7f, 0x7a, 0x7c, 0x87, 0x9d, 0x96, 0x62, 0x4b, 0x84,
    0xa8, 0x7e, 0x5c, 0x8b, 0x85, 0x54, 0x74, 0x82, 0x7d, 0x77,
    0x63, 0x72, 0x69, 0x58, 0x7a, 0x7e, 0x63, 0x84, 0x69, 0x6b,
    0x6a, 0x65, 0x77, 0x5c, 0x95, 0x89, 0x50, 0x7a, 0xb1, 0x74,
    0x47, 0x8c, 0xb9, 0x6f, 0x38, 0x8c, 0xb1, 0x7a, 0x67, 0x7e,
    0x87, 0x81, 0x70, 0x9f, 0xa0, 0x63, 0x61, 0x94, 0x9d, 0x7d,
    0x76, 0x5e, 0x8b, 0xa5, 0x92, 0x68, 0x61, 0xad, 0x99, 0x62,
    0x86, 0x90, 0x70, 0x96, 0x98, 0x8d, 0x6f, 0x6d, 0xab, 0xac,
    0x71, 0x78, 0x98, 0x8e, 0x8d, 0x7f, 0x90, 0x99, 0x91, 0x72,
    0x85, 0xa2, 0x95, 0x9c, 0x69, 0x68, 0xa7, 0x9e, 0x6d, 0x62,
    0x71, 0x91, 0xa5, 0x7f, 0x58, 0x6f, 0xab, 0x8b, 0x7a, 0x65,
    0x65, 0x93, 0x98, 0x76, 0x5c, 0x74, 0x77, 0x9c, 0x69, 0x62,
    0x95, 0x91, 0x61, 0x4a, 0x8a, 0x8c, 0x84, 0x6b, 0x5c, 0x73,
    0x73, 0x6c, 0x8c, 0x72, 0x68, 0x90, 0x80, 0x6d, 0x5e, 0x61,
    0xad, 0x9b, 0x5e, 0x50, 0x8d, 0xb4, 0x73, 0x79, 0x86, 0x8b,
    0x9a, 0x83, 0x6d, 0x9d, 0x8d, 0x96, 0x87, 0x79, 0x82, 0x84,
    0xaf, 0x9f, 0x84, 0x6a, 0x76, 0x88, 0x9a, 0x8a, 0x69, 0x6d,
    0x8c, 0x8c, 0x62, 0x51, 0x99, 0x7f, 0x62, 0x61, 0x6d, 0x91,
    0x63, 0x5c, 0x5b, 0x72, 0x87, 0x76, 0x53, 0x67, 0x71, 0x8e,
    0x68, 0x62, 0x7d, 0x74, 0x8e, 0x74, 0x7a, 0x5c, 0x84, 0x94,
    0x80, 0x8b, 0x5f, 0x6d, 0x9e, 0x7a, 0x81, 0x8b, 0x7f, 0x8a,
    0x6b, 0x7d, 0x89, 0x99, 0x90, 0x70, 0x73, 0xa7, 0xa3, 0x6b,
    0x6e, 0xa1, 0xb5, 0x96, 0x67, 0x65, 0xb7, 0xae, 0x78, 0x65,
    0x8f, 0xab, 0x8d, 0x8e, 0x78, 0x90, 0xae, 0x90, 0x91, 0x76,
    0x6f, 0xba, 0xb1, 0x95, 0x6b, 0x59, 0xa0, 0xaf, 0x8c, 0x68,
    0x73, 0x88, 0x93, 0x7a, 0x3e, 0x7d, 0xa4, 0x7e, 0x6d, 0x4d,
    0x69, 0xa0, 0x86, 0x53, 0x48, 0x88, 0x9a, 0x6c, 0x65, 0x5c,
    0x73, 0x8e, 0x80, 0x65, 0x64, 0x63, 0x84, 0x99, 0x5a, 0x4f,
    0x84, 0xa4, 0x75, 0x43, 0x65, 0x99, 0x8f, 0x69, 0x66, 0x67,
    0x96, 0x8d, 0x5c, 0x7b, 0x87, 0x89, 0xa2, 0x71, 0x63, 0x83,
    0x91, 0x7e, 0x62, 0xa8, 0x92, 0x57, 0x6c, 0x8f, 0x8a, 0x88,
    0x82, 0x72, 0xa6, 0x78, 0x64, 0xa5, 0xa4, 0x8f, 0x72, 0x92,
    0xaf, 0x79, 0x6b, 0x86, 0xac, 0xaa, 0x78, 0x5b, 0x87, 0xa2,
    0x84, 0x8a, 0x82, 0x6a, 0x92, 0xa4, 0x8e, 0x6d, 0x84, 0x9e,
    0x8c, 0x95, 0x76, 0x68, 0x80, 0x92, 0x80, 0x8c, 0x8e, 0x65,
    0x70, 0x7b, 0x79, 0x89, 0x7a, 0x81, 0x81, 0x54, 0x62, 0x97,
    0x90, 0x5c, 0x65, 0x9c, 0xa4, 0x62, 0x53, 0x99, 0x95, 0x64,
    0x54, 0x85, 0xa2, 0x78, 0x56, 0x63, 0x9a, 0x90, 0x59, 0x57,
    0x94, 0x94, 0x64, 0x62, 0x8a, 0xa0, 0x86, 0x6b, 0x59, 0x8c,
    0x91, 0x7f, 0x8c, 0x6b, 0x6a, 0xa3, 0x87, 0x4f, 0x7e, 0xad,
    0x77, 0x4b, 0x75, 0xa3, 0x8a, 0x7d, 0x6d, 0x75, 0xb9, 0x97,
    0x66, 0x73, 0x97, 0xa1, 0x91, 0x6b, 0x68, 0xa2, 0x9f, 0x67,
    0x60, 0xa9, 0xaa, 0x61, 0x4c, 0x93, 0xa0, 0x6d, 0x78, 0x8a,
    0x58, 0x65, 0x9d, 0x70, 0x75, 0x92, 0x66, 0x55, 0x9b, 0x90,
    0x5c, 0x80, 0x82, 0x6c, 0x81, 0x80, 0x86, 0x83, 0x63, 0x73,
    0x80, 0x93, 0x73, 0x72, 0x8f, 0x8f, 0x8a, 0x8b, 0x99, 0x7d,
    0x6b, 0x85, 0xa4, 0x91, 0x86, 0x7c, 0x84, 0x89, 0x9b, 0x9c,
    0x73, 0x82, 0xa3, 0x91, 0x7c, 0x84, 0x69, 0x80, 0x9d, 0x8a,
    0x66, 0x69, 0x80, 0x9d, 0x8b, 0x68, 0x8e, 0x7b, 0x8b, 0x86,
    0x6f, 0x72, 0x7f, 0x9e, 0x72, 0x5b, 0x8b, 0xa6, 0x87, 0x5e,
    0x88, 0xa2, 0x71, 0x64, 0x81, 0xab, 0x8e, 0x64, 0x5d, 0x7d,
    0x9e, 0x8c, 0x7a, 0x6b, 0x8a, 0xa6, 0x80, 0x67, 0x87, 0x94,
    0x85, 0x7d, 0x5b, 0x7b, 0x95, 0x86, 0x76, 0x7f, 0x9f, 0x81,
    0x7d, 0x81, 0x74, 0x74, 0x84, 0x88, 0x53, 0x5e, 0x9e, 0x6e,
    0x67, 0x6f, 0x82, 0x83, 0x5e, 0x7f, 0x75, 0x82, 0x73, 0x74,
    0x6e, 0x59, 0x8a, 0x7b, 0x74, 0x75, 0x59, 0x72, 0x7f, 0x5a,
    0x78, 0x88, 0x6f, 0x55, 0x6c, 0x9b, 0x72, 0x59, 0x7b, 0x95,
    0x76, 0x61, 0x88, 0x8f, 0x71, 0x85, 0x76, 0x6e, 0x96, 0x7b,
    0x73, 0x70, 0x93, 0xa3, 0x7c, 0x6d, 0x6e, 0x8e, 0x87, 0x93,
    0x8e, 0x77, 0x8f, 0x8d, 0x98, 0xa7, 0x6b, 0x6c, 0xb8, 0xb0,
    0x75, 0x68, 0x91, 0x9e, 0x8b, 0x74, 0x81, 0x8a, 0x7e, 0x86,
    0x83, 0x76, 0x80, 0xb2, 0x83, 0x7c, 0x8a, 0x79, 0x8d, 0x8d,
    0x9e, 0x99, 0x94, 0x7f, 0x89, 0xa6, 0x95, 0x78, 0x85, 0xa0,
    0x76, 0x64, 0x88, 0x9e, 0x78, 0x5c, 0x78, 0x8c, 0x8d, 0x70,
    0x6e, 0x87, 0x7c, 0x57, 0x84, 0x91, 0x6c, 0x80, 0x8d, 0x7c,
    0x61, 0x82, 0x7b, 0x5e, 0x8c, 0x8d, 0x6a, 0x69, 0x7f, 0x6e,
    0x67, 0x73, 0x62, 0x7c, 0x8b, 0x80, 0x81, 0x9c, 0x75, 0x55,
    0x86, 0x96, 0x7c, 0x7a, 0xa3, 0x89, 0x7f, 0x92, 0x98, 0x8e,
    0x83, 0x6f, 0x86, 0x9d, 0x78, 0x61, 0x8b, 0x9e, 0x64, 0x51,
    0x6a, 0x92, 0x79, 0x83, 0x75, 0x6f, 0x84, 0x5b, 0x5e, 0x7f,
    0x87, 0x4b, 0x46, 0x7d, 0x7f, 0x54, 0x4e, 0x67, 0x87, 0x77,
    0x40, 0x58, 0x8f, 0x8d, 0x6d, 0x44, 0x67, 0x92, 0x75, 0x67,
    0x85, 0x90, 0x8a, 0x86, 0x8b, 0x9c, 0x80, 0x78, 0x77, 0x83,
    0xa3, 0x9d, 0x7d, 0x59, 0x86, 0xa9, 0x9f, 0xaf, 0x95, 0x72,
    0x93, 0xaf, 0xb0, 0x9c, 0x74, 0x8c, 0xce, 0xa9, 0x7a, 0x67,
    0xa3, 0xca, 0x9f, 0x92, 0x6b, 0x82, 0xbe, 0x9d, 0x66, 0x80,
    0xa1, 0x98, 0x86, 0x87, 0x82, 0x7c, 0x9f, 0x91, 0x86, 0x91,
    0x99, 0x80, 0x53, 0x79, 0x95, 0x7d, 0x88, 0x72, 0x57, 0x8c,
    0x71, 0x55, 0x85, 0x59, 0x67, 0x9e, 0x6b, 0x3d, 0x53, 0x85,
    0x8f, 0x62, 0x5d, 0x6c, 0x51, 0x68, 0x79, 0x6d, 0x76, 0x6d,
    0x5f, 0x59, 0x67, 0x82, 0x80, 0x5e, 0x61, 0x65, 0x75, 0x8d,
    0x93, 0x6f, 0x52, 0x7c, 0x7f, 0x7f, 0x82, 0x66, 0x81, 0x7d,
    0x73, 0x7c, 0x83, 0x8d, 0x7b, 0x7f, 0x73, 0x84, 0x94, 0x88,
    0x81, 0x7b, 0x75, 0x76, 0x90, 0xb0, 0xa4, 0x93, 0x7b, 0x7b,
    0xa7, 0xa8, 0xa8, 0xa1, 0x79, 0x7a, 0x90, 0x81, 0xa6, 0xb3,
    0x8b, 0x87, 0x7b, 0xaa, 0xb6, 0x77, 0x6d, 0x9a, 0xa9, 0x9b,
    0x74, 0x6e, 0x9f, 0x7e, 0x74, 0xaa, 0x88, 0x81, 0x93, 0x94,
    0x94, 0x6d, 0x56, 0x81, 0x9d, 0x82, 0x77, 0x87, 0x5b, 0x52,
    0x8f, 0x80, 0x85, 0x77, 0x53, 0x80, 0x82, 0x56, 0x82, 0x74,
    0x6a, 0xa9, 0x6f, 0x68, 0x84, 0x55, 0x84, 0xac, 0x8e, 0x7a,
    0x5a, 0x60, 0x8c, 0x78, 0x77, 0x63, 0x57, 0x9a, 0x91, 0x64,
    0x4e, 0x58, 0x75, 0x8a, 0x72, 0x54, 0x6d, 0x8e, 0x65, 0x5b,
    0x88, 0x7e, 0x8c, 0x7d, 0x5e, 0x82, 0x90, 0x79, 0x65, 0x62,
    0x9c, 0x98, 0x53, 0x69, 0x81, 0x6b, 0x8d, 0x7d, 0x63, 0x7b,
    0x6b, 0x71, 0x7e, 0x7d, 0x87, 0x67, 0x8d, 0xa7, 0x72, 0x60,
    0x7d, 0xa1, 0x9c, 0x84, 0x71, 0x70, 0x91, 0xa7, 0x87, 0x60,
    0x81, 0x94, 0x9f, 0x93, 0x67, 0x85, 0xab, 0xa2, 0x7c, 0x90,
    0xac, 0x77, 0x7a, 0xb0, 0xb3, 0x9f, 0x8d, 0x87, 0x97, 0xbd,
    0xb5, 0x91, 0x7c, 0x89, 0xa2, 0x99, 0xab, 0x8f, 0x7a, 0x93,
    0xa3, 0x9a, 0x8a, 0x7c, 0x81, 0x9b, 0x9f, 0x94, 0x6d, 0x5f,
    0x97, 0xa2, 0x82, 0x69, 0x48, 0x82, 0x98, 0x78, 0x61, 0x5f,
    0x6c, 0x66, 0x8a, 0x84, 0x67, 0x5f, 0x50, 0x5e, 0x7e, 0x67,
    0x5d, 0x6d, 0x7e, 0x79, 0x68, 0x5c, 0x6d, 0x74, 0x70, 0x8d,
    0x6f, 0x54, 0x62, 0x73, 0x78, 0x78, 0x63, 0x77, 0x7b, 0x67,
    0x6c, 0x75, 0x8a, 0x7d, 0x53, 0x5e, 0x91, 0x7f, 0x6d, 0x65,
    0x69, 0x72, 0x7d, 0x80, 0x70, 0x77, 0x7f, 0x75, 0x86, 0x85,
    0x50, 0x67, 0x9c, 0x8c, 0x7b, 0x77, 0x64, 0x70, 0xa2, 0x9a,
    0x7d, 0x6c, 0x7a, 0x88, 0x8f, 0x91, 0x6b, 0x6a, 0x9d, 0xae,
    0x81, 0x71, 0x94, 0xa3, 0x90, 0x70, 0x74, 0xa8, 0xa8, 0x91,
    0x82, 0x9b, 0x9e, 0x8b, 0x7e, 0x83, 0xaa, 0x9c, 0x91, 0x93,
    0x7b, 0x6e, 0xa7, 0xb1, 0x77, 0x83, 0xa8, 0x78, 0x71, 0xa1,
    0x95, 0x89, 0x92, 0xa5, 0x8b, 0x75, 0x90, 0x91, 0x7b, 0x90,
    0x86, 0x73, 0x87, 0x90, 0x84, 0x78, 0x72, 0x73, 0x89, 0x6e,
    0x5b, 0x80, 0x97, 0x77, 0x5e, 0x62, 0x7c, 0x83, 0x7c, 0x73,
    0x5e, 0x7a, 0x7f, 0x76, 0x6d, 0x51, 0x69, 0x93, 0x86, 0x7c,
    0x70, 0x5e, 0x5a, 0x8f, 0x94, 0x58, 0x4b, 0x7e, 0x96, 0x67,
    0x72, 0x71, 0x66, 0x6d, 0x81, 0x76, 0x7c, 0x79, 0x72, 0x8c,
    0x5c, 0x5b, 0x8b, 0x91, 0x6e, 0x58, 0x67, 0x84, 0x87, 0x83,
    0x61, 0x57, 0x8b, 0x83, 0x7e, 0x8d, 0x5f, 0x4e, 0x79, 0x9d,
    0x82, 0x66, 0x65, 0x61, 0x89, 0x92, 0x78, 0x7b, 0x85, 0x77,
    0x84, 0xb2, 0x96, 0x69, 0x71, 0xab, 0xa4, 0x70, 0x79, 0xb0,
    0xaf, 0x70, 0x7d, 0x8d, 0xb1, 0xa1, 0x69, 0x77, 0xa8, 0xb8,
    0x96, 0x76, 0x74, 0x91, 0x99, 0xab, 0x91, 0x76, 0x79, 0x91,
    0x97, 0x85, 0x98, 0x7f, 0x61, 0x88, 0xa4, 0x7c, 0x85, 0x8e,
    0x61, 0x72, 0xa4, 0x97, 0x79, 0x5f, 0x82, 0x8d, 0x71, 0x96,
    0x8e, 0x88, 0x8b, 0x7e, 0x8e, 0x9a, 0x89, 0x77, 0x62, 0x82,
    0xaa, 0x7e, 0x60, 0x7b, 0x80, 0x89, 0x87, 0x61, 0x85, 0x98,
    0x88, 0x78, 0x61, 0x85, 0x8a, 0x6b, 0x85, 0x7c, 0x66, 0x70,
    0x6b, 0x63, 0x7a, 0x95, 0x80, 0x6d, 0x57, 0x73, 0x8f, 0x82,
    0x6f, 0x5c, 0x74, 0x7c, 0x8c, 0x81, 0x4e, 0x78, 0xaa, 0x7a,
    0x83, 0x9d, 0x67, 0x63, 0x92, 0xa3, 0x7f, 0x66, 0x6a, 0x98,
    0x9c, 0x7b, 0x5d, 0x57, 0x98, 0x9b, 0x6c, 0x86, 0xa8, 0x88,
    0x4c, 0x64, 0xa0, 0x7f, 0x6e, 0x8d, 0x89, 0x5f, 0x61, 0x62,
    0x88, 0x93, 0x6a, 0x60, 0x63, 0x7a, 0x5c, 0x6f, 0x90, 0x6e,
    0x4f, 0x7e, 0x99, 0x6a, 0x55, 0x74, 0x81, 0x68, 0x82, 0x8e,
    0x89, 0x7b, 0x78, 0x7d, 0x96, 0x94, 0x72, 0x75, 0x95, 0xa5,
    0x80, 0x7f, 0xa9, 0x85, 0x74, 0x9f, 0xa8, 0xa3, 0x95, 0x85,
    0x77, 0xa0, 0xa3, 0x98, 0xab, 0x9f, 0x7c, 0x73, 0xae, 0xa1,
    0x8a, 0x97, 0x96, 0x8a, 0x7d, 0x75, 0x97, 0x9e, 0x7d, 0x7d,
    0x76, 0x71, 0x7d, 0x7f, 0x73, 0x8a, 0x81, 0x75, 0x75, 0x70,
    0x76, 0x7c, 0x83, 0x5f, 0x50, 0x77, 0x86, 0x6f, 0x87, 0x76,
    0x6b, 0x70, 0x60, 0x6e, 0x7c, 0x91, 0x73, 0x59, 0x7f, 0x7a,
    0x65, 0x8f, 0x83, 0x74, 0x87, 0x7f, 0x6c, 0x7e, 0x7a, 0x76,
    0x8b, 0x96, 0x97, 0x74, 0x53, 0x6c, 0x9d, 0x89, 0x74, 0x69,
    0x91, 0x8a, 0x7e, 0x7e, 0x5f, 0x78, 0x85, 0x75, 0x6e, 0x73,
    0x5f, 0x7e, 0x7d, 0x63, 0x69, 0x81, 0x83, 0x77, 0x86, 0x81,
    0x59, 0x6d, 0x90, 0x86, 0x97, 0x96, 0x7b, 0x6c, 0x6d, 0x77,
    0x8a, 0x9b, 0xa2, 0x87, 0x69, 0x60, 0x96, 0xab, 0x84, 0x70,
    0x71, 0x81, 0x92, 0x9a, 0x8f, 0x82, 0x8e, 0x80, 0x71, 0x9e,
    0xa3, 0x84, 0x84, 0x83, 0x73, 0x8c, 0x8b, 0x68, 0x73, 0x9e,
    0x9f, 0x79, 0x52, 0x72, 0xa0, 0x8a, 0x79, 0x6f, 0x8e, 0x86,
    0x68, 0x63, 0x93, 0x95, 0x73, 0x76, 0x80, 0x9a, 0x70, 0x8d,
    0xaa, 0x76, 0x68, 0x9f, 0xa0, 0x6e, 0x7c, 0x95, 0x8a, 0x7e,
    0x95, 0x73, 0x66, 0xa3, 0x9e, 0x95, 0x92, 0x62, 0x5c, 0x92,
    0xb1, 0x91, 0x65, 0x6d, 0x9b, 0x8a, 0x7f, 0x7d, 0x78, 0xa9,
    0x98, 0x63, 0x64, 0x96, 0x73, 0x75, 0xa6, 0x8a, 0x5f, 0x5e,
    0x8e, 0x94, 0x83, 0x62, 0x6a, 0x72, 0x7f, 0x99, 0x87, 0x7d,
    0x71, 0x63, 0x62, 0x86, 0x98, 0x88, 0x75, 0x55, 0x4e, 0x7f,
    0x95, 0x79, 0x65, 0x69, 0x73, 0x6f, 0x80, 0x73, 0x48, 0x62,
    0x84, 0x6a, 0x6a, 0x65, 0x57, 0x66, 0x7e, 0x63, 0x58, 0x84,
    0x66, 0x61, 0x85, 0x5b, 0x63, 0x7f, 0x74, 0x65, 0x89, 0x96,
    0x66, 0x6d, 0x92, 0xa1, 0x91, 0x7f, 0x72, 0x7e, 0x89, 0x9f,
    0x99, 0x77, 0x92, 0x9a, 0x86, 0x8b, 0xa5, 0x9a, 0x7b, 0x90,
    0x8b, 0x94, 0xc0, 0x9d, 0x7c, 0x9b, 0xc2, 0x9f, 0x7c, 0xad,
    0xb4, 0x9b, 0xae, 0x91, 0x99, 0xb6, 0x82, 0x6e, 0xa2, 0xad,
    0x6b, 0x65, 0x9c, 0xa8, 0x8d, 0x67, 0x51, 0x98, 0xa1, 0x71,
    0x83, 0x68, 0x65, 0x9a, 0x87, 0x5e, 0x7d, 0x96, 0x78, 0x74,
    0x61, 0x52, 0x8c, 0x8c, 0x39, 0x48, 0x8a, 0x78, 0x56, 0x6b,
    0x56, 0x50, 0x63, 0x72, 0x82, 0x62, 0x61, 0x54, 0x6b, 0x93,
    0x6e, 0x67, 0x78, 0x74, 0x77, 0x79, 0x4e, 0x7d, 0x9f, 0x61,
    0x7e, 0x87, 0x66, 0x6b, 0x86, 0x73, 0x68, 0x94, 0x91, 0x84,
    0x6a, 0x6f, 0x98, 0xa4, 0x86, 0x62, 0x90, 0x87, 0x7a, 0xab,
    0x9f, 0x73, 0x87, 0x89, 0x9b, 0x80, 0x84, 0xb2, 0x71, 0x70,
    0x8c, 0xaa, 0xa6, 0x8d, 0x6d, 0x8c, 0xa3, 0x59, 0x82, 0xb8,
    0xa2, 0x8b, 0x7b, 0x80, 0x71, 0x87, 0x8b, 0x84, 0x9c, 0x86,
    0x54, 0x62, 0x9b, 0x97, 0x89, 0x57, 0x58, 0x98, 0x9a, 0x92,
    0x74, 0x45, 0x7b, 0xa9, 0x7c, 0x68, 0x53, 0x8b, 0x93, 0x64,
    0x69, 0x87, 0x7e, 0x78, 0x7e, 0x69, 0x92, 0x68, 0x4a, 0x92,
    0xa3, 0x76, 0x66, 0x6c, 0x84, 0x92, 0x9d, 0x98, 0x6f, 0x95,
    0x7d, 0x70, 0xb3, 0xa9, 0x7c, 0x5c, 0x7b, 0xa8, 0x8d, 0x85,
    0x7f, 0x63, 0x88, 0x9a, 0x8f, 0x95, 0x6d, 0x6d, 0x82, 0x9d,
    0x90, 0x71, 0x8b, 0x96, 0x8b, 0x71, 0x86, 0x95, 0x72, 0x75,
    0x9e, 0x8e, 0x5c, 0x5f, 0x7a, 0x8c, 0x7e, 0x6a, 0x58, 0x7a,
    0x73, 0x52, 0x8d, 0x7f, 0x4d, 0x63, 0x9d, 0x90, 0x67, 0x76,
    0x7a, 0x7f, 0x8a, 0x70, 0x89, 0x82, 0x5e, 0x80, 0x7e, 0x78,
    0x6b, 0x71, 0x99, 0x84, 0x5a, 0x5b, 0x8f, 0xa6, 0x7b, 0x53,
    0x81, 0xa8, 0x7a, 0x86, 0x87, 0x71, 0x80, 0x84, 0x9f, 0x9d,
    0x69, 0x76, 0xaf, 0x84, 0x5c, 0x87, 0xa6, 0x99, 0x79, 0x78,
    0x7f, 0x7f, 0x7f, 0x88, 0x91, 0x7a, 0x6d, 0x86, 0x94, 0x7f,
    0x63, 0x97, 0xb6, 0x85, 0x6c, 0x6a, 0x84, 0x8f, 0x90, 0x87,
    0x7f, 0x8f, 0x81, 0x92, 0xaa, 0x98, 0x77, 0x78, 0xa2, 0x91,
    0x51, 0x79, 0xac, 0x8a, 0x66, 0x66, 0x65, 0x84, 0x97, 0x8a,
    0x74, 0x6a, 0x7d, 0x84, 0x8d, 0x71, 0x5f, 0x70, 0x87, 0x87,
    0x4f, 0x5c, 0x9f, 0x8e, 0x75, 0x64, 0x50, 0x77, 0x98, 0x7a,
    0x52, 0x75, 0x55, 0x51, 0x91, 0x8e, 0x69, 0x55, 0x85, 0x75,
    0x51, 0x83, 0x96, 0x72, 0x69, 0x78, 0x71, 0x74, 0x7e, 0x79,
    0x6e, 0x6c, 0xab, 0x99, 0x67, 0x6d, 0x8b, 0xac, 0x7b, 0x77,
    0x89, 0x75, 0x94, 0x83, 0x7f, 0x74, 0x5b, 0x99, 0x9c, 0x6e,
    0x74, 0x94, 0x64, 0x6d, 0xb5, 0xa0, 0x77, 0x64, 0x79, 0x9c,
    0xa5, 0x9a, 0x80, 0x70, 0x81, 0xa1, 0xa5, 0x7c, 0x8a, 0xa0,
    0x7b, 0x69, 0x7c, 0x7c, 0x85, 0x9a, 0x92, 0x79, 0x5a, 0x70,
    0x8e, 0x9b, 0x97, 0x7c, 0x77, 0x87, 0x76, 0x8c, 0x9a, 0x80,
    0x8d, 0x80, 0x64, 0x6a, 0xa1, 0x95, 0x69, 0x5a, 0x66, 0x8b,
    0x88, 0x6a, 0x7f, 0x8d, 0x60, 0x50, 0x81, 0x8e, 0x85, 0x8f,
    0x65, 0x6e, 0x7e, 0x85, 0x8c, 0x81, 0x8f, 0x7a, 0x77, 0x7a,
    0x6c, 0xa4, 0x9b, 0x54, 0x55, 0x99, 0x9a, 0x82, 0x80, 0x63,
    0x78, 0x99, 0x88, 0x8c, 0x8d, 0x71, 0x7b, 0x9d, 0xaf, 0x94,
    0x65, 0x85, 0xb6, 0x97, 0x65, 0x71, 0xa4, 0x8d, 0x79, 0x83,
    0x78, 0x91, 0x96, 0x69, 0x6e, 0xa6, 0x89, 0x60, 0x7a, 0x8d,
    0x8e, 0x9f, 0x80, 0x51, 0x72, 0x9d, 0x9d, 0x88, 0x65, 0x4e,
    0x7d, 0x9c, 0x89, 0x77, 0x56, 0x5f, 0x8b, 0x97, 0x75, 0x50,
    0x62, 0x85, 0x84, 0x7b, 0x8e, 0x72, 0x5e, 0x69, 0x74, 0x82,
    0x83, 0x6f, 0x53, 0x60, 0x8d, 0x94, 0x71, 0x6b, 0x59, 0x56,
    0x8e, 0x88, 0x64, 0x63, 0x5c, 0x65, 0x8a, 0x7c, 0x62, 0x6b,
    0x69, 0x70, 0x7a, 0x69, 0x6f, 0x7d, 0x7c, 0x82, 0x62, 0x82,
    0xa5, 0x86, 0x76, 0x68, 0x82, 0x87, 0x95, 0xa6, 0x87, 0x83,
    0x98, 0x8a, 0x7f, 0x89, 0x86, 0xb4, 0xc4, 0x95, 0x71, 0x91,
    0xc8, 0xc4, 0x9e, 0x7f, 0x8e, 0xb2, 0xba, 0xb2, 0x91, 0x95,
    0xb3, 0xb3, 0x90, 0x73, 0x9b, 0xac, 0x95, 0x83, 0x83, 0xad,
    0x8f, 0x71, 0x89, 0x81, 0x84, 0x85, 0x86, 0x71, 0x78, 0x91,
    0x89, 0x68, 0x6a, 0x71, 0x63, 0x6c, 0x74, 0x6b, 0x63, 0x74,
    0x6c, 0x55, 0x55, 0x5a, 0x82, 0x78, 0x5f, 0x5a, 0x48, 0x74,
    0x91, 0x6c, 0x50, 0x43, 0x60, 0x75, 0x68, 0x7b, 0x8a, 0x67,
    0x3b, 0x72, 0xa7, 0x6c, 0x4e, 0x68, 0x6b, 0x6a, 0x85, 0x63,
    0x68, 0x7a, 0x80, 0x63, 0x5a, 0x80, 0x93, 0x7c, 0x60, 0x80,
    0x63, 0x7c, 0xa8, 0x70, 0x64, 0x89, 0x7a, 0x75, 0x7e, 0x92,
    0xa1, 0x8f, 0x7e, 0x6e, 0x8f, 0xa7, 0x90, 0x92, 0x8d, 0x7a,
    0x94, 0xa7, 0x86, 0x92, 0xa4, 0x9d, 0x9b, 0x81, 0x78, 0xad,
    0xb0, 0x7c, 0x76, 0x8b, 0xb0, 0x9a, 0x77, 0x63, 0x97, 0xb2,
    0x82, 0x78, 0x78, 0x86, 0xa0, 0x94, 0x6a, 0x7f, 0x86, 0x7b,
    0x7c, 0x75, 0x89, 0x94, 0x71, 0x68, 0x65, 0x69, 0xa1, 0x99,
    0x62, 0x52, 0x6d, 0x94, 0x9c, 0x91, 0x69, 0x59, 0x8d, 0x96,
    0x83, 0x79, 0x69, 0xa4, 0xa3, 0x76, 0x53, 0x76, 0xb6, 0x85,
    0x57, 0x73, 0xac, 0x82, 0x70, 0x7a, 0x86, 0xa4, 0x6d, 0x60,
    0x90, 0xa2, 0x96, 0x6e, 0x76, 0xa3, 0x7a, 0x8b, 0x99, 0x71,
    0x78, 0x78, 0x92, 0xa6, 0x90, 0x65, 0x62, 0x88, 0x98, 0x90,
    0x6d, 0x55, 0x94, 0x99, 0x64, 0x59, 0x6d, 0xa7, 0x9f, 0x6d,
    0x4e, 0x7c, 0x8e, 0x76, 0x92, 0x74, 0x6f, 0x7c, 0x68, 0x82,
    0x85, 0x6a, 0x5a, 0x71, 0xa2, 0x80, 0x45, 0x5b, 0x82, 0x7d,
    0x82, 0x75, 0x7e, 0x8c, 0x68, 0x62, 0x73, 0x8b, 0x97, 0x7e,
    0x66, 0x7d, 0x88, 0x73, 0x6f, 0x77, 0x89, 0x6a, 0x69, 0x67,
    0x7c, 0x9e, 0x7d, 0x70, 0x5f, 0x7a, 0xa1, 0x87, 0x55, 0x6c,
    0xa3, 0x80, 0x6f, 0x94, 0x84, 0x65, 0x73, 0x9e, 0xa2, 0x73,
    0x5d, 0x7a, 0x98, 0x7d, 0x81, 0x9a, 0xa3, 0x88, 0x6a, 0x83,
    0x90, 0x9e, 0xa5, 0x92, 0x7a, 0x7f, 0x84, 0x9b, 0x9d, 0x7d,
    0x95, 0x94, 0x75, 0x83, 0x9b, 0x74, 0x77, 0x97, 0x88, 0x82,
    0x68, 0x83, 0x7f, 0x75, 0x8e, 0x6c, 0x8d, 0x82, 0x65, 0x8e,
    0x81, 0x6f, 0x78, 0x89, 0x7f, 0x56, 0x4a, 0x86, 0x98, 0x6c,
    0x75, 0x78, 0x50, 0x68, 0x99, 0x7f, 0x7d, 0x6a, 0x4a, 0x87,
    0xa1, 0x99, 0x7f, 0x60, 0x75, 0x90, 0xa9, 0x96, 0x88, 0x8b,
    0x61, 0x60, 0x9a, 0xad, 0x89, 0x71, 0x4f, 0x7a, 0xa5, 0x78,
    0x89, 0x94, 0x61, 0x86, 0x8c, 0x83, 0x8a, 0x64, 0x7c, 0x9e,
    0x8d, 0x78, 0x72, 0x73, 0x99, 0x8f, 0x5b, 0x65, 0x9e, 0x85,
    0x60, 0x66, 0x7f, 0x6f, 0x54, 0xa2, 0x9d, 0x71, 0x5d, 0x5f,
    0x93, 0xa6, 0x95, 0x86, 0x6e, 0x78, 0x99, 0x8c, 0x93, 0x97,
    0x61, 0x72, 0xbe, 0x9e, 0x6d, 0x6c, 0x81, 0x8d, 0x8a, 0x89,
    0x70, 0x75, 0x8d, 0x75, 0x81, 0x84, 0x7a, 0x80, 0x7e, 0x92,
    0x85, 0x55, 0x53, 0x9a, 0x9a, 0x6c, 0x4f, 0x65, 0x82, 0x76,
    0x7e, 0x89, 0x75, 0x68, 0x73, 0x65, 0x8d, 0x98, 0x61, 0x54,
    0x83, 0x91, 0x76, 0x87, 0x9b, 0x89, 0x72, 0x7c, 0x9e, 0xac,
    0x7f, 0x6b, 0x8b, 0xa0, 0x84, 0x89, 0xad, 0x9d, 0x78, 0x6b,
    0x80, 0xaf, 0xa4, 0x6b, 0x64, 0x95, 0xa8, 0x6c, 0x6c, 0x9f,
    0x88, 0x64, 0x81, 0x83, 0x78, 0x8b, 0x8b, 0x87, 0x85, 0x7b,
    0x61, 0x79, 0xa0, 0x9b, 0x64, 0x59, 0x8c, 0xa4, 0x7b, 0x64,
    0x69, 0x70, 0x7e, 0x87, 0x96, 0x81, 0x63, 0x6b, 0x94, 0x91,
    0x82, 0x63, 0x80, 0xad, 0x73, 0x47, 0x7a, 0xa3, 0x86, 0x65,
    0x76, 0x9f, 0x89, 0x71, 0x64, 0x5f, 0x7d, 0x89, 0x6e, 0x7b,
    0x8f, 0x7e, 0x52, 0x5d, 0x8b, 0x7c, 0x82, 0x8e, 0x87, 0x5f,
    0x5b, 0x8f, 0x94, 0x76, 0x66, 0x78, 0x7b, 0x63, 0x7c, 0x8a,
    0x87, 0x76, 0x60, 0x80, 0xa1, 0x8f, 0x58, 0x56, 0x8f, 0xb3,
    0x88, 0x75, 0x82, 0x7d, 0x7e, 0x93, 0xac, 0xa5, 0x9f, 0x8a,
    0x6c, 0x7c, 0x9a, 0xa4, 0x9f, 0x84, 0x8f, 0x7c, 0x77, 0x8e,
    0x9b, 0xa7, 0x8f, 0x77, 0x72, 0x8d, 0xa0, 0x95, 0x7d, 0x6c,
    0x8c, 0xa3, 0x83, 0x7a, 0x76, 0x73, 0x7a, 0x85, 0x73, 0x6a,
    0x7c, 0x5a, 0x47, 0x78, 0x84, 0x6c, 0x6b, 0x52, 0x4e, 0x7f,
    0x81, 0x6b, 0x59, 0x5d, 0x85, 0x70, 0x67, 0x6d, 0x6b, 0x8c,
    0x77, 0x51, 0x78, 0xae, 0x97, 0x6c, 0x68, 0x6e, 0x78, 0x90,
    0x90, 0x9b, 0x8e, 0x5c, 0x6a, 0xaf, 0xa6, 0x7f, 0x7f, 0x79,
    0x8f, 0xa0, 0x9a, 0x9f, 0x95, 0x68, 0x72, 0xb7, 0xa0, 0x89,
    0x8d, 0x9f, 0xb6, 0x8f, 0x82, 0x7d, 0x7f, 0x95, 0x8b, 0x73,
    0x8a, 0x98, 0x7f, 0x56, 0x81, 0x6e, 0x62, 0xa2, 0x86, 0x5f,
    0x67, 0x7a, 0x74, 0x81, 0x6e, 0x67, 0x77, 0x72, 0x7e, 0x79,
    0x72, 0x6a, 0x5e, 0x59, 0x6e, 0x71, 0x66, 0x5f, 0x67, 0x7d,
    0x4c, 0x4e, 0x80, 0x88, 0x77, 0x51, 0x75, 0x7f, 0x70, 0x88,
    0x71, 0x81, 0x8b, 0x6e, 0x8e, 0x71, 0x60, 0x79, 0x99, 0xa4,
    0x8b, 0x87, 0x61, 0x79, 0xa6, 0x8f, 0x86, 0x99, 0xbb, 0x99,
    0x81, 0x85, 0x85, 0xa6, 0xb5, 0xa0, 0x89, 0x6d, 0x91, 0xc0,
    0xa0, 0x9f, 0x84, 0x69, 0x9c, 0xb5, 0x90, 0x77, 0x9b, 0xbd,
    0x93, 0x79, 0x70, 0x8a, 0xad, 0x9e, 0x96, 0x75, 0x7b, 0x87,
    0x76, 0x8d, 0x69, 0x65, 0x7c, 0x99, 0x8e, 0x58, 0x61, 0x77,
    0x7d, 0x86, 0x71, 0x4c, 0x70, 0x7e, 0x7b, 0x5d, 0x7a, 0x8f,
    0x48, 0x4b, 0x8c, 0x8b, 0x5e, 0x6f, 0x88, 0x68, 0x45, 0x73,
    0x7b, 0x80, 0x7f, 0x64, 0x52, 0x76, 0xa6, 0x8f, 0x66, 0x49,
    0x83, 0xad, 0x77, 0x69, 0x86, 0x70, 0x8b, 0x89, 0x77, 0x87,
    0x5b, 0x7e, 0xad, 0x8a, 0x6e, 0x66, 0x91, 0x7e, 0x62, 0x8e,
    0x7e, 0x8d, 0x8b, 0x5b, 0x69, 0x8d, 0xa5, 0x93, 0x7c, 0x83,
    0x71, 0x76, 0x8b, 0x91, 0x9c, 0x84, 0x57, 0x8e, 0xb3, 0x78,
    0x5d, 0x90, 0xb0, 0x85, 0x71, 0x7a, 0x9c, 0x7e, 0x6d, 0x9a,
    0x96, 0x82, 0x70, 0x77, 0x9f, 0xa1, 0x85, 0x86, 0x88, 0x82,
    0x6f, 0x71, 0xaa, 0xa8, 0x7e, 0x6b, 0x6a, 0x9b, 0x9b, 0x8d,
    0x7e, 0x85, 0x90, 0x62, 0x73, 0x9a, 0x95, 0x7c, 0x67, 0x79,
    0x8b, 0x8e, 0x8d, 0x82, 0x80, 0x7a, 0x69, 0x85, 0x9f, 0x84,
    0x62, 0x4e, 0x8f, 0x9a, 0x78, 0x70, 0x4c, 0x56, 0x68, 0x7d,
    0x89, 0x7b, 0x66, 0x44, 0x70, 0x99, 0x6b, 0x5e, 0x5b, 0x74,
    0x78, 0x5d, 0x6a, 0x89, 0x6f, 0x61, 0x69, 0x60, 0x83, 0x7d,
    0x79, 0x83, 0x6b, 0x51, 0x69, 0xa4, 0x95, 0x7a, 0x5c, 0x5c,
    0x9f, 0xa1, 0x8b, 0x7a, 0x5c, 0x6c, 0x92, 0x9c, 0x97, 0x89,
    0x69, 0x5e, 0x93, 0xa0, 0x8c, 0x79, 0x7a, 0x98, 0x91, 0x92,
    0x8b, 0x68, 0x75, 0x8b, 0x95, 0xad, 0x97, 0x87, 0x7d, 0x7b,
    0x76, 0x86, 0xa6, 0x9a, 0x95, 0x80, 0x5e, 0x80, 0xb7, 0x88,
    0x84, 0x87, 0x7d, 0x68, 0x88, 0xaf, 0x7c, 0x6a, 0x72, 0x9c,
    0x86, 0x71, 0x7a, 0x78, 0x83, 0x7b, 0x91, 0x98, 0x71, 0x6c,
    0x7a, 0x7d, 0x96, 0x97, 0x7b, 0x6a, 0x6f, 0x76, 0x9c, 0x9f,
    0x8f, 0x87, 0x68, 0x7a, 0x96, 0x9d, 0x7a, 0x8b, 0xa8, 0x76,
    0x69, 0x9d, 0xaa, 0x7a, 0x7d, 0x84, 0x87, 0x85, 0x77, 0x85,
    0x88, 0x7c, 0x70, 0x6f, 0x8c, 0x87, 0x6f, 0x85, 0x7f, 0x7e,
    0x8b, 0x5b, 0x64, 0x87, 0x81, 0x97, 0x74, 0x82, 0x85, 0x4d,
    0x81, 0xb2, 0x88, 0x52, 0x78, 0xa3, 0x73, 0x6b, 0x86, 0x90,
    0x79, 0x84, 0x8e, 0x80, 0x81, 0x56, 0x6d, 0xa1, 0x91, 0x59,
    0x4c, 0x8f, 0x88, 0x60, 0x7a, 0x6d, 0x6a, 0x6f, 0x53, 0x73,
    0x85, 0x5e, 0x58, 0x58, 0x75, 0x82, 0x56, 0x64, 0x73, 0x50,
    0x58, 0x8c, 0x9a, 0x60, 0x41, 0x69, 0x8f, 0x77, 0x7b, 0x84,
    0x83, 0x7f, 0x54, 0x88, 0xab, 0x87, 0x72, 0x81, 0x9f, 0x92,
    0x82, 0x77, 0x70, 0x9f, 0xb2, 0x98, 0x80, 0x69, 0x8c, 0x9a,
    0x90, 0x9b, 0x93, 0x75, 0x75, 0x88, 0x8f, 0x9a, 0x96, 0x83,
    0x66, 0x78, 0xb4, 0x9d, 0x78, 0x8c, 0x9b, 0x8d, 0x69, 0x74,
    0x99, 0x9a, 0x92, 0x99, 0x90, 0x70, 0x8a, 0x95, 0x7f, 0x8b,
    0x85, 0x83, 0x9f, 0x79, 0x6a, 0x98, 0x94, 0x90, 0x7c, 0x74,
    0x8e, 0xa2, 0x95, 0x70, 0x82, 0x99, 0x76, 0x71, 0x8e, 0x8a,
    0x69, 0x6f, 0x8c, 0x84, 0x60, 0x72, 0x86, 0x70, 0x81, 0x79,
    0x65, 0x6c, 0x80, 0x99, 0x87, 0x6a, 0x73, 0x74, 0x8c, 0x9a,
    0x7e, 0x82, 0x89, 0x6b, 0x57, 0x82, 0xa6, 0x89, 0x68, 0x68,
    0x7d, 0x99, 0x8f, 0x78, 0x80, 0x7c, 0x75, 0x81, 0x80, 0x7f,
    0x8a, 0x82, 0x6c, 0x55, 0x87, 0x94, 0x4f, 0x51, 0x98, 0x8b,
    0x64, 0x6a, 0x6e, 0x78, 0x59, 0x6b, 0x82, 0x78, 0x81, 0x68,
    0x63, 0x7b, 0x87, 0x7f, 0x65, 0x63, 0x86, 0x87, 0x77, 0x93,
    0x89, 0x66, 0x5d, 0x7b, 0xac, 0x8f, 0x6b, 0x7a, 0xa2, 0x88,
    0x6f, 0x94, 0x94, 0x6a, 0x7d, 0x94, 0x7a, 0x97, 0x8f, 0x6e,
    0x77, 0x7e, 0x95, 0x85, 0x6d, 0x97, 0x81, 0x84, 0x7a, 0x54,
    0x84, 0x94, 0x74, 0x7e, 0x76, 0x72, 0x80, 0x6e, 0x7e, 0x73,
    0x90, 0x90, 0x5e, 0x64, 0x8c, 0xa4, 0x76, 0x5d, 0x71, 0x97,
    0x90, 0x83, 0x7d, 0x84, 0x7f, 0x5c, 0x84, 0xa5, 0x83, 0x6f,
    0x7d, 0x82, 0x92, 0xa0, 0xa3, 0x82, 0x70, 0x9c, 0x9c, 0x8d,
    0xa7, 0x92, 0x72, 0x76, 0x93, 0x9a, 0x8b, 0x9e, 0x89, 0x6a,
    0x83, 0xb1, 0xa9, 0x8e, 0x76, 0x68, 0x9a, 0xa9, 0x9e, 0x93,
    0x7a, 0x82, 0x97, 0xa2, 0x83, 0x63, 0x97, 0xa5, 0x64, 0x5e,
    0x9c, 0xa0, 0x63, 0x5c, 0x88, 0xa5, 0x89, 0x79, 0x70, 0x85,
    0x8d, 0x58, 0x5e, 0x8b, 0x95, 0x74, 0x49, 0x58, 0x99, 0x7b,
    0x50, 0x55, 0x5e, 0x88, 0x78, 0x4e, 0x48, 0x6c, 0x89, 0x71,
    0x4d, 0x58, 0x6b, 0x7a, 0x7f, 0x60, 0x65, 0x6b, 0x77, 0x6e,
    0x5d, 0x7b, 0x7d, 0x72, 0x91, 0x96, 0x91, 0x6c, 0x51, 0x92,
    0x9a, 0x9b, 0x90, 0x70, 0x7e, 0x9b, 0x86, 0x72, 0x91, 0x98,
    0x9a, 0x87, 0x78, 0x8b, 0xa2, 0x83, 0x80, 0x7d, 0x8f, 0x83,
    0x81, 0xab, 0x87, 0x70, 0x6e, 0x95, 0x94, 0x7c, 0x84, 0x6f,
    0x80, 0x7a, 0x79, 0x8f, 0x66, 0x70, 0x86, 0x79, 0x7e, 0x76,
    0x7a, 0x76, 0x7a, 0x8d, 0x7c, 0x71, 0x77, 0x6f, 0x7c, 0x87,
    0x6f, 0x64, 0x7a, 0x8e, 0x83, 0x75, 0x68, 0x7f, 0xa1, 0x88,
    0x84, 0x6e, 0x71, 0x91, 0x95, 0xa3, 0x89, 0x6f, 0x6c, 0x93,
    0xae, 0x8f, 0x85, 0x95, 0x9e, 0x92, 0x7b, 0x84, 0x91, 0x91,
    0x9b, 0x95, 0x85, 0x89, 0x94, 0xa0, 0x9a, 0x77, 0x88, 0x9c,
    0x85, 0x88, 0x83, 0x6e, 0x73, 0xa4, 0x98, 0x5f, 0x55, 0x82,
    0xa3, 0x93, 0x7a, 0x60, 0x66, 0x83, 0x81, 0x76, 0x5e, 0x5e,
    0x8d, 0x89, 0x75, 0x68, 0x5d, 0x7d, 0x86, 0x6d, 0x64, 0x5e,
    0x62, 0x7a, 0x84, 0x6a, 0x5a, 0x67, 0x70, 0x76, 0x8a, 0x7c,
    0x69, 0x65, 0x7d, 0x97, 0x60, 0x59, 0x8a, 0x92, 0x81, 0x6e,
    0x61, 0x7d, 0x98, 0x87, 0x70, 0x65, 0x6f, 0x95, 0x93, 0x7e,
    0x7c, 0x6b, 0x73, 0x92, 0x94, 0x88, 0x79, 0x6e, 0x76, 0x89,
    0x87, 0x7f, 0x6d, 0x61, 0x7c, 0x9c, 0x7b, 0x62, 0x6c, 0x7c,
    0x91, 0x83, 0x70, 0x78, 0x68, 0x6f, 0x8d, 0x8a, 0x8e, 0x88,
    0x7c, 0x62, 0x75, 0x9f, 0x96, 0x92, 0x91, 0x7a, 0x8a, 0x96,
    0x8e, 0x83, 0x7f, 0xa4, 0x9e, 0x81, 0x90, 0xa5, 0x94, 0x8e,
    0x91, 0x94, 0x85, 0x8a, 0x98, 0x92, 0x83, 0x87, 0x96, 0x90,
    0x94, 0x81, 0x5e, 0x89, 0xa9, 0x90, 0x89, 0x6d, 0x6f, 0x91,
    0x96, 0x92, 0x87, 0x7d, 0x59, 0x6a, 0xad, 0x95, 0x76, 0x75,
    0x85, 0x86, 0x6c, 0x70, 0x8d, 0x98, 0x85, 0x7f, 0x76, 0x7a,
    0x80, 0x8e, 0x89, 0x64, 0x64, 0x8f, 0x90, 0x79, 0x82, 0x77,
    0x6b, 0x8f, 0x98, 0x77, 0x5d, 0x5f, 0x92, 0x7e, 0x59, 0x85,
    0x91, 0x64, 0x40, 0x63, 0x91, 0x7f, 0x72, 0x61, 0x45, 0x59,
    0x7f, 0x7b, 0x6d, 0x6b, 0x59, 0x5e, 0x66, 0x70, 0x72, 0x6e,
    0x62, 0x5f, 0x67, 0x74, 0x68, 0x66, 0x78, 0x78, 0x5c, 0x68,
    0x84, 0x7a, 0x7f, 0x86, 0x74, 0x60, 0x71, 0x8e, 0x91, 0x73,
    0x69, 0x82, 0x9e, 0x8d, 0x8a, 0x89, 0x78, 0x8b, 0x91, 0x96,
    0x95, 0x90, 0x99, 0xa4, 0x9d, 0x94, 0xa1, 0x9e, 0x8d, 0x88,
    0x86, 0x91, 0xa2, 0xa4, 0x96, 0x7f, 0x6e, 0x8e, 0xaa, 0x94,
    0x96, 0x80, 0x70, 0x93, 0x98, 0x8e, 0x91, 0x7b, 0x81, 0x9c,
    0x84, 0x7f, 0x78, 0x7a, 0x99, 0x89, 0x76, 0x92, 0x8f, 0x6a,
    0x7c, 0x8e, 0x7a, 0x80, 0x82, 0x70, 0x8b, 0x87, 0x68, 0x81,
    0x98, 0x8a, 0x6c, 0x81, 0x8d, 0x88, 0x8e, 0x80, 0x77, 0x71,
    0x71, 0x90, 0x92, 0x90, 0x85, 0x67, 0x75, 0xa5, 0xa2, 0x79,
    0x54, 0x71, 0xa8, 0x90, 0x82, 0x94, 0x85, 0x67, 0x7c, 0x9c,
    0x7e, 0x80, 0x89, 0x69, 0x75, 0x8e, 0x80, 0x84, 0x7d, 0x6c,
    0x68, 0x7a, 0x93, 0x82, 0x74, 0x77, 0x6f, 0x72, 0x6f, 0x5c,
    0x4e, 0x6b, 0x81, 0x69, 0x5c, 0x69, 0x72, 0x6f, 0x59, 0x6b,
    0x70, 0x5d, 0x67, 0x65, 0x5e, 0x6a, 0x74, 0x62, 0x5c, 0x65,
    0x6f, 0x67, 0x5e, 0x65, 0x64, 0x68, 0x5e, 0x64, 0x78, 0x67,
    0x62, 0x8b, 0x8c, 0x7b, 0x6c, 0x7a, 0xa8, 0x96, 0x76, 0x7c,
    0x94, 0xa6, 0x86, 0x7f, 0x87, 0x92, 0x8f, 0x8a, 0x9f, 0xa1,
    0xa0, 0x88, 0x90, 0x9f, 0xa4, 0x9c, 0x81, 0xa5, 0xb3, 0xa1,
    0xa1, 0x9d, 0x90, 0x86, 0x96, 0xa9, 0xac, 0x95, 0x7a, 0x79,
    0xaa, 0xa0, 0x75, 0x7f, 0xa0, 0x93, 0x74, 0x81, 0x74, 0x86,
    0x9a, 0x8b, 0x86, 0x71, 0x69, 0x7f, 0x94, 0x91, 0x7f, 0x61,
    0x67, 0xa2, 0x9e, 0x81, 0x78, 0x67, 0x6d, 0x85, 0x98, 0x90,
    0x73, 0x67, 0x77, 0x7d, 0x98, 0x94, 0x6a, 0x58, 0x6f, 0x96,
    0x8f, 0x7c, 0x70, 0x6c, 0x67, 0x70, 0x88, 0x7d, 0x7b, 0x7e,
    0x71, 0x77, 0x75, 0x79, 0x8f, 0x81, 0x7e, 0x86, 0x64, 0x51,
    0x79, 0xa1, 0x8d, 0x7b, 0x63, 0x5d, 0x99, 0xa4, 0x6a, 0x4d,
    0x6d, 0xa0, 0x93, 0x81, 0x7a, 0x52, 0x6e, 0x9f, 0x97, 0x83,
    0x7b, 0x6b, 0x74, 0x77, 0x8a, 0x8e, 0x75, 0x7b, 0x7a, 0x6a,
    0x75, 0x6c, 0x60, 0x75, 0x7b, 0x8b, 0x92, 0x70, 0x4a, 0x6c,
    0xa0, 0x7b, 0x6e, 0x73, 0x71, 0x81, 0x7e, 0x5f, 0x53, 0x83,
    0x9f, 0x8a, 0x6e, 0x6e, 0x6d, 0x74, 0x88, 0x83, 0x86, 0x89,
    0x81, 0x74, 0x6e, 0x8a, 0x84, 0x6f, 0x99, 0xa9, 0x8d, 0x7d,
    0x82, 0x84, 0x8c, 0x78, 0x84, 0xa1, 0x83, 0x70, 0x72, 0x7f,
    0x86, 0x84, 0x82, 0x7c, 0x74, 0x7f, 0x72, 0x5d, 0x7e, 0x8d,
    0x79, 0x6f, 0x6a, 0x6b, 0x80, 0x90, 0x85, 0x87, 0x7a, 0x72,
    0x91, 0x8d, 0x82, 0x79, 0x72, 0x8e, 0x87, 0x7a, 0x85, 0x7e,
    0x84, 0x96, 0x80, 0x76, 0x9d, 0x9f, 0x92, 0x8c, 0x60, 0x83,
    0xb1, 0x9f, 0xa0, 0x93, 0x73, 0x98, 0x96, 0x90, 0x93, 0x87,
    0xa1, 0x8e, 0x6f, 0x7a, 0x9c, 0x99, 0x88, 0x7a, 0x5b, 0x7a,
    0xa4, 0x8b, 0x85, 0x85, 0x86, 0x86, 0x6d, 0x8b, 0x92, 0x6e,
    0x7c, 0x8e, 0x75, 0x92, 0xa0, 0x89, 0x78, 0x64, 0x6c, 0x85,
    0x8e, 0x84, 0x7c, 0x66, 0x67, 0x8e, 0x7c, 0x63, 0x74, 0x7f,
    0x89, 0x73, 0x66, 0x85, 0x84, 0x86, 0x86, 0x62, 0x40, 0x62,
    0x85, 0x72, 0x7b, 0x75, 0x57, 0x59, 0x57, 0x65, 0x82, 0x7f,
    0x67, 0x4b, 0x5a, 0x91, 0x8c, 0x5b, 0x4b, 0x5b, 0x80, 0x82,
    0x82, 0x84, 0x71, 0x67, 0x7e, 0x84, 0x64, 0x5b, 0x7a, 0x9d,
    0x8a, 0x67, 0x5e, 0x6d, 0x91, 0x97, 0x8a, 0x7b, 0x64, 0x79,
    0xa0, 0x9b, 0x90, 0x73, 0x5e, 0x82, 0x97, 0x8b, 0x9d, 0x9e,
    0x7b, 0x5f, 0x88, 0xb6, 0xa4, 0x88, 0x77, 0x6a, 0x88, 0x9f,
    0x9f, 0x9a, 0x84, 0x7b, 0x8e, 0xa4, 0x8f, 0x7c, 0x7e, 0x98,
    0xa7, 0x98, 0x7c, 0x67, 0x8c, 0xa2, 0x7d, 0x86, 0xa1, 0x82,
    0x88, 0x9d, 0x99, 0x84, 0x67, 0x76, 0xa0, 0x7b, 0x78, 0x9c,
    0x82, 0x67, 0x72, 0x8b, 0x7d, 0x7e, 0x81, 0x6f, 0x6d, 0x8b,
    0x8f, 0x7d, 0x77, 0x77, 0x76, 0x6a, 0x76, 0x82, 0x7f, 0x71,
    0x6a, 0x67, 0x81, 0x88, 0x86, 0x8a, 0x62, 0x4e, 0x88, 0x96,
    0x77, 0x83, 0x89, 0x83, 0x75, 0x7b, 0x90, 0x79, 0x61, 0x89,
    0xae, 0x96, 0x7c, 0x71, 0x73, 0x7c, 0x8b, 0x8c, 0x87, 0x85,
    0x81, 0x86, 0x8a, 0x7e, 0x7a, 0x77, 0x81, 0x99, 0x99, 0x91,
    0x85, 0x64, 0x5e, 0x8b, 0x9d, 0x8d, 0x70, 0x57, 0x64, 0x91,
    0x91, 0x7c, 0x6f, 0x70, 0x7f, 0x75, 0x7c, 0x80, 0x66, 0x73,
    0x86, 0x81, 0x72, 0x5f, 0x5e, 0x74, 0x7a, 0x6e, 0x7f, 0x7e,
    0x70, 0x6f, 0x7c, 0x9d, 0x90, 0x6d, 0x5d, 0x67, 0x90, 0xa0,
    0x88, 0x73, 0x64, 0x7e, 0xa0, 0x84, 0x73, 0x7d, 0x76, 0x8c,
    0x96, 0x82, 0x84, 0x77, 0x61, 0x7b, 0x8e, 0x85, 0x79, 0x6f,
    0x83, 0x8c, 0x77, 0x7b, 0x80, 0x73, 0x76, 0x78, 0x6f, 0x7a,
    0x8e, 0x76, 0x5d, 0x65, 0x7a, 0x8c, 0x87, 0x7f, 0x75, 0x66,
    0x7f, 0x94, 0x82, 0x7b, 0x80, 0x81, 0x75, 0x72, 0x8f, 0x9c,
    0x8d, 0x7a, 0x79, 0x92, 0xa2, 0x8d, 0x7e, 0x91, 0xa1, 0x92,
    0x86, 0x94, 0xa5, 0xa8, 0x9b, 0x90, 0x80, 0x84, 0x98, 0x97,
    0x91, 0x99, 0x9c, 0x8a, 0x77, 0x83, 0x9a, 0x99, 0x9e, 0x99,
    0x7e, 0x6c, 0x8d, 0x9d, 0x84, 0x7f, 0x7c, 0x74, 0x85, 0x91,
    0x85, 0x76, 0x6a, 0x6e, 0x81, 0x8d, 0x7c, 0x6b, 0x72, 0x77,
    0x6f, 0x69, 0x70, 0x6d, 0x6e, 0x81, 0x81, 0x76, 0x71, 0x6f,
    0x75, 0x71, 0x6a, 0x87, 0x88, 0x69, 0x55, 0x65, 0x81, 0x81,
    0x7a, 0x75, 0x71, 0x6e, 0x76, 0x6e, 0x5e, 0x6d, 0x76, 0x71,
    0x73, 0x73, 0x61, 0x67, 0x73, 0x7a, 0x80, 0x78, 0x68, 0x60,
    0x6b, 0x86, 0x89, 0x85, 0x7a, 0x63, 0x75, 0x95, 0x99, 0x91,
    0x78, 0x6d, 0x7d, 0x85, 0x86, 0x93, 0x9a, 0x8d, 0x76, 0x74,
    0x83, 0x90, 0x9f, 0xa2, 0x9c, 0x93, 0x8a, 0x85, 0x91, 0xa2,
    0xa6, 0x9d, 0x8d, 0x8a, 0x7d, 0x84, 0x97, 0x96, 0x96, 0x89,
    0x77, 0x71, 0x75, 0x8a, 0x8f, 0x81, 0x74, 0x69, 0x71, 0x7e,
    0x7d, 0x73, 0x64, 0x67, 0x7d, 0x7f, 0x6b, 0x67, 0x7b, 0x89,
    0x78, 0x68, 0x64, 0x6d, 0x7b, 0x85, 0x78, 0x6b, 0x6a, 0x5f,
    0x6d, 0x8d, 0x8d, 0x77, 0x6c, 0x80, 0x84, 0x75, 0x81, 0x88,
    0x83, 0x82, 0x84, 0x84, 0x7b, 0x80, 0x8f, 0x9e, 0x9d, 0x95,
    0x8e, 0x89, 0x7e, 0x77, 0x89, 0x91, 0x8d, 0x93, 0x86, 0x69,
    0x74, 0x97, 0x8d, 0x84, 0x84, 0x75, 0x71, 0x80, 0x92, 0x8f,
    0x88, 0x7d, 0x82, 0x9a, 0x8c, 0x74, 0x86, 0x89, 0x92, 0x9e,
    0x91, 0x96, 0x9b, 0x8c, 0x84, 0x98, 0x9e, 0x7e, 0x7c, 0x8e,
    0x96, 0x7f, 0x87, 0xa4, 0x92, 0x75, 0x78, 0x8d, 0x86, 0x85,
    0x96, 0x6e, 0x5b, 0x91, 0xa2, 0x79, 0x76, 0x85, 0x7e, 0x7a,
    0x76, 0x5e, 0x67, 0x81, 0x75, 0x74, 0x62, 0x45, 0x64, 0x87,
    0x6b, 0x4a, 0x6c, 0x79, 0x61, 0x68, 0x58, 0x4c, 0x50, 0x60,
    0x7a, 0x80, 0x70, 0x5b, 0x43, 0x57, 0x8f, 0x85, 0x72, 0x7c,
    0x75, 0x6e, 0x71, 0x8b, 0x7e, 0x56, 0x82, 0x98, 0x6d, 0x5a,
    0x84, 0xa4, 0x87, 0x75, 0x6d, 0x6c, 0x95, 0x9b, 0x6c, 0x54,
    0x7a, 0xa2, 0x90, 0x73, 0x5c, 0x5d, 0x8d, 0x95, 0x8e, 0x8d,
    0x6a, 0x67, 0x81, 0x92, 0x9b, 0x79, 0x71, 0x81, 0x7a, 0x85,
    0x8f, 0x95, 0x8e, 0x73, 0x7e, 0x82, 0x85, 0x94, 0x83, 0x8b,
    0xa3, 0x99, 0x7d, 0x66, 0x82, 0xa3, 0x8d, 0x92, 0xa1, 0x93,
    0x9c, 0x82, 0x67, 0x8c, 0xb8, 0xa0, 0x8a, 0x8c, 0x6a, 0x77,
    0xac, 0xab, 0x8f, 0x83, 0x71, 0x85, 0xad, 0x8f, 0x7a, 0x89,
    0x9a, 0x99, 0x67, 0x5b, 0x8a, 0x99, 0x84, 0x89, 0x7e, 0x67,
    0x7d, 0x7f, 0x81, 0x9a, 0x7a, 0x70, 0x8a, 0x6f, 0x76, 0x9e,
    0x80, 0x67, 0x8e, 0x96, 0x81, 0x81, 0x7e, 0x76, 0x83, 0x98,
    0x86, 0x6c, 0x6e, 0x83, 0x80, 0x83, 0x94, 0x8b, 0x74, 0x72,
    0x89, 0x7c, 0x72, 0xa0, 0x9d, 0x78, 0x66, 0x6e, 0x9d, 0x8a,
    0x73, 0x90, 0x72, 0x54, 0x88, 0x9f, 0x81, 0x6a, 0x5a, 0x76,
    0x95, 0x83, 0x7e, 0x89, 0x6b, 0x4a, 0x73, 0xa9, 0x86, 0x6b,
    0x68, 0x5c, 0x73, 0x97, 0x8d, 0x72, 0x75, 0x77, 0x53, 0x52,
    0x75, 0x8c, 0x91, 0x75, 0x5b, 0x5a, 0x67, 0x81, 0x81, 0x73,
    0x68, 0x61, 0x84, 0x7e, 0x56, 0x64, 0x71, 0x7a, 0x7a, 0x77,
    0x6b, 0x59, 0x62, 0x89, 0x8c, 0x5d, 0x6b, 0x91, 0x7a, 0x66,
    0x72, 0x8f, 0x83, 0x5d, 0x70, 0x81, 0x77, 0x77, 0x8d, 0x9d,
    0x81, 0x6e, 0x84, 0x90, 0x72, 0x79, 0x97, 0x91, 0x79, 0x7d,
    0x8a, 0x89, 0x96, 0xa4, 0x9a, 0x88, 0x96, 0xb1, 0x83, 0x75,
    0x96, 0x9d, 0xa7, 0x8c, 0x8b, 0x92, 0x8b, 0x8f, 0x94, 0x86,
    0x73, 0x8d, 0x99, 0x8d, 0x93, 0x7d, 0x72, 0x8d, 0x95, 0x9b,
    0x9c, 0x76, 0x75, 0xa4, 0xa9, 0x7c, 0x66, 0x91, 0xb3, 0x97,
    0x91, 0x98, 0x87, 0x82, 0x85, 0x86, 0x89, 0x89, 0x79, 0x88,
    0x9f, 0x95, 0x7c, 0x6c, 0x7b, 0x8c, 0x88, 0x8b, 0x85, 0x81,
    0x7b, 0x73, 0x8b, 0x99, 0x8e, 0x85, 0x72, 0x6e, 0x80, 0x7b,
    0x6a, 0x7c, 0x9b, 0x8c, 0x64, 0x67, 0x7c, 0x79, 0x85, 0x75,
    0x59, 0x5b, 0x6c, 0x8b, 0x82, 0x5a, 0x55, 0x64, 0x60, 0x79,
    0x7f, 0x66, 0x62, 0x57, 0x68, 0x7f, 0x70, 0x6f, 0x6e, 0x59,
    0x61, 0x86, 0x94, 0x81, 0x6b, 0x5c, 0x61, 0x86, 0x94, 0x82,
    0x75, 0x6e, 0x65, 0x62, 0x69, 0x81, 0x8e, 0x7c, 0x6d, 0x5c,
    0x60, 0x85, 0x8b, 0x66, 0x5a, 0x78, 0x99, 0x8e, 0x7b, 0x7d,
    0x6c, 0x61, 0x86, 0x99, 0x7e, 0x80, 0x75, 0x7b, 0x98, 0x90,
    0x88, 0x79, 0x76, 0x7a, 0x7d, 0x7d, 0x89, 0x9a, 0x8f, 0x6b,
    0x66, 0x83, 0x8e, 0x85, 0x72, 0x73, 0x96, 0xa0, 0x85, 0x7c,
    0x87, 0x90, 0x98, 0x8e, 0x94, 0x99, 0x8f, 0x89, 0x89, 0x90,
    0x91, 0x96, 0x95, 0x92, 0x98, 0x92, 0x88, 0x85, 0x9a, 0xab,
    0x97, 0x83, 0x72, 0x79, 0x8f, 0x8d, 0x99, 0xa1, 0x96, 0x90,
    0x8c, 0x80, 0x93, 0xa0, 0x8d, 0x80, 0x8d, 0x97, 0x95, 0x87,
    0x6f, 0x6b, 0x7e, 0x88, 0x86, 0x78, 0x6f, 0x76, 0x87, 0x77,
    0x70, 0x81, 0x81, 0x6b, 0x6c, 0x84, 0x79, 0x5c, 0x59, 0x6d,
    0x79, 0x7e, 0x87, 0x82, 0x6e, 0x6a, 0x81, 0x82, 0x7e, 0x7a,
    0x6f, 0x60, 0x64, 0x85, 0x86, 0x78, 0x6e, 0x5d, 0x5c, 0x72,
    0x82, 0x7c, 0x74, 0x77, 0x79, 0x7b, 0x7c, 0x7b, 0x69, 0x68,
    0x84, 0x88, 0x80, 0x7c, 0x7c, 0x75, 0x69, 0x85, 0xa0, 0x9a,
    0x90, 0x80, 0x7d, 0x94, 0x87, 0x78, 0x89, 0x8b, 0x8f, 0x8a,
    0x77, 0x60, 0x6b, 0x8a, 0x99, 0x91, 0x7d, 0x61, 0x69, 0x93,
    0x96, 0x89, 0x7f, 0x82, 0x79, 0x73, 0x94, 0x9c, 0x8a, 0x81,
    0x74, 0x66, 0x7f, 0x94, 0x8f, 0x86, 0x86, 0x90, 0x7e, 0x66,
    0x76, 0x78, 0x63, 0x68, 0x7e, 0x7c, 0x69, 0x60, 0x5d, 0x66,
    0x77, 0x73, 0x79, 0x77, 0x69, 0x69, 0x78, 0x79, 0x67, 0x72,
    0x96, 0x91, 0x6f, 0x6b, 0x7e, 0x8e, 0x93, 0x80, 0x6e, 0x63,
    0x6b, 0x9a, 0x96, 0x89, 0x83, 0x70, 0x81, 0x86, 0x6f, 0x83,
    0xa0, 0x9e, 0x8f, 0x8c, 0x8f, 0x75, 0x66, 0x93, 0xa9, 0x93,
    0x99, 0x83, 0x75, 0x8c, 0x97, 0x95, 0x8e, 0x7b, 0x80, 0xa0,
    0xa0, 0x86, 0x70, 0x79, 0x93, 0x88, 0x83, 0x94, 0x78, 0x5e,
    0x78, 0x9d, 0x9b, 0x90, 0x96, 0x91, 0x6c, 0x61, 0x96, 0xb0,
    0x90, 0x7e, 0x72, 0x70, 0x80, 0x79, 0x79, 0x90, 0x99, 0x83,
    0x6e, 0x81, 0x89, 0x75, 0x7a, 0x95, 0x92, 0x7b, 0x5d, 0x5c,
    0x7c, 0x8a, 0x7f, 0x84, 0x7a, 0x6a, 0x72, 0x82, 0x79, 0x6a,
    0x6d, 0x86, 0x7a, 0x5f, 0x7c, 0x7b, 0x58, 0x5f, 0x73, 0x68,
    0x6d, 0x85, 0x72, 0x4c, 0x4b, 0x72, 0x8b, 0x7e, 0x72, 0x65,
    0x4f, 0x55, 0x79, 0x85, 0x84, 0x7e, 0x77, 0x67, 0x63, 0x7c,
    0x98, 0x90, 0x7e, 0x8c, 0x89, 0x6d, 0x6d, 0x86, 0x87, 0x8c,
    0xa2, 0x8c, 0x65, 0x74, 0x87, 0x84, 0x8c, 0xa0, 0x9e, 0x7b,
    0x63, 0x79, 0x9a, 0x9a, 0x94, 0x98, 0x98, 0x85, 0x70, 0x8b,
    0xa3, 0x7a, 0x73, 0x95, 0x9f, 0x93, 0x8c, 0x7d, 0x6f, 0x75,
    0x92, 0x92, 0x82, 0x8c, 0x8b, 0x89, 0x91, 0x84, 0x7c, 0x78,
    0x7b, 0x91, 0x9d, 0x95, 0x95, 0x96, 0x78, 0x6d, 0x93, 0x9b,
    0x7c, 0x7e, 0x97, 0x7d, 0x78, 0xa4, 0xa8, 0x83, 0x5f, 0x73,
    0xa2, 0x8c, 0x7a, 0x8c, 0x86, 0x82, 0x7f, 0x72, 0x85, 0x8a,
    0x6a, 0x75, 0x87, 0x88, 0x91, 0x85, 0x72, 0x6e, 0x87, 0x8d,
    0x79, 0x72, 0x78, 0x6f, 0x6f, 0x86, 0x8b, 0x71, 0x5c, 0x69,
    0x7f, 0x90, 0x8a, 0x85, 0x80, 0x60, 0x54, 0x6f, 0x95, 0x9a,
    0x7c, 0x56, 0x52, 0x7d, 0x9a, 0x88, 0x69, 0x4d, 0x5c, 0x91,
    0x8e, 0x73, 0x6f, 0x62, 0x61, 0x87, 0x95, 0x7a, 0x57, 0x5b,
    0x7d, 0x7b, 0x66, 0x80, 0x83, 0x67, 0x5c, 0x62, 0x72, 0x76,
    0x80, 0x7b, 0x71, 0x6f, 0x78, 0x8f, 0x86, 0x5d, 0x65, 0x79,
    0x78, 0x84, 0x77, 0x83, 0x91, 0x72, 0x67, 0x78, 0x97, 0x8c,
    0x70, 0x64, 0x82, 0x9d, 0x8f, 0x93, 0x93, 0x80, 0x87, 0x97,
    0x9e, 0x9e, 0x8e, 0x80, 0x88, 0x9c, 0x91, 0x83, 0x87, 0x90,
    0x93, 0x82, 0x88, 0xa5, 0x9f, 0x8b, 0x87, 0x7e, 0x70, 0x77,
    0x84, 0x85, 0x86, 0x94, 0x95, 0x8b, 0x7a, 0x68, 0x7d, 0x9c,
    0x85, 0x71, 0x79, 0x82, 0x93, 0x82, 0x6c, 0x79, 0x8f, 0x94,
    0x87, 0x6e, 0x6b, 0x80, 0x81, 0x88, 0x85, 0x73, 0x77, 0x75,
    0x71, 0x8b, 0x93, 0x86, 0x85, 0x7e, 0x6f, 0x6f, 0x89, 0x91,
    0x7d, 0x76, 0x82, 0x8c, 0x91, 0x8b, 0x88, 0x89, 0x80, 0x6d,
    0x6f, 0x7c, 0x7e, 0x81, 0x8d, 0x8c, 0x86, 0x7e, 0x78, 0x78,
    0x84, 0x86, 0x88, 0x8f, 0x92, 0x88, 0x75, 0x6d, 0x85, 0x98,
    0x85, 0x74, 0x70, 0x77, 0x8c, 0x8f, 0x85, 0x7b, 0x6f, 0x73,
    0x83, 0x93, 0x90, 0x87, 0x89, 0x7b, 0x76, 0x7b, 0x80, 0x83,
    0x75, 0x64, 0x63, 0x76, 0x89, 0x8d, 0x8a, 0x7c, 0x71, 0x7c,
    0x77, 0x76, 0x7d, 0x7a, 0x76, 0x81, 0x7f, 0x74, 0x7c, 0x7a,
    0x64, 0x57, 0x62, 0x72, 0x7c, 0x7c, 0x78, 0x69, 0x5c, 0x65,
    0x7c, 0x7d, 0x77, 0x75, 0x6c, 0x63, 0x70, 0x85, 0x84, 0x7b,
    0x6d, 0x67, 0x68, 0x7a, 0x87, 0x8d, 0x8a, 0x7e, 0x84, 0x99,
    0x9d, 0x8b, 0x74, 0x70, 0x83, 0xa7, 0xa8, 0x8d, 0x84, 0x87,
    0x88, 0x8d, 0x7c, 0x88, 0x9c, 0x95, 0x8e, 0x8c, 0x8b, 0x96,
    0xa2, 0x93, 0x7c, 0x72, 0x7e, 0x94, 0x9e, 0x8e, 0x78, 0x73,
    0x84, 0x8a, 0x80, 0x7b, 0x86, 0x91, 0x84, 0x6a, 0x7a, 0x93,
    0x91, 0x8c, 0x86, 0x72, 0x69, 0x85, 0x93, 0x80, 0x70, 0x77,
    0x7f, 0x88, 0x82, 0x7a, 0x72, 0x6b, 0x73, 0x83, 0x76, 0x68,
    0x76, 0x8b, 0x88, 0x74, 0x6c, 0x7b, 0x85, 0x75, 0x74, 0x7a,
    0x81, 0x8c, 0x90, 0x88, 0x88, 0x86, 0x7b, 0x76, 0x8a, 0x8b,
    0x7f, 0x82, 0x95, 0x82, 0x6d, 0x7d, 0x90, 0x99, 0x8c, 0x6c,
    0x5d, 0x81, 0x95, 0x88, 0x87, 0x7f, 0x6e, 0x74, 0x81, 0x76,
    0x72, 0x86, 0x88, 0x75, 0x6d, 0x7c, 0x8b, 0x82, 0x7e, 0x7c,
    0x6d, 0x6b, 0x79, 0x85, 0x87, 0x82, 0x79, 0x7e, 0x7d, 0x6b,
    0x68, 0x7e, 0x7f, 0x7f, 0x84, 0x87, 0x81, 0x7e, 0x77, 0x6e,
    0x7d, 0x92, 0x8a, 0x7a, 0x7a, 0x78, 0x6e, 0x74, 0x81, 0x70,
    0x6f, 0x7d, 0x6e, 0x5c, 0x6f, 0x7e, 0x76, 0x70, 0x6f, 0x76,
    0x76, 0x76, 0x72, 0x72, 0x86, 0x80, 0x6b, 0x75, 0x88, 0x87,
    0x84, 0x82, 0x83, 0x7b, 0x76, 0x7f, 0x8f, 0x90, 0x7d, 0x73,
    0x78, 0x83, 0x7f, 0x79, 0x87, 0x90, 0x89, 0x8d, 0x87, 0x80,
    0x78, 0x7a, 0x88, 0x98, 0x94, 0x84, 0x75, 0x7c, 0x9d, 0xae,
    0xa8, 0x91, 0x78, 0x83, 0xab, 0xb1, 0x9e, 0x9a, 0x8b, 0x7b,
    0x88, 0x91, 0x98, 0x92, 0x79, 0x7b, 0x84, 0x8c, 0x85, 0x6e,
    0x6e, 0x7e, 0x72, 0x73, 0x82, 0x89, 0x85, 0x78, 0x6f, 0x75,
    0x88, 0x85, 0x7a, 0x7a, 0x7b, 0x7d, 0x73, 0x6f, 0x7c, 0x84,
    0x84, 0x80, 0x7c, 0x79, 0x6c, 0x77, 0x93, 0x92, 0x7f, 0x6c,
    0x66, 0x7b, 0x8d, 0x8a, 0x76, 0x57, 0x5f, 0x84, 0x8f, 0x7f,
    0x75, 0x74, 0x77, 0x80, 0x92, 0x88, 0x75, 0x6c, 0x7a, 0x87,
    0x88, 0x87, 0x88, 0x81, 0x7e, 0x76, 0x64, 0x6b, 0x87, 0x89,
    0x80, 0x75, 0x65, 0x6a, 0x82, 0x82, 0x7c, 0x7d, 0x80, 0x72,
    0x6b, 0x81, 0x8e, 0x82, 0x7a, 0x76, 0x6e, 0x63, 0x6b, 0x83,
    0x8b, 0x81, 0x6b, 0x5d, 0x75, 0x91, 0x87, 0x7e, 0x77, 0x74,
    0x81, 0x85, 0x78, 0x74, 0x74, 0x7f, 0x8c, 0x82, 0x74, 0x82,
    0x89, 0x7f, 0x79, 0x73, 0x81, 0x98, 0x95, 0x81, 0x85, 0x90,
    0x89, 0x89, 0x8b, 0x81, 0x87, 0x89, 0x7c, 0x7a, 0x8e, 0x8d,
    0x7f, 0x77, 0x78, 0x76, 0x77, 0x90, 0x99, 0x8e, 0x88, 0x7f,
    0x76, 0x82, 0x8f, 0x86, 0x86, 0x92, 0x85, 0x70, 0x71, 0x83,
    0x8e, 0x8b, 0x88, 0x8a, 0x81, 0x7a, 0x82, 0x8e, 0x8c, 0x86,
    0x84, 0x80, 0x7c, 0x8c, 0x94, 0x84, 0x81, 0x85, 0x87, 0x89,
    0x7c, 0x7b, 0x8b, 0x92, 0x88, 0x7d, 0x74, 0x69, 0x84, 0x94,
    0x8d, 0x8a, 0x8d, 0x88, 0x74, 0x64, 0x6f, 0x7f, 0x81, 0x87,
    0x83, 0x78, 0x6d, 0x68, 0x75, 0x89, 0x85, 0x6a, 0x61, 0x83,
    0x94, 0x7e, 0x6c, 0x5e, 0x5e, 0x76, 0x7f, 0x79, 0x6d, 0x68,
    0x7a, 0x81, 0x79, 0x70, 0x61, 0x62, 0x75, 0x73, 0x68, 0x69,
    0x74, 0x79, 0x69, 0x68, 0x75, 0x7a, 0x7e, 0x7f, 0x73, 0x6e,
    0x7f, 0x85, 0x73, 0x83, 0x8f, 0x85, 0x85, 0x86, 0x7f, 0x75,
    0x78, 0x83, 0x8a, 0x8c, 0x92, 0x8b, 0x78, 0x6c, 0x84, 0x9b,
    0x93, 0x8b, 0x80, 0x79, 0x93, 0x9f, 0x93, 0x95, 0x8f, 0x8e,
    0xa2, 0xa5, 0x8a, 0x7b, 0x8c, 0xa6, 0xa8, 0x9e, 0x8b, 0x75,
    0x86, 0xa5, 0xa3, 0x91, 0x88, 0x8f, 0x95, 0x7e, 0x78, 0x86,
    0x87, 0x7d, 0x81, 0x7e, 0x6c, 0x75, 0x7e, 0x6f, 0x6e, 0x7b,
    0x74, 0x6b, 0x74, 0x7e, 0x7e, 0x72, 0x62, 0x66, 0x85, 0x89,
    0x6e, 0x5d, 0x64, 0x7c, 0x84, 0x79, 0x73, 0x69, 0x5d, 0x63,
    0x68, 0x65, 0x72, 0x77, 0x70, 0x66, 0x61, 0x62, 0x68, 0x77,
    0x7b, 0x6a, 0x6c, 0x72, 0x6a, 0x73, 0x88, 0x83, 0x75, 0x6c,
    0x72, 0x88, 0x84, 0x6f, 0x7b, 0x8c, 0x8e, 0x87, 0x7e, 0x7e,
    0x94, 0x98, 0x8d, 0x93, 0x9d, 0x97, 0x8f, 0x93, 0x9d, 0x95,
    0x86, 0x7e, 0x85, 0xa7, 0xa8, 0x7f, 0x6a, 0x92, 0xb5, 0xa0,
    0x80, 0x8b, 0x99, 0x8d, 0x8c, 0x94, 0x86, 0x93, 0xa5, 0x90,
    0x7a, 0x77, 0x86, 0x98, 0x8d, 0x7a, 0x70, 0x81, 0x8e, 0x89,
    0x8b, 0x93, 0x91, 0x8f, 0x7e, 0x70, 0x7c, 0x92, 0x8c, 0x85,
    0x8a, 0x8f, 0x88, 0x7a, 0x72, 0x80, 0x7f, 0x70, 0x7e, 0x91,
    0x85, 0x7c, 0x8c, 0x91, 0x75, 0x64, 0x6f, 0x7e, 0x86, 0x82,
    0x6b, 0x5d, 0x69, 0x80, 0x7b, 0x60, 0x64, 0x81, 0x8d, 0x7e,
    0x72, 0x5f, 0x5f, 0x7c, 0x85, 0x74, 0x73, 0x77, 0x7c, 0x7d,
    0x66, 0x5b, 0x70, 0x80, 0x69, 0x5d, 0x7f, 0x86, 0x7a, 0x7a,
    0x6f, 0x5c, 0x67, 0x7c, 0x76, 0x68, 0x72, 0x82, 0x83, 0x6e,
    0x5b, 0x5f, 0x79, 0x82, 0x85, 0x7c, 0x69, 0x5f, 0x7b, 0x8d,
    0x7e, 0x84, 0x91, 0x97, 0x91, 0x7f, 0x7f, 0x91, 0x93, 0x83,
    0x71, 0x80, 0x96, 0xa2, 0xa3, 0x98, 0x84, 0x78, 0x89, 0x94,
    0x95, 0x97, 0x97, 0x91, 0x90, 0x8f, 0x7f, 0x76, 0x85, 0x85,
    0x72, 0x73, 0x87, 0x85, 0x82, 0x8f, 0x8d, 0x7d, 0x78, 0x7f,
    0x7e, 0x80, 0x88, 0x92, 0x91, 0x7f, 0x71, 0x75, 0x87, 0x96,
    0x91, 0x7b, 0x68, 0x69, 0x7e, 0x7e, 0x7a, 0x89, 0x8d, 0x7f,
    0x6e, 0x60, 0x6d, 0x88, 0x88, 0x7b, 0x62, 0x5f, 0x75, 0x84,
    0x8c, 0x7b, 0x64, 0x5d, 0x6a, 0x75, 0x75, 0x74, 0x80, 0x87,
    0x89, 0x8a, 0x76, 0x6d, 0x79, 0x7b, 0x76, 0x7f, 0x7b, 0x72,
    0x77, 0x86, 0x86, 0x7e, 0x73, 0x6c, 0x70, 0x7f, 0x81, 0x75,
    0x7b, 0x8f, 0x8c, 0x7a, 0x71, 0x78, 0x8d, 0x88, 0x76, 0x7f,
    0x8b, 0x87, 0x81, 0x89, 0x8d, 0x81, 0x74, 0x6e, 0x7c, 0x8d,
    0x85, 0x82, 0x90, 0x8e, 0x85, 0x89, 0x94, 0x9c, 0x99, 0x94,
    0x8e, 0x90, 0x98, 0x99, 0x90, 0x92, 0x95, 0x94, 0x8e, 0x89,
    0x93, 0x9f, 0x99, 0x91, 0x8e, 0x95, 0x9b, 0x9b, 0x97, 0x90,
    0x86, 0x8b, 0x96, 0x9c, 0x97, 0x89, 0x7c, 0x82, 0x9a, 0x98,
    0x8a, 0x85, 0x80, 0x83, 0x8b, 0x89, 0x83, 0x87, 0x8b, 0x90,
    0x97, 0x98, 0x91, 0x85, 0x7b, 0x81, 0x88, 0x7f, 0x76, 0x7c,
    0x7f, 0x74, 0x65, 0x5d, 0x63, 0x6a, 0x70, 0x6e, 0x6b, 0x6b,
    0x6d, 0x65, 0x5d, 0x57, 0x56, 0x5b, 0x63, 0x6f, 0x72, 0x69,
    0x59, 0x4c, 0x59, 0x69, 0x62, 0x67, 0x6b, 0x5a, 0x56, 0x63,
    0x6c, 0x60, 0x5e, 0x5d, 0x59, 0x5d, 0x60, 0x5b, 0x61, 0x66,
    0x60, 0x63, 0x63, 0x55, 0x4d, 0x61, 0x69, 0x6d, 0x7b, 0x79,
    0x6b, 0x5f, 0x62, 0x71, 0x75, 0x7f, 0x87, 0x84, 0x7d, 0x7b,
    0x79, 0x80, 0x83, 0x85, 0x8c, 0x91, 0x8f, 0x94, 0x98, 0x97,
    0x90, 0x8b, 0x87, 0x94, 0xa2, 0xa6, 0xa5, 0x9f, 0x91, 0x8b,
    0x9a, 0xa1, 0xa1, 0xa7, 0x9f, 0x95, 0x96, 0x9f, 0xa2, 0x9a,
    0x9f, 0xa0, 0x97, 0x91, 0x96, 0x97, 0xa1, 0xa8, 0xa4, 0x9c,
    0x90, 0x85, 0x8f, 0x9e, 0x9d, 0x9d, 0xa4, 0x97, 0x8b, 0x83,
    0x8a, 0x98, 0x99, 0x97, 0x9b, 0x96, 0x90, 0x8e, 0x88, 0x85,
    0x88, 0x8a, 0x89, 0x84, 0x80, 0x7d, 0x7b, 0x77, 0x73, 0x71,
    0x6b, 0x6f, 0x76, 0x73, 0x6f, 0x6f, 0x6c, 0x6c, 0x71, 0x78,
    0x78, 0x78, 0x76, 0x77, 0x72, 0x72, 0x74, 0x75, 0x74, 0x77,
    0x74, 0x72, 0x73, 0x77, 0x74, 0x76, 0x72, 0x6b, 0x69, 0x70,
    0x72, 0x6e, 0x6f, 0x75, 0x72, 0x6f, 0x6d, 0x65, 0x5f, 0x6a,
    0x78, 0x78, 0x7a, 0x7c, 0x76, 0x73, 0x6c, 0x6b, 0x7a, 0x83,
    0x83, 0x89, 0x89, 0x8a, 0x88, 0x83, 0x83, 0x87, 0x88, 0x89,
    0x8a, 0x88, 0x82, 0x7d, 0x7a, 0x7f, 0x8c, 0x93, 0x96, 0x90,
    0x84, 0x7c, 0x80, 0x83, 0x88, 0x8d, 0x8e, 0x8b, 0x80, 0x7c,
    0x79, 0x75, 0x81, 0x85, 0x82, 0x7f, 0x81, 0x85, 0x86, 0x80,
    0x7a, 0x78, 0x79, 0x82, 0x87, 0x81, 0x7a, 0x74, 0x75, 0x77,
    0x80, 0x83, 0x7b, 0x72, 0x6e, 0x67, 0x68, 0x6d, 0x71, 0x73,
    0x79, 0x78, 0x73, 0x6d, 0x69, 0x6d, 0x71, 0x74, 0x7b, 0x7e,
    0x7a, 0x74, 0x70, 0x6a, 0x6b, 0x77, 0x7e, 0x7a, 0x6d, 0x66,
    0x66, 0x70, 0x83, 0x90, 0x8b, 0x7e, 0x70, 0x6c, 0x72, 0x71,
    0x78, 0x82, 0x7e, 0x79, 0x77, 0x73, 0x73, 0x7c, 0x7d, 0x79,
    0x6e, 0x6a, 0x73, 0x7d, 0x82, 0x88, 0x86, 0x7d, 0x77, 0x84,
    0x8b, 0x80, 0x81, 0x87, 0x88, 0x87, 0x89, 0x8d, 0x8b, 0x8e,
    0x8e, 0x84, 0x7a, 0x8b, 0x97, 0x95, 0x98, 0x97, 0x97, 0x97,
    0x9d, 0xa4, 0xa3, 0x9c, 0x9f, 0xa5, 0xa5, 0xa3, 0x9d, 0x91,
    0x90, 0x9f, 0xa9, 0x9d, 0x94, 0x94, 0x9b, 0x9c, 0x92, 0x9a,
    0xad, 0xaa, 0xaa, 0xac, 0xa1, 0x8c, 0x8e, 0x9c, 0xa0, 0x9b,
    0x99, 0x9a, 0x93, 0x90, 0x99, 0xa0, 0x96, 0x89, 0x7e, 0x81,
    0x8b, 0x8d, 0x8c, 0x87, 0x80, 0x79, 0x81, 0x88, 0x85, 0x82,
    0x75, 0x66, 0x62, 0x6b, 0x71, 0x70, 0x69, 0x61, 0x5a, 0x53,
    0x53, 0x5d, 0x5e, 0x57, 0x5c, 0x5f, 0x5d, 0x5c, 0x52, 0x4d,
    0x56, 0x63, 0x5b, 0x4f, 0x4d, 0x5a, 0x5b, 0x4e, 0x51, 0x5f,
    0x5c, 0x59, 0x62, 0x63, 0x55, 0x46, 0x51, 0x67, 0x6a, 0x62,
    0x5f, 0x60, 0x5b, 0x59, 0x5c, 0x69, 0x6b, 0x65, 0x5f, 0x66,
    0x73, 0x74, 0x67, 0x70, 0x7d, 0x76, 0x75, 0x81, 0x89, 0x8b,
    0x81, 0x7a, 0x7c, 0x84, 0x8e, 0x96, 0x8f, 0x8c, 0x97, 0x94,
    0x86, 0x97, 0xa8, 0xa7, 0xa6, 0xa8, 0xa8, 0xa9, 0xab, 0xa7,
    0x9f, 0xa4, 0xa5, 0xa1, 0x9f, 0xa5, 0xa1, 0x8f, 0xa0, 0xad,
    0xa1, 0x9f, 0xa5, 0x9f, 0x98, 0x95, 0x98, 0xa7, 0xa8, 0x99,
    0x9a, 0x9f, 0x99, 0x90, 0x8f, 0x97, 0x9b, 0x93, 0x8e, 0x99,
    0x9f, 0x90, 0x85, 0x8c, 0x8d, 0x78, 0x7a, 0x8c, 0x90, 0x86,
    0x7b, 0x78, 0x8c, 0x95, 0x87, 0x74, 0x65, 0x79, 0x80, 0x71,
    0x61, 0x5e, 0x6a, 0x69, 0x65, 0x72, 0x81, 0x7d, 0x77, 0x61,
    0x4e, 0x60, 0x79, 0x7e, 0x81, 0x7a, 0x67, 0x4f, 0x59, 0x86,
    0x92, 0x7c, 0x67, 0x54, 0x64, 0x84, 0x7d, 0x73, 0x70, 0x6b,
    0x70, 0x74, 0x67, 0x6a, 0x7d, 0x79, 0x6a, 0x6a, 0x69, 0x63,
    0x74, 0x86, 0x7a, 0x72, 0x71, 0x6e, 0x6b, 0x76, 0x7d, 0x7c,
    0x70, 0x6c, 0x80, 0x9c, 0x8f, 0x70, 0x6b, 0x7f, 0xa0, 0x9d,
    0x89, 0x81, 0x87, 0x93, 0x91, 0x8e, 0x9b, 0x9e, 0x8b, 0x82,
    0x81, 0x81, 0x94, 0x94, 0x7f, 0x87, 0x97, 0x8e, 0x79, 0x75,
    0x86, 0x92, 0x8d, 0x79, 0x73, 0x8d, 0x8f, 0x6f, 0x7a, 0x91,
    0x8f, 0x8c, 0x8b, 0x7a, 0x73, 0x83, 0x80, 0x7d, 0x85, 0x84,
    0x72, 0x70, 0x82, 0x7e, 0x73, 0x82, 0x8c, 0x7f, 0x78, 0x77,
    0x72, 0x69, 0x6b, 0x7a, 0x82, 0x79, 0x68, 0x60, 0x65, 0x7b,
    0x7e, 0x69, 0x5a, 0x58, 0x69, 0x7d, 0x7f, 0x75, 0x6f, 0x63,
    0x5f, 0x79, 0x8b, 0x83, 0x76, 0x64, 0x5f, 0x80, 0x93, 0x83,
    0x71, 0x67, 0x67, 0x82, 0x90, 0x84, 0x7f, 0x77, 0x6d, 0x7b,
    0x91, 0x85, 0x7c, 0x84, 0x7f, 0x77, 0x81, 0x8d, 0x88, 0x82,
    0x87, 0x8f, 0x88, 0x81, 0x76, 0x74, 0x8c, 0x9e, 0x9b, 0x98,
    0x91, 0x7b, 0x7b, 0x95, 0xa2, 0xa4, 0xa0, 0x99, 0x82, 0x81,
    0x96, 0x9f, 0x9a, 0x96, 0x8e, 0x8a, 0x98, 0xa8, 0x9c, 0x8e,
    0x86, 0x76, 0x80, 0x9e, 0xa7, 0x98, 0x83, 0x6f, 0x77, 0x90,
    0xa1, 0x9e, 0x95, 0x80, 0x6a, 0x7c, 0x94, 0x8b, 0x86, 0x8c,
    0x89, 0x86, 0x7b, 0x70, 0x75, 0x88, 0x8b, 0x87, 0x84, 0x7c,
    0x77, 0x77, 0x7f, 0x7f, 0x78, 0x72, 0x6a, 0x6c, 0x83, 0x85,
    0x78, 0x6f, 0x6d, 0x65, 0x64, 0x79, 0x84, 0x80, 0x7a, 0x6f,
    0x5f, 0x5f, 0x6c, 0x6b, 0x6c, 0x79, 0x7d, 0x7a, 0x7b, 0x77,
    0x6e, 0x70, 0x74, 0x78, 0x81, 0x8c, 0x81, 0x62, 0x57, 0x63,
    0x76, 0x7c, 0x80, 0x7f, 0x6a, 0x57, 0x5f, 0x74, 0x82, 0x77,
    0x73, 0x82, 0x84, 0x74, 0x64, 0x68, 0x78, 0x7c, 0x78, 0x75,
    0x75, 0x78, 0x7b, 0x77, 0x69, 0x69, 0x77, 0x84, 0x82, 0x7d,
    0x7b, 0x79, 0x74, 0x72, 0x74, 0x7b, 0x7d, 0x82, 0x8a, 0x8b,
    0x83, 0x7e, 0x7f, 0x7f, 0x82, 0x8e, 0x8f, 0x89, 0x81, 0x80,
    0x89, 0x87, 0x7b, 0x82, 0x95, 0xa4, 0xa7, 0x9d, 0x8e, 0x80,
    0x82, 0x98, 0xa3, 0x99, 0x94, 0x91, 0x89, 0x7a, 0x80, 0x96,
    0x93, 0x86, 0x76, 0x7d, 0x8c, 0x89, 0x7d, 0x80, 0x8d, 0x8c,
    0x8a, 0x88, 0x84, 0x88, 0x8c, 0x8a, 0x7d, 0x75, 0x7b, 0x8b,
    0x8f, 0x89, 0x89, 0x83, 0x7e, 0x7c, 0x7b, 0x78, 0x7b, 0x82,
    0x81, 0x7a, 0x7f, 0x7f, 0x7d, 0x85, 0x89, 0x81, 0x7d, 0x83,
    0x7d, 0x6e, 0x6f, 0x7d, 0x76, 0x67, 0x67, 0x6d, 0x75, 0x77,
    0x6e, 0x67, 0x6f, 0x79, 0x7d, 0x78, 0x79, 0x79, 0x7a, 0x7b,
    0x83, 0x8a, 0x8d, 0x8f, 0x88, 0x78, 0x73, 0x85, 0x8f, 0x85,
    0x81, 0x82, 0x84, 0x8a, 0x8f, 0x86, 0x83, 0x89, 0x8e, 0x8a,
    0x86, 0x86, 0x8e, 0x89, 0x83, 0x8c, 0x93, 0x90, 0x90, 0x92,
    0x8f, 0x82, 0x79, 0x7a, 0x7b, 0x85, 0x8f, 0x8d, 0x8b, 0x85,
    0x84, 0x7f, 0x7e, 0x7e, 0x80, 0x86, 0x8e, 0x8b, 0x84, 0x81,
    0x85, 0x86, 0x89, 0x89, 0x85, 0x84, 0x8c, 0x8f, 0x8c, 0x81,
    0x7b, 0x7b, 0x78, 0x84, 0x8e, 0x8e, 0x85, 0x83, 0x8c, 0x7f,
    0x72, 0x7c, 0x84, 0x7d, 0x7f, 0x84, 0x7c, 0x70, 0x6a, 0x6d,
    0x66, 0x69, 0x74, 0x72, 0x6b, 0x6a, 0x69, 0x5f, 0x5c, 0x69,
    0x70, 0x71, 0x73, 0x6e, 0x6a, 0x65, 0x61, 0x66, 0x6f, 0x72,
    0x79, 0x7b, 0x75, 0x71, 0x6e, 0x70, 0x70, 0x74, 0x7b, 0x7e,
    0x78, 0x73, 0x6e, 0x6c, 0x71, 0x73, 0x73, 0x73, 0x74, 0x78,
    0x78, 0x75, 0x6c, 0x62, 0x60, 0x69, 0x6f, 0x6f, 0x71, 0x71,
    0x6c, 0x6f, 0x7b, 0x7d, 0x72, 0x77, 0x82, 0x88, 0x88, 0x8a,
    0x88, 0x7c, 0x79, 0x85, 0x8f, 0x8c, 0x8d, 0x86, 0x7b, 0x78,
    0x83, 0x89, 0x8b, 0x8d, 0x8b, 0x86, 0x87, 0x85, 0x81, 0x84,
    0x85, 0x85, 0x89, 0x93, 0x96, 0x95, 0x96, 0x91, 0x8b, 0x84,
    0x84, 0x89, 0x8f, 0x95, 0x9a, 0x9b, 0x97, 0x8b, 0x86, 0x8c,
    0x98, 0x9f, 0xa2, 0x9c, 0x92, 0x92, 0x9d, 0xa3, 0xa5, 0xa5,
    0x9b, 0x91, 0x8e, 0x8d, 0x8c, 0x87, 0x89, 0x87, 0x82, 0x86,
    0x8f, 0x8a, 0x84, 0x82, 0x82, 0x86, 0x87, 0x88, 0x86, 0x89,
    0x8b, 0x8c, 0x89, 0x83, 0x81, 0x87, 0x8e, 0x8e, 0x87, 0x79,
    0x70, 0x78, 0x82, 0x81, 0x81, 0x86, 0x7b, 0x74, 0x7e, 0x85,
    0x84, 0x82, 0x83, 0x81, 0x79, 0x75, 0x76, 0x81, 0x8d, 0x8f,
    0x89, 0x75, 0x5e, 0x5f, 0x71, 0x7e, 0x83, 0x80, 0x78, 0x68,
    0x5b, 0x6b, 0x78, 0x76, 0x76, 0x70, 0x68, 0x67, 0x6c, 0x74,
    0x73, 0x72, 0x71, 0x6d, 0x6f, 0x6d, 0x63, 0x62, 0x6a, 0x6e,
    0x73, 0x78, 0x7a, 0x70, 0x69, 0x6f, 0x77, 0x7a, 0x76, 0x75,
    0x77, 0x7d, 0x7f, 0x78, 0x6c, 0x6c, 0x73, 0x78, 0x7a, 0x78,
    0x78, 0x76, 0x6a, 0x60, 0x68, 0x76, 0x81, 0x80, 0x7e, 0x78,
    0x6b, 0x67, 0x6e, 0x82, 0x90, 0x92, 0x81, 0x72, 0x69, 0x74,
    0x86, 0x88, 0x91, 0x95, 0x92, 0x84, 0x77, 0x78, 0x7f, 0x86,
    0x91, 0x94, 0x8f, 0x84, 0x77, 0x7e, 0x8e, 0x92, 0x96, 0x98,
    0x90, 0x7c, 0x6d, 0x78, 0x87, 0x8f, 0x90, 0x90, 0x87, 0x7d,
    0x76, 0x7a, 0x7f, 0x7d, 0x82, 0x8a, 0x91, 0x8d, 0x83, 0x7b,
    0x83, 0x8b, 0x90, 0x8c, 0x85, 0x84, 0x8e, 0x93, 0x92, 0x8a,
    0x83, 0x84, 0x85, 0x83, 0x85, 0x87, 0x84, 0x7d, 0x7e, 0x86,
    0x8f, 0x8c, 0x81, 0x7b, 0x7d, 0x81, 0x82, 0x84, 0x7c, 0x7f,
    0x8b, 0x8e, 0x8b, 0x88, 0x87, 0x82, 0x80, 0x84, 0x8a, 0x89,
    0x7f, 0x7e, 0x86, 0x92, 0x91, 0x87, 0x82, 0x85, 0x81, 0x80,
    0x87, 0x89, 0x82, 0x86, 0x89, 0x87, 0x82, 0x83, 0x84, 0x83,
    0x81, 0x7d, 0x7a, 0x7e, 0x7e, 0x76, 0x75, 0x83, 0x85, 0x74,
    0x6c, 0x76, 0x76, 0x7a, 0x82, 0x7a, 0x70, 0x79, 0x85, 0x79,
    0x6a, 0x62, 0x67, 0x75, 0x7f, 0x81, 0x79, 0x6f, 0x6a, 0x6a,
    0x70, 0x7c, 0x83, 0x7e, 0x71, 0x68, 0x6a, 0x73, 0x7c, 0x7b,
    0x77, 0x81, 0x86, 0x7d, 0x67, 0x60, 0x71, 0x7e, 0x7e, 0x83,
    0x85, 0x7d, 0x6e, 0x6b, 0x78, 0x89, 0x8d, 0x85, 0x7c, 0x6b,
    0x63, 0x71, 0x81, 0x7f, 0x7e, 0x84, 0x81, 0x81, 0x7e, 0x74,
    0x6a, 0x76, 0x85, 0x86, 0x87, 0x85, 0x7a, 0x70, 0x74, 0x8d,
    0x94, 0x8e, 0x8a, 0x87, 0x7e, 0x8b, 0x99, 0x8d, 0x79, 0x7a,
    0x80, 0x8a, 0x97, 0x8f, 0x7b, 0x6e, 0x78, 0x88, 0x8a, 0x8c,
    0x8a, 0x82, 0x7b, 0x7d, 0x86, 0x85, 0x80, 0x7c, 0x7c, 0x80,
    0x86, 0x87, 0x7b, 0x73, 0x7b, 0x86, 0x84, 0x7f, 0x86, 0x87,
    0x82, 0x84, 0x89, 0x8c, 0x92, 0x97, 0x90, 0x85, 0x81, 0x8d,
    0x98, 0x95, 0x8b, 0x89, 0x88, 0x87, 0x82, 0x7b, 0x79, 0x85,
    0x8c, 0x8a, 0x88, 0x80, 0x79, 0x7a, 0x7b, 0x77, 0x7a, 0x80,
    0x82, 0x87, 0x8c, 0x8e, 0x90, 0x88, 0x72, 0x6e, 0x85, 0x9a,
    0x96, 0x90, 0x88, 0x7d, 0x7f, 0x8f, 0x91, 0x81, 0x7e, 0x84,
    0x8c, 0x90, 0x94, 0x89, 0x7e, 0x86, 0x8f, 0x8e, 0x89, 0x8b,
    0x86, 0x7e, 0x80, 0x85, 0x7b, 0x74, 0x75, 0x6f, 0x6e, 0x77,
    0x7c, 0x73, 0x6b, 0x70, 0x77, 0x76, 0x6b, 0x6a, 0x6f, 0x77,
    0x76, 0x77, 0x79, 0x7f, 0x82, 0x7f, 0x74, 0x6c, 0x72, 0x7e,
    0x7c, 0x79, 0x75, 0x71, 0x72, 0x77, 0x77, 0x6c, 0x69, 0x6d,
    0x76, 0x7a, 0x7b, 0x7b, 0x7c, 0x73, 0x63, 0x61, 0x6d, 0x76,
    0x76, 0x72, 0x6f, 0x72, 0x79, 0x7c, 0x73, 0x69, 0x63, 0x6c,
    0x7a, 0x76, 0x6f, 0x67, 0x67, 0x72, 0x77, 0x74, 0x77, 0x77,
    0x6d, 0x68, 0x79, 0x85, 0x7e, 0x72, 0x6f, 0x6d, 0x6f, 0x7b,
    0x87, 0x82, 0x7d, 0x7d, 0x84, 0x84, 0x82, 0x80, 0x87, 0x88,
    0x7f, 0x78, 0x85, 0x8c, 0x89, 0x88, 0x84, 0x80, 0x80, 0x8a,
    0x8d, 0x87, 0x7f, 0x7d, 0x89, 0x8e, 0x8e, 0x8c, 0x85, 0x79,
    0x7f, 0x8e, 0x93, 0x8f, 0x90, 0x8d, 0x88, 0x85, 0x88, 0x86,
    0x86, 0x88, 0x8f, 0x92, 0x99, 0x9c, 0x9a, 0x91, 0x8a, 0x91,
    0x9a, 0x9a, 0x94, 0x92, 0x97, 0x96, 0x91, 0x91, 0x9a, 0x9d,
    0x94, 0x8f, 0x95, 0x9f, 0x9a, 0x85, 0x78, 0x83, 0x98, 0x9c,
    0x96, 0x91, 0x86, 0x76, 0x78, 0x85, 0x89, 0x85, 0x8c, 0x8e,
    0x84, 0x7b, 0x77, 0x7f, 0x7f, 0x7e, 0x81, 0x85, 0x83, 0x87,
    0x88, 0x7e, 0x72, 0x70, 0x78, 0x80, 0x85, 0x82, 0x7f, 0x76,
    0x6d, 0x6e, 0x79, 0x7e, 0x75, 0x72, 0x76, 0x7b, 0x80, 0x7f,
    0x75, 0x68, 0x63, 0x6b, 0x70, 0x70, 0x72, 0x70, 0x6b, 0x6d,
    0x75, 0x79, 0x77, 0x6e, 0x6a, 0x67, 0x65, 0x64, 0x71, 0x77,
    0x71, 0x6f, 0x6a, 0x6d, 0x78, 0x7c, 0x6c, 0x5e, 0x61, 0x6f,
    0x79, 0x7a, 0x75, 0x71, 0x6d, 0x6c, 0x73, 0x75, 0x6e, 0x70,
    0x79, 0x7b, 0x7b, 0x7b, 0x7a, 0x71, 0x6c, 0x74, 0x80, 0x86,
    0x87, 0x87, 0x83, 0x76, 0x71, 0x81, 0x8a, 0x86, 0x85, 0x84,
    0x81, 0x81, 0x89, 0x89, 0x81, 0x80, 0x82, 0x87, 0x8b, 0x8f,
    0x87, 0x82, 0x85, 0x8a, 0x8d, 0x8e, 0x8b, 0x85, 0x88, 0x91,
    0x8f, 0x8c, 0x8d, 0x92, 0x91, 0x93, 0x92, 0x8e, 0x88, 0x8b,
    0x91, 0x8f, 0x8b, 0x90, 0x90, 0x91, 0x93, 0x99, 0x98, 0x91,
    0x89, 0x88, 0x8c, 0x92, 0x94, 0x93, 0x92, 0x8f, 0x8a, 0x85,
    0x84, 0x84, 0x8a, 0x8c, 0x8e, 0x88, 0x80, 0x7d, 0x74, 0x71,
    0x76, 0x7d, 0x7c, 0x7e, 0x80, 0x78, 0x6d, 0x67, 0x6f, 0x76,
    0x76, 0x75, 0x70, 0x6a, 0x6a, 0x6e, 0x6c, 0x6b, 0x74, 0x76,
    0x6f, 0x65, 0x62, 0x65, 0x68, 0x71, 0x76, 0x6e, 0x63, 0x62,
    0x67, 0x68, 0x6d, 0x6c, 0x6b, 0x6d, 0x71, 0x6b, 0x66, 0x6a,
    0x74, 0x76, 0x71, 0x6e, 0x69, 0x68, 0x6d, 0x74, 0x77, 0x73,
    0x73, 0x76, 0x74, 0x74, 0x77, 0x7e, 0x7e, 0x7e, 0x81, 0x84,
    0x84, 0x82, 0x88, 0x89, 0x84, 0x87, 0x95, 0x95, 0x8e, 0x8a,
    0x92, 0x99, 0x97, 0x93, 0x8e, 0x92, 0x99, 0x9e, 0x99, 0x97,
    0x99, 0x9d, 0xa3, 0xa7, 0xa3, 0x99, 0x97, 0x97, 0x97, 0x9d,
    0xa4, 0xa8, 0xa7, 0x9b, 0x91, 0x92, 0x9e, 0xa4, 0x9f, 0x9e,
    0x99, 0x92, 0x92, 0x9d, 0x99, 0x8a, 0x8c, 0x9d, 0xa0, 0x9e,
    0x99, 0x91, 0x84, 0x7e, 0x85, 0x8c, 0x8f, 0x90, 0x90, 0x8b,
    0x82, 0x7e, 0x82, 0x7f, 0x7a, 0x7c, 0x7c, 0x7c, 0x79, 0x73,
    0x6c, 0x69, 0x71, 0x7a, 0x7e, 0x7c, 0x70, 0x5d, 0x54, 0x63,
    0x71, 0x73, 0x70, 0x6b, 0x64, 0x60, 0x6c, 0x71, 0x6e, 0x6f,
    0x71, 0x63, 0x53, 0x57, 0x65, 0x6b, 0x6b, 0x6b, 0x68, 0x68,
    0x67, 0x61, 0x5b, 0x5b, 0x69, 0x73, 0x6f, 0x6b, 0x67, 0x60,
    0x5e, 0x64, 0x6d, 0x74, 0x77, 0x72, 0x66, 0x69, 0x6f, 0x69,
    0x66, 0x70, 0x7e, 0x7e, 0x7b, 0x77, 0x72, 0x6f, 0x6e, 0x72,
    0x7a, 0x84, 0x87, 0x81, 0x79, 0x72, 0x77, 0x85, 0x87, 0x84,
    0x81, 0x81, 0x84, 0x86, 0x88, 0x87, 0x88, 0x85, 0x85, 0x8d,
    0x93, 0x88, 0x7c, 0x7d, 0x85, 0x8d, 0x90, 0x90, 0x8b, 0x87,
    0x83, 0x88, 0x8c, 0x93, 0x95, 0x8d, 0x7e, 0x7b, 0x87, 0x93,
    0x8d, 0x86, 0x8b, 0x90, 0x8e, 0x88, 0x84, 0x80, 0x83, 0x89,
    0x8e, 0x8a, 0x8a, 0x8b, 0x87, 0x7e, 0x84, 0x90, 0x95, 0x8e,
    0x83, 0x77, 0x75, 0x7d, 0x89, 0x8e, 0x92, 0x90, 0x8b, 0x87,
    0x88, 0x86, 0x82, 0x85, 0x84, 0x81, 0x82, 0x88, 0x89, 0x86,
    0x86, 0x86, 0x82, 0x80, 0x7d, 0x7d, 0x7d, 0x82, 0x88, 0x8d,
    0x8a, 0x82, 0x78, 0x77, 0x7e, 0x8c, 0x8f, 0x8d, 0x86, 0x81,
    0x7b, 0x7c, 0x85, 0x87, 0x89, 0x87, 0x84, 0x7e, 0x7e, 0x82,
    0x88, 0x88, 0x8c, 0x8e, 0x8f, 0x88, 0x7e, 0x78, 0x7e, 0x86,
    0x87, 0x89, 0x8a, 0x8a, 0x85, 0x82, 0x80, 0x82, 0x83, 0x82,
    0x84, 0x81, 0x82, 0x83, 0x84, 0x7e, 0x73, 0x71, 0x73, 0x76,
    0x78, 0x80, 0x82, 0x7c, 0x71, 0x6d, 0x75, 0x78, 0x77, 0x75,
    0x76, 0x79, 0x78, 0x79, 0x76, 0x76, 0x76, 0x77, 0x75, 0x73,
    0x72, 0x6e, 0x6d, 0x74, 0x7a, 0x7d, 0x7e, 0x7a, 0x76, 0x74,
    0x6e, 0x6a, 0x70, 0x74, 0x78, 0x7c, 0x7c, 0x7b, 0x71, 0x6a,
    0x6f, 0x7a, 0x7a, 0x7b, 0x79, 0x72, 0x63, 0x67, 0x76, 0x7c,
    0x7b, 0x7a, 0x79, 0x77, 0x71, 0x71, 0x71, 0x74, 0x74, 0x76,
    0x75, 0x74, 0x73, 0x74, 0x79, 0x7e, 0x7e, 0x7b, 0x7b, 0x80,
    0x82, 0x7e, 0x74, 0x6e, 0x73, 0x7a, 0x7e, 0x7f, 0x84, 0x86,
    0x86, 0x81, 0x7b, 0x7c, 0x7c, 0x80, 0x85, 0x8d, 0x8e, 0x89,
    0x83, 0x7e, 0x7f, 0x86, 0x8d, 0x92, 0x90, 0x8a, 0x7f, 0x79,
    0x7a, 0x7d, 0x7c, 0x82, 0x89, 0x8e, 0x8b, 0x81, 0x71, 0x6f,
    0x7b, 0x88, 0x89, 0x8c, 0x8e, 0x88, 0x76, 0x6b, 0x79, 0x8e,
    0x91, 0x8c, 0x84, 0x7a, 0x6f, 0x75, 0x84, 0x87, 0x81, 0x82,
    0x85, 0x8a, 0x84, 0x80, 0x83, 0x89, 0x87, 0x84, 0x83, 0x87,
    0x90, 0x90, 0x8b, 0x8b, 0x8c, 0x8b, 0x8c, 0x8f, 0x91, 0x92,
    0x8f, 0x8a, 0x82, 0x82, 0x89, 0x90, 0x91, 0x93, 0x92, 0x8e,
    0x8c, 0x8d, 0x8c, 0x88, 0x8b, 0x91, 0x92, 0x8c, 0x86, 0x86,
    0x8a, 0x8e, 0x89, 0x83, 0x89, 0x90, 0x90, 0x91, 0x8c, 0x7e,
    0x77, 0x82, 0x91, 0x93, 0x91, 0x88, 0x79, 0x76, 0x85, 0x8e,
    0x8e, 0x8d, 0x8f, 0x8a, 0x81, 0x78, 0x7a, 0x85, 0x8c, 0x8b,
    0x85, 0x84, 0x85, 0x85, 0x86, 0x85, 0x7b, 0x74, 0x74, 0x7c,
    0x7e, 0x7d, 0x7c, 0x7d, 0x7d, 0x7a, 0x78, 0x7a, 0x7e, 0x80,
    0x74, 0x69, 0x6b, 0x75, 0x7c, 0x7a, 0x79, 0x78, 0x7a, 0x78,
    0x73, 0x6b, 0x6a, 0x6e, 0x72, 0x71, 0x74, 0x76, 0x74, 0x72,
    0x6e, 0x69, 0x67, 0x66, 0x6b, 0x70, 0x70, 0x6f, 0x6c, 0x6f,
    0x6d, 0x6a, 0x69, 0x73, 0x7d, 0x79, 0x6f, 0x68, 0x64, 0x67,
    0x71, 0x7e, 0x7c, 0x78, 0x70, 0x63, 0x5f, 0x6f, 0x78, 0x78,
    0x79, 0x80, 0x7e, 0x74, 0x6c, 0x71, 0x77, 0x7c, 0x7d, 0x7d,
    0x7c, 0x7a, 0x75, 0x76, 0x78, 0x7a, 0x7b, 0x7f, 0x80, 0x7e,
    0x77, 0x71, 0x74, 0x78, 0x7e, 0x81, 0x83, 0x82, 0x7e, 0x77,
    0x6e, 0x70, 0x77, 0x7d, 0x7c, 0x79, 0x7c, 0x80, 0x83, 0x87,
    0x87, 0x86, 0x81, 0x7f, 0x7f, 0x87, 0x8b, 0x89, 0x87, 0x83,
    0x87, 0x8d, 0x93, 0x91, 0x8a, 0x87, 0x85, 0x86, 0x8b, 0x91,
    0x96, 0x95, 0x91, 0x8b, 0x8a, 0x88, 0x8a, 0x8f, 0x94, 0x96,
    0x93, 0x91, 0x8f, 0x8c, 0x84, 0x81, 0x89, 0x8e, 0x8e, 0x90,
    0x8e, 0x87, 0x82, 0x80, 0x89, 0x8e, 0x90, 0x8f, 0x90, 0x8b,
    0x84, 0x7e, 0x83, 0x8b, 0x8f, 0x91, 0x8f, 0x8d, 0x88, 0x86,
    0x86, 0x8c, 0x8f, 0x8e, 0x8f, 0x90, 0x91, 0x8e, 0x89, 0x83,
    0x82, 0x85, 0x87, 0x88, 0x87, 0x87, 0x83, 0x83, 0x86, 0x8b,
    0x87, 0x82, 0x7c, 0x7b, 0x7a, 0x7f, 0x82, 0x85, 0x87, 0x87,
    0x85, 0x7e, 0x76, 0x73, 0x7c, 0x82, 0x84, 0x83, 0x82, 0x7d,
    0x77, 0x77, 0x7d, 0x80, 0x7a, 0x79, 0x7c, 0x7d, 0x78, 0x78,
    0x7e, 0x7c, 0x77, 0x78, 0x7d, 0x7e, 0x7c, 0x7d, 0x7b, 0x79,
    0x79, 0x7d, 0x7e, 0x7d, 0x7e, 0x7c, 0x78, 0x72, 0x76, 0x7a,
    0x7c, 0x77, 0x74, 0x71, 0x74, 0x77, 0x7b, 0x7c, 0x75, 0x6f,
    0x6f, 0x76, 0x78, 0x78, 0x76, 0x77, 0x76, 0x78, 0x7c, 0x7a,
    0x77, 0x72, 0x71, 0x74, 0x76, 0x7a, 0x79, 0x76, 0x75, 0x78,
    0x73, 0x70, 0x73, 0x75, 0x75, 0x73, 0x75, 0x75, 0x74, 0x72,
    0x6d, 0x68, 0x6c, 0x71, 0x77, 0x78, 0x7a, 0x7c, 0x7d, 0x75,
    0x6e, 0x6a, 0x71, 0x7b, 0x7e, 0x7d, 0x78, 0x72, 0x6c, 0x6d,
    0x76, 0x7b, 0x7a, 0x75, 0x6f, 0x6d, 0x73, 0x7c, 0x81, 0x82,
    0x7f, 0x7c, 0x74, 0x75, 0x7b, 0x81, 0x84, 0x7f, 0x7e, 0x7f,
    0x85, 0x87, 0x86, 0x7f, 0x7a, 0x79, 0x80, 0x84, 0x84, 0x83,
    0x87, 0x89, 0x8a, 0x8b, 0x8b, 0x86, 0x7e, 0x82, 0x8c, 0x91,
    0x8c, 0x84, 0x83, 0x85, 0x8f, 0x96, 0x92, 0x8a, 0x87, 0x8c,
    0x8e, 0x8f, 0x96, 0x9a, 0x97, 0x91, 0x83, 0x7a, 0x84, 0x91,
    0x92, 0x8f, 0x8f, 0x91, 0x8d, 0x8a, 0x8b, 0x89, 0x85, 0x86,
    0x91, 0x94, 0x92, 0x8e, 0x8b, 0x89, 0x8f, 0x94, 0x8f, 0x8a,
    0x8b, 0x90, 0x8d, 0x8d, 0x91, 0x90, 0x8b, 0x83, 0x82, 0x82,
    0x88, 0x8d, 0x8f, 0x8d, 0x8c, 0x8a, 0x83, 0x84, 0x88, 0x89,
    0x88, 0x83, 0x7f, 0x81, 0x88, 0x8b, 0x89, 0x82, 0x7f, 0x82,
    0x82, 0x7d, 0x7a, 0x7d, 0x7a, 0x75, 0x7b, 0x80, 0x84, 0x84,
    0x85, 0x80, 0x79, 0x73, 0x75, 0x7a, 0x7a, 0x78, 0x7f, 0x83,
    0x83, 0x7d, 0x79, 0x74, 0x78, 0x7c, 0x77, 0x76, 0x7b, 0x80,
    0x84, 0x83, 0x7d, 0x71, 0x6f, 0x7e, 0x89, 0x8a, 0x80, 0x75,
    0x67, 0x69, 0x77, 0x83, 0x7f, 0x7a, 0x73, 0x6e, 0x6f, 0x72,
    0x77, 0x79, 0x74, 0x71, 0x6b, 0x65, 0x6b, 0x76, 0x79, 0x76,
    0x72, 0x6e, 0x67, 0x68, 0x72, 0x72, 0x6c, 0x68, 0x68, 0x72,
    0x7a, 0x7b, 0x6c, 0x5f, 0x66, 0x78, 0x7f, 0x7c, 0x76, 0x6e,
    0x64, 0x6d, 0x7b, 0x7f, 0x7a, 0x78, 0x72, 0x70, 0x75, 0x7c,
    0x7e, 0x7b, 0x77, 0x72, 0x73, 0x7c, 0x81, 0x7c, 0x78, 0x73,
    0x74, 0x79, 0x7b, 0x7b, 0x7e, 0x7f, 0x7e, 0x79, 0x74, 0x74,
    0x7a, 0x83, 0x7f, 0x76, 0x7b, 0x7c, 0x77, 0x79, 0x83, 0x85,
    0x81, 0x7a, 0x76, 0x7a, 0x88, 0x8d, 0x87, 0x83, 0x87, 0x8a,
    0x8a, 0x82, 0x7d, 0x82, 0x8b, 0x8e, 0x8a, 0x88, 0x84, 0x82,
    0x82, 0x86, 0x89, 0x8b, 0x90, 0x91, 0x90, 0x8a, 0x83, 0x7d,
    0x81, 0x8f, 0x93, 0x8e, 0x86, 0x83, 0x84, 0x89, 0x8f, 0x8e,
    0x8c, 0x8d, 0x81, 0x78, 0x7d, 0x8b, 0x90, 0x8c, 0x8b, 0x85,
    0x82, 0x85, 0x8e, 0x90, 0x8c, 0x89, 0x89, 0x83, 0x80, 0x84,
    0x8d, 0x8c, 0x87, 0x88, 0x8c, 0x90, 0x93, 0x90, 0x88, 0x7d,
    0x7c, 0x89, 0x8e, 0x8c, 0x8c, 0x8f, 0x8c, 0x89, 0x88, 0x8b,
    0x8d, 0x8e, 0x89, 0x85, 0x86, 0x8e, 0x90, 0x8c, 0x84, 0x86,
    0x8d, 0x93, 0x93, 0x8e, 0x87, 0x85, 0x86, 0x8b, 0x8d, 0x8b,
    0x88, 0x8c, 0x8f, 0x8d, 0x84, 0x82, 0x83, 0x87, 0x8c, 0x8c,
    0x83, 0x79, 0x79, 0x89, 0x8d, 0x8a, 0x86, 0x84, 0x80, 0x7f,
    0x7e, 0x7d, 0x84, 0x86, 0x7f, 0x73, 0x74, 0x77, 0x78, 0x79,
    0x80, 0x81, 0x7f, 0x78, 0x6d, 0x66, 0x6e, 0x77, 0x78, 0x71,
    0x6f, 0x76, 0x79, 0x79, 0x72, 0x6b, 0x68, 0x67, 0x6c, 0x71,
    0x75, 0x70, 0x6a, 0x68, 0x6e, 0x71, 0x72, 0x6f, 0x6b, 0x6d,
    0x71, 0x74, 0x74, 0x6d, 0x66, 0x68, 0x6c, 0x71, 0x74, 0x70,
    0x69, 0x62, 0x66, 0x72, 0x75, 0x71, 0x6c, 0x65, 0x67, 0x6f,
    0x76, 0x72, 0x6a, 0x6b, 0x71, 0x78, 0x79, 0x70, 0x68, 0x65,
    0x6d, 0x73, 0x71, 0x6e, 0x6f, 0x6b, 0x6d, 0x74, 0x7f, 0x7f,
    0x7b, 0x73, 0x6f, 0x6f, 0x79, 0x7f, 0x7f, 0x7c, 0x82, 0x86,
    0x84, 0x7d, 0x7a, 0x7b, 0x81, 0x84, 0x83, 0x80, 0x83, 0x87,
    0x89, 0x87, 0x82, 0x7f, 0x82, 0x86, 0x8c, 0x8d, 0x8a, 0x84,
    0x83, 0x85, 0x8d, 0x8d, 0x86, 0x81, 0x85, 0x8b, 0x92, 0x91,
    0x8c, 0x83, 0x82, 0x89, 0x94, 0x93, 0x90, 0x8b, 0x82, 0x80,
    0x87, 0x92, 0x95, 0x8f, 0x8b, 0x85, 0x87, 0x8d, 0x92, 0x91,
    0x8c, 0x8b, 0x8d, 0x93, 0x96, 0x92, 0x8d, 0x8a, 0x8e, 0x8f,
    0x8c, 0x90, 0x93, 0x94, 0x8f, 0x8e, 0x91, 0x93, 0x90, 0x8a,
    0x84, 0x87, 0x8e, 0x90, 0x8a, 0x88, 0x89, 0x89, 0x85, 0x86,
    0x8b, 0x8e, 0x8b, 0x8c, 0x8b, 0x87, 0x86, 0x87, 0x89, 0x88,
    0x87, 0x85, 0x82, 0x80, 0x7f, 0x80, 0x7e, 0x79, 0x79, 0x7c,
    0x82, 0x82, 0x80, 0x7c, 0x7b, 0x7b, 0x7e, 0x82, 0x81, 0x7e,
    0x78, 0x76, 0x7a, 0x7f, 0x83, 0x80, 0x7e, 0x7d, 0x7b, 0x7b,
    0x7a, 0x7b, 0x7c, 0x77, 0x75, 0x76, 0x7a, 0x78, 0x71, 0x72,
    0x79, 0x7f, 0x81, 0x80, 0x7c, 0x71, 0x6d, 0x72, 0x79, 0x7c,
    0x7b, 0x7d, 0x79, 0x72, 0x70, 0x79, 0x80, 0x7e, 0x78, 0x74,
    0x71, 0x73, 0x79, 0x7d, 0x7c, 0x7a, 0x70, 0x68, 0x69, 0x75,
    0x7d, 0x7c, 0x77, 0x76, 0x72, 0x72, 0x76, 0x7a, 0x79, 0x7d,
    0x7d, 0x7d, 0x79, 0x78, 0x76, 0x75, 0x73, 0x75, 0x77, 0x7a,
    0x75, 0x75, 0x77, 0x7b, 0x7b, 0x7e, 0x80, 0x80, 0x7a, 0x78,
    0x77, 0x74, 0x75, 0x78, 0x80, 0x82, 0x80, 0x7e, 0x7a, 0x75,
    0x79, 0x7e, 0x82, 0x84, 0x85, 0x85, 0x79, 0x6f, 0x73, 0x82,
    0x89, 0x87, 0x85, 0x7e, 0x75, 0x74, 0x81, 0x87, 0x83, 0x82,
    0x81, 0x7f, 0x7b, 0x7e, 0x84, 0x82, 0x7e, 0x7e, 0x83, 0x84,
    0x84, 0x84, 0x83, 0x7f, 0x7d, 0x7b, 0x7b, 0x7d, 0x81, 0x86,
    0x87, 0x85, 0x82, 0x7f, 0x7f, 0x81, 0x85, 0x86, 0x87, 0x88,
    0x85, 0x84, 0x84, 0x85, 0x87, 0x8c, 0x8d, 0x8d, 0x88, 0x81,
    0x7a, 0x7c, 0x80, 0x89, 0x8b, 0x8c, 0x8a, 0x85, 0x82, 0x83,
    0x85, 0x84, 0x83, 0x89, 0x8b, 0x89, 0x87, 0x7f, 0x7c, 0x80,
    0x87, 0x8c, 0x8c, 0x8c, 0x84, 0x77, 0x71, 0x7c, 0x8b, 0x8d,
    0x89, 0x87, 0x7e, 0x77, 0x7d, 0x87, 0x88, 0x82, 0x83, 0x88,
    0x87, 0x84, 0x85, 0x85, 0x84, 0x83, 0x89, 0x8d, 0x8b, 0x88,
    0x85, 0x84, 0x83, 0x87, 0x87, 0x83, 0x7c, 0x7c, 0x85, 0x8a,
    0x8a, 0x86, 0x83, 0x80, 0x7d, 0x7d, 0x81, 0x84, 0x88, 0x85,
    0x7c, 0x79, 0x78, 0x7d, 0x82, 0x85, 0x87, 0x83, 0x7e, 0x75,
    0x74, 0x7a, 0x82, 0x83, 0x82, 0x7f, 0x7b, 0x73, 0x71, 0x7a,
    0x7e, 0x7d, 0x7d, 0x7f, 0x7e, 0x7a, 0x78, 0x75, 0x74, 0x79,
    0x7c, 0x7c, 0x7e, 0x7c, 0x79, 0x78, 0x7c, 0x7b, 0x78, 0x79,
    0x7c, 0x79, 0x78, 0x7c, 0x83, 0x83, 0x7d, 0x78, 0x79, 0x7a,
    0x77, 0x78, 0x7b, 0x7f, 0x7c, 0x74, 0x73, 0x77, 0x79, 0x7b,
    0x7d, 0x7f, 0x80, 0x77, 0x71, 0x71, 0x75, 0x7c, 0x7f, 0x7e,
    0x78, 0x73, 0x73, 0x79, 0x7d, 0x83, 0x85, 0x85, 0x7d, 0x72,
    0x6d, 0x75, 0x7d, 0x82, 0x81, 0x7f, 0x7d, 0x79, 0x7b, 0x7e,
    0x81, 0x81, 0x80, 0x84, 0x85, 0x85, 0x7e, 0x7b, 0x7d, 0x83,
    0x84, 0x85, 0x84, 0x86, 0x87, 0x83, 0x80, 0x7b, 0x7d, 0x80,
    0x85, 0x88, 0x86, 0x85, 0x85, 0x85, 0x7d, 0x7a, 0x7e, 0x84,
    0x7f, 0x7e, 0x83, 0x88, 0x86, 0x81, 0x7e, 0x80, 0x84, 0x85,
    0x89, 0x88, 0x87, 0x84, 0x7d, 0x7c, 0x80, 0x87, 0x87, 0x86,
    0x83, 0x83, 0x7e, 0x7c, 0x80, 0x87, 0x85, 0x83, 0x80, 0x80,
    0x7e, 0x7d, 0x81, 0x84, 0x83, 0x86, 0x86, 0x83, 0x7c, 0x79,
    0x7c, 0x83, 0x86, 0x86, 0x85, 0x84, 0x84, 0x84, 0x84, 0x80,
    0x7e, 0x7f, 0x82, 0x80, 0x7f, 0x7e, 0x81, 0x83, 0x82, 0x82,
    0x81, 0x80, 0x82, 0x83, 0x82, 0x7e, 0x7b, 0x80, 0x83, 0x84,
    0x81, 0x7f, 0x7b, 0x78, 0x79, 0x7e, 0x84, 0x84, 0x84, 0x7d,
    0x76, 0x72, 0x78, 0x7d, 0x7f, 0x81, 0x81, 0x80, 0x7a, 0x79,
    0x7e, 0x81, 0x83, 0x81, 0x83, 0x81, 0x81, 0x7e, 0x7d, 0x7a,
    0x7c, 0x7e, 0x81, 0x81, 0x81, 0x7b, 0x76, 0x73, 0x78, 0x7e,
    0x7e, 0x7f, 0x80, 0x7f, 0x80, 0x7d, 0x7c, 0x7c, 0x7d, 0x7a,
    0x7b, 0x7c, 0x7b, 0x7b, 0x7a, 0x7c, 0x7b, 0x7b, 0x7a, 0x7c,
    0x7b, 0x7c, 0x78, 0x75, 0x75, 0x79, 0x7c, 0x7f, 0x7c, 0x77,
    0x76, 0x75, 0x78, 0x78, 0x7a, 0x7b, 0x7e, 0x7d, 0x7b, 0x79,
    0x7d, 0x7f, 0x7d, 0x7b, 0x7b, 0x7e, 0x7d, 0x7d, 0x7e, 0x7c,
    0x7a, 0x79, 0x7b, 0x80, 0x83, 0x81, 0x7f, 0x7a, 0x76, 0x7a,
    0x7e, 0x81, 0x7e, 0x7e, 0x7e, 0x81, 0x80, 0x81, 0x80, 0x7f,
    0x80, 0x80, 0x83, 0x83, 0x84, 0x80, 0x7b, 0x7d, 0x81, 0x86,
    0x83, 0x82, 0x81, 0x82, 0x83, 0x81, 0x84, 0x87, 0x86, 0x84,
    0x82, 0x84, 0x84, 0x84, 0x84, 0x87, 0x8a, 0x8a, 0x89, 0x84,
    0x83, 0x86, 0x8a, 0x83, 0x7e, 0x7f, 0x88, 0x8c, 0x88, 0x85,
    0x81, 0x7f, 0x80, 0x84, 0x8b, 0x8c, 0x89, 0x85, 0x7d, 0x7c,
    0x81, 0x87, 0x8b, 0x8a, 0x88, 0x85, 0x81, 0x80, 0x80, 0x81,
    0x7e, 0x81, 0x84, 0x89, 0x88, 0x87, 0x85, 0x83, 0x85, 0x86,
    0x86, 0x86, 0x82, 0x80, 0x80, 0x87, 0x88, 0x87, 0x83, 0x80,
    0x80, 0x80, 0x81, 0x80, 0x80, 0x80, 0x82, 0x83, 0x81, 0x7e,
    0x76, 0x74, 0x77, 0x7e, 0x81, 0x83, 0x83, 0x82, 0x7e, 0x78,
    0x76, 0x79, 0x7e, 0x7f, 0x7e, 0x81, 0x82, 0x83, 0x7e, 0x79,
    0x7d, 0x82, 0x83, 0x7a, 0x74, 0x75, 0x7c, 0x81, 0x83, 0x80,
    0x7f, 0x7a, 0x7a, 0x7e, 0x80, 0x80, 0x7f, 0x7f, 0x7c, 0x76,
    0x78, 0x7e, 0x85, 0x83, 0x7f, 0x79, 0x79, 0x7a, 0x7b, 0x79,
    0x7a, 0x79, 0x74, 0x70, 0x75, 0x7b, 0x7e, 0x7c, 0x77, 0x72,
    0x72, 0x7a, 0x7b, 0x77, 0x73, 0x74, 0x75, 0x79, 0x79, 0x7a,
    0x78, 0x78, 0x72, 0x6e, 0x71, 0x7a, 0x7f, 0x7c, 0x79, 0x78,
    0x79, 0x78, 0x76, 0x77, 0x77, 0x7a, 0x7a, 0x78, 0x74, 0x72,
    0x76, 0x79, 0x7b, 0x7d, 0x7c, 0x7c, 0x78, 0x77, 0x76, 0x79,
    0x7b, 0x81, 0x84, 0x83, 0x7b, 0x70, 0x6f, 0x73, 0x7c, 0x7e,
    0x7c, 0x7e, 0x7e, 0x7d, 0x79, 0x7a, 0x7c, 0x7d, 0x79, 0x76,
    0x77, 0x7f, 0x83, 0x81, 0x79, 0x75, 0x7b, 0x81, 0x87, 0x88,
    0x89, 0x87, 0x82, 0x7a, 0x7d, 0x86, 0x8e, 0x88, 0x84, 0x80,
    0x85, 0x8a, 0x8c, 0x89, 0x87, 0x85, 0x83, 0x88, 0x8e, 0x91,
    0x8d, 0x89, 0x82, 0x7f, 0x85, 0x89, 0x8a, 0x89, 0x8a, 0x88,
    0x85, 0x88, 0x8d, 0x93, 0x94, 0x94, 0x8d, 0x86, 0x84, 0x88,
    0x8f, 0x90, 0x90, 0x90, 0x91, 0x8d, 0x87, 0x82, 0x87, 0x8e,
    0x92, 0x92, 0x90, 0x91, 0x8b, 0x82, 0x7d, 0x86, 0x8f, 0x91,
    0x8e, 0x90, 0x8e, 0x87, 0x82, 0x84, 0x8c, 0x91, 0x92, 0x8f,
    0x8d, 0x8d, 0x90, 0x8c, 0x85, 0x82, 0x87, 0x88, 0x83, 0x85,
    0x8a, 0x8d, 0x88, 0x7f, 0x7d, 0x7f, 0x84, 0x82, 0x80, 0x82,
    0x85, 0x86, 0x85, 0x81, 0x7c, 0x7b, 0x81, 0x81, 0x80, 0x83,
    0x85, 0x83, 0x7b, 0x76, 0x79, 0x81, 0x83, 0x84, 0x7f, 0x75,
    0x6c, 0x6c, 0x79, 0x7e, 0x7f, 0x7c, 0x75, 0x6e, 0x6f, 0x79,
    0x7b, 0x79, 0x77, 0x74, 0x72, 0x71, 0x74, 0x73, 0x74, 0x76,
    0x74, 0x6e, 0x70, 0x79, 0x78, 0x71, 0x6f, 0x72, 0x7a, 0x79,
    0x74, 0x72, 0x78, 0x75, 0x70, 0x71, 0x74, 0x76, 0x74, 0x74,
    0x72, 0x70, 0x70, 0x73, 0x72, 0x71, 0x75, 0x79, 0x75, 0x70,
    0x6f, 0x75, 0x78, 0x76, 0x76, 0x75, 0x75, 0x72, 0x73, 0x74,
    0x79, 0x7c, 0x7b, 0x7a, 0x75, 0x70, 0x71, 0x78, 0x7a, 0x7a,
    0x7b, 0x7f, 0x7d, 0x74, 0x6e, 0x6f, 0x79, 0x7f, 0x7c, 0x77,
    0x74, 0x77, 0x7c, 0x81, 0x80, 0x7b, 0x7b, 0x77, 0x76, 0x79,
    0x82, 0x82, 0x7c, 0x7b, 0x7c, 0x7d, 0x80, 0x84, 0x88, 0x86,
    0x81, 0x76, 0x72, 0x7b, 0x85, 0x86, 0x80, 0x83, 0x86, 0x81,
    0x7c, 0x7a, 0x80, 0x85, 0x85, 0x80, 0x82, 0x83, 0x85, 0x87,
    0x8a, 0x87, 0x84, 0x84, 0x87, 0x85, 0x83, 0x85, 0x88, 0x89,
    0x89, 0x88, 0x88, 0x86, 0x85, 0x87, 0x8a, 0x88, 0x86, 0x85,
    0x88, 0x88, 0x88, 0x87, 0x89, 0x8c, 0x8a, 0x89, 0x86, 0x87,
    0x88, 0x8e, 0x91, 0x8e, 0x85, 0x82, 0x86, 0x8e, 0x8f, 0x8f,
    0x8f, 0x91, 0x8e, 0x8a, 0x89, 0x8c, 0x8c, 0x8d, 0x8d, 0x8d,
    0x8b, 0x8c, 0x8b, 0x8a, 0x89, 0x8c, 0x8b, 0x8c, 0x8c, 0x8c,
    0x87, 0x83, 0x82, 0x89, 0x8d, 0x8a, 0x82, 0x82, 0x87, 0x8a,
    0x86, 0x88, 0x88, 0x84, 0x80, 0x80, 0x84, 0x87, 0x89, 0x8c,
    0x89, 0x85, 0x80, 0x7f, 0x84, 0x86, 0x85, 0x7e, 0x7b, 0x7b,
    0x82, 0x85, 0x81, 0x7c, 0x78, 0x79, 0x7b, 0x7d, 0x7b, 0x7d,
    0x7f, 0x7d, 0x78, 0x73, 0x76, 0x7b, 0x82, 0x80, 0x78, 0x70,
    0x75, 0x7d, 0x7d, 0x7c, 0x76, 0x73, 0x72, 0x73, 0x77, 0x79,
    0x7c, 0x79, 0x75, 0x6c, 0x69, 0x6d, 0x77, 0x79, 0x74, 0x71,
    0x71, 0x70, 0x71, 0x73, 0x74, 0x72, 0x73, 0x73, 0x73, 0x74,
    0x72, 0x72, 0x72, 0x75, 0x76, 0x75, 0x6e, 0x6c, 0x71, 0x78,
    0x7c, 0x76, 0x73, 0x72, 0x6c, 0x6b, 0x70, 0x75, 0x74, 0x70,
    0x70, 0x76, 0x78, 0x79, 0x7b, 0x7c, 0x77, 0x76, 0x78, 0x7b,
    0x7c, 0x82, 0x84, 0x7e, 0x79, 0x77, 0x7b, 0x7c, 0x7b, 0x7c,
    0x7d, 0x7b, 0x73, 0x71, 0x77, 0x7d, 0x81, 0x7f, 0x7b, 0x70,
    0x69, 0x6f, 0x7b, 0x81, 0x7f, 0x81, 0x7c, 0x75, 0x75, 0x7e,
    0x87, 0x86, 0x84, 0x7e, 0x7d, 0x7c, 0x82, 0x86, 0x84, 0x83,
    0x82, 0x82, 0x7f, 0x80, 0x81, 0x82, 0x85, 0x86, 0x88, 0x86,
    0x86, 0x85, 0x88, 0x88, 0x86, 0x84, 0x85, 0x85, 0x89, 0x8b,
    0x8c, 0x8a, 0x8a, 0x88, 0x88, 0x89, 0x8b, 0x8f, 0x8e, 0x88,
    0x83, 0x82, 0x8b, 0x91, 0x92, 0x8e, 0x8b, 0x85, 0x81, 0x83,
    0x89, 0x8e, 0x8e, 0x8f, 0x8c, 0x8a, 0x86, 0x87, 0x8f, 0x93,
    0x92, 0x90, 0x8b, 0x87, 0x85, 0x8c, 0x90, 0x90, 0x8e, 0x8f,
    0x8b, 0x86, 0x85, 0x8c, 0x90, 0x8e, 0x8a, 0x84, 0x7f, 0x82,
    0x88, 0x8a, 0x89, 0x88, 0x8a, 0x86, 0x82, 0x83, 0x87, 0x8b,
    0x8b, 0x8d, 0x8b, 0x8a, 0x85, 0x82, 0x82, 0x88, 0x8a, 0x8b,
    0x88, 0x83, 0x82, 0x81, 0x82, 0x80, 0x7f, 0x80, 0x81, 0x82,
    0x7f, 0x80, 0x80, 0x81, 0x7e, 0x7b, 0x79, 0x7d, 0x81, 0x80,
    0x7d, 0x78, 0x74, 0x75, 0x7d, 0x81, 0x81, 0x7c, 0x77, 0x73,
    0x74, 0x7b, 0x7f, 0x81, 0x7d, 0x77, 0x77, 0x76, 0x77, 0x7b,
    0x7e, 0x7d, 0x79, 0x79, 0x77, 0x75, 0x77, 0x76, 0x77, 0x76,
    0x79, 0x79, 0x78, 0x72, 0x72, 0x75, 0x78, 0x7a, 0x7a, 0x7a,
    0x77, 0x74, 0x75, 0x77, 0x7b, 0x79, 0x77, 0x72, 0x6f, 0x6f,
    0x74, 0x76, 0x76, 0x75, 0x74, 0x71, 0x6f, 0x6e, 0x72, 0x74,
    0x75, 0x72, 0x73, 0x72, 0x76, 0x79, 0x77, 0x72, 0x72, 0x76,
    0x78, 0x78, 0x76, 0x77, 0x76, 0x78, 0x78, 0x7a, 0x79, 0x7a,
    0x7e, 0x7f, 0x7b, 0x75, 0x73, 0x77, 0x7f, 0x7f, 0x7c, 0x76,
    0x74, 0x7b, 0x82, 0x81, 0x79, 0x7c, 0x7c, 0x7c, 0x82, 0x86,
    0x81, 0x7c, 0x7c, 0x80, 0x84, 0x86, 0x88, 0x87, 0x84, 0x82,
    0x85, 0x89, 0x88, 0x84, 0x7d, 0x7c, 0x81, 0x89, 0x89, 0x82,
    0x80, 0x80, 0x82, 0x82, 0x85, 0x88, 0x87, 0x88, 0x88, 0x87,
    0x84, 0x81, 0x86, 0x8c, 0x8e, 0x8b, 0x8d, 0x8c, 0x87, 0x81,
    0x82, 0x8a, 0x8d, 0x8d, 0x8c, 0x8d, 0x8d, 0x8a, 0x84, 0x85,
    0x88, 0x87, 0x84, 0x85, 0x8b, 0x88, 0x88, 0x89, 0x8a, 0x86,
    0x85, 0x87, 0x8b, 0x89, 0x86, 0x80, 0x81, 0x89, 0x90, 0x8d,
    0x87, 0x7e, 0x7b, 0x7f, 0x83, 0x7f, 0x82, 0x89, 0x88, 0x86,
    0x85, 0x82, 0x7d, 0x7a, 0x80, 0x82, 0x82, 0x81, 0x85, 0x85,
    0x7f, 0x7b, 0x7c, 0x84, 0x88, 0x85, 0x81, 0x83, 0x84, 0x84,
    0x80, 0x7c, 0x7e, 0x81, 0x7f, 0x7f, 0x7f, 0x81, 0x7f, 0x7e,
    0x7f, 0x80, 0x7b, 0x7c, 0x80, 0x84, 0x80, 0x7e, 0x7d, 0x7d,
    0x7a, 0x78, 0x7b, 0x7c, 0x7b, 0x76, 0x75, 0x78, 0x7f, 0x80,
    0x7f, 0x7e, 0x7a, 0x73, 0x6e, 0x75, 0x7b, 0x7c, 0x7a, 0x7a,
    0x7b, 0x79, 0x76, 0x79, 0x7a, 0x7b, 0x7b, 0x79, 0x7b, 0x7e,
    0x7f, 0x7a, 0x73, 0x73, 0x76, 0x7a, 0x7a, 0x78, 0x78, 0x78,
    0x75, 0x76, 0x79, 0x7d, 0x7a, 0x7a, 0x7b, 0x7a, 0x78, 0x7b,
    0x7e, 0x7e, 0x7a, 0x76, 0x75, 0x77, 0x7b, 0x7c, 0x7a, 0x7d,
    0x7c, 0x78, 0x74, 0x77, 0x7c, 0x7f, 0x7d, 0x7b, 0x78, 0x73,
    0x71, 0x72, 0x77, 0x7d, 0x7d, 0x7b, 0x77, 0x76, 0x79, 0x79,
    0x7b, 0x7c, 0x80, 0x7f, 0x7e, 0x7c, 0x7b, 0x79, 0x7c, 0x80,
    0x82, 0x82, 0x80, 0x80, 0x7c, 0x7c, 0x7c, 0x7f, 0x82, 0x85,
    0x83, 0x80, 0x7d, 0x7f, 0x82, 0x82, 0x82, 0x80, 0x83, 0x86,
    0x88, 0x86, 0x83, 0x81, 0x81, 0x84, 0x84, 0x86, 0x86, 0x88,
    0x85, 0x82, 0x80, 0x82, 0x87, 0x86, 0x85, 0x84, 0x86, 0x84,
    0x83, 0x83, 0x85, 0x89, 0x8a, 0x88, 0x82, 0x80, 0x86, 0x8b,
    0x8e, 0x8d, 0x89, 0x84, 0x82, 0x89, 0x8f, 0x8f, 0x8a, 0x86,
    0x86, 0x88, 0x8b, 0x8b, 0x8b, 0x8a, 0x88, 0x85, 0x82, 0x86,
    0x88, 0x8a, 0x89, 0x86, 0x85, 0x84, 0x84, 0x86, 0x87, 0x87,
    0x89, 0x87, 0x86, 0x87, 0x88, 0x85, 0x82, 0x82, 0x86, 0x85,
    0x85, 0x84, 0x83, 0x81, 0x7e, 0x82, 0x86, 0x87, 0x83, 0x7e,
    0x7e, 0x80, 0x85, 0x84, 0x83, 0x80, 0x81, 0x81, 0x82, 0x83,
    0x85, 0x81, 0x7e, 0x7b, 0x7b, 0x7e, 0x7d, 0x7f, 0x80, 0x7d,
    0x7b, 0x79, 0x7b, 0x7b, 0x7a, 0x7b, 0x7a, 0x7b, 0x7b, 0x7c,
    0x7b, 0x7a, 0x76, 0x76, 0x74, 0x75, 0x76, 0x7a, 0x79, 0x75,
    0x77, 0x79, 0x7d, 0x7b, 0x77, 0x72, 0x72, 0x73, 0x74, 0x73,
    0x75, 0x78, 0x7b, 0x78, 0x76, 0x72, 0x71, 0x75, 0x78, 0x78,
    0x77, 0x77, 0x74, 0x72, 0x70, 0x73, 0x75, 0x78, 0x78, 0x78,
    0x74, 0x71, 0x73, 0x75, 0x77, 0x75, 0x75, 0x79, 0x7b, 0x79,
    0x75, 0x70, 0x71, 0x76, 0x7a, 0x7b, 0x77, 0x75, 0x75, 0x77,
    0x7b, 0x7d, 0x7e, 0x7e, 0x7f, 0x7c, 0x7c, 0x7b, 0x7e, 0x80,
    0x7d, 0x7b, 0x7b, 0x7f, 0x80, 0x80, 0x80, 0x82, 0x85, 0x83,
    0x82, 0x81, 0x82, 0x81, 0x84, 0x88, 0x87, 0x87, 0x84, 0x84,
    0x86, 0x87, 0x89, 0x8a, 0x8b, 0x88, 0x88, 0x88, 0x88, 0x8a,
    0x87, 0x84, 0x85, 0x8b, 0x8c, 0x8c, 0x89, 0x87, 0x8a, 0x8a,
    0x8b, 0x89, 0x8c, 0x8d, 0x8b, 0x8b, 0x8b, 0x8d, 0x8c, 0x8d,
    0x8a, 0x88, 0x87, 0x8b, 0x8d, 0x8e, 0x8c, 0x8b, 0x89, 0x8b,
    0x8b, 0x8c, 0x89, 0x89, 0x88, 0x8b, 0x8e, 0x8d, 0x8a, 0x84,
    0x81, 0x82, 0x86, 0x88, 0x89, 0x88, 0x88, 0x88, 0x86, 0x85,
    0x83, 0x84, 0x81, 0x82, 0x84, 0x88, 0x87, 0x87, 0x86, 0x85,
    0x7f, 0x7a, 0x79, 0x7e, 0x80, 0x81, 0x7f, 0x7e, 0x7d, 0x7e,
    0x7c, 0x7a, 0x7d, 0x7e, 0x7c, 0x7d, 0x7a, 0x77, 0x76, 0x79,
    0x7f, 0x7e, 0x7d, 0x7c, 0x7b, 0x7e, 0x7d, 0x7a, 0x75, 0x78,
    0x7d, 0x7e, 0x7d, 0x7a, 0x78, 0x75, 0x76, 0x78, 0x7a, 0x7d,
    0x7b, 0x79, 0x73, 0x6f, 0x73, 0x7b, 0x7d, 0x7a, 0x79, 0x75,
    0x73, 0x75, 0x77, 0x7a, 0x79, 0x78, 0x75, 0x76, 0x76, 0x78,
    0x75, 0x73, 0x70, 0x6e, 0x72, 0x75, 0x77, 0x75, 0x76, 0x75,
    0x74, 0x6e, 0x6e, 0x71, 0x72, 0x72, 0x73, 0x76, 0x74, 0x75,
    0x73, 0x73, 0x74, 0x77, 0x7a, 0x79, 0x76, 0x74, 0x77, 0x77,
    0x79, 0x78, 0x77, 0x77, 0x79, 0x7e, 0x7e, 0x7e, 0x78, 0x73,
    0x73, 0x79, 0x7e, 0x79, 0x76, 0x76, 0x7b, 0x7c, 0x7a, 0x77,
    0x75, 0x76, 0x7b, 0x7b, 0x79, 0x77, 0x78, 0x7d, 0x80, 0x7e,
    0x7e, 0x7e, 0x80, 0x7d, 0x79, 0x77, 0x7c, 0x86, 0x87, 0x84,
    0x7e, 0x7b, 0x7a, 0x81, 0x87, 0x8a, 0x87, 0x86, 0x82, 0x83,
    0x83, 0x85, 0x87, 0x8b, 0x8c, 0x8b, 0x88, 0x89, 0x8b, 0x8c,
    0x88, 0x89, 0x8c, 0x8f, 0x90, 0x8d, 0x8b, 0x8a, 0x8a, 0x8d,
    0x8e, 0x8f, 0x8d, 0x8a, 0x8b, 0x8b, 0x8e, 0x8d, 0x8d, 0x8f,
    0x91, 0x92, 0x8c, 0x88, 0x86, 0x8b, 0x8f, 0x90, 0x8e, 0x8d,
    0x8b, 0x8d, 0x8e, 0x8d, 0x8a, 0x8a, 0x8a, 0x8e, 0x8f, 0x92,
    0x90, 0x90, 0x8d, 0x8b, 0x88, 0x8b, 0x8b, 0x88, 0x89, 0x8a,
    0x8a, 0x88, 0x86, 0x87, 0x86, 0x86, 0x84, 0x86, 0x88, 0x87,
    0x84, 0x83, 0x85, 0x82, 0x83, 0x85, 0x88, 0x84, 0x81, 0x7d,
    0x7d, 0x7f, 0x81, 0x83, 0x82, 0x80, 0x7d, 0x7e, 0x7d, 0x7f,
    0x80, 0x81, 0x7e, 0x7b, 0x7d, 0x7f, 0x7e, 0x7d, 0x79, 0x7a,
    0x7a, 0x7c, 0x7b, 0x7a, 0x77, 0x76, 0x73, 0x75, 0x78, 0x79,
    0x79, 0x77, 0x77, 0x77, 0x74, 0x74, 0x75, 0x77, 0x7a, 0x78,
    0x74, 0x73, 0x75, 0x79, 0x78, 0x75, 0x72, 0x73, 0x74, 0x74,
    0x74, 0x77, 0x77, 0x78, 0x75, 0x72, 0x73, 0x75, 0x78, 0x77,
    0x77, 0x76, 0x73, 0x73, 0x72, 0x75, 0x75, 0x78, 0x78, 0x78,
    0x76, 0x73, 0x70, 0x72, 0x76, 0x77, 0x75, 0x75, 0x76, 0x75,
    0x73, 0x75, 0x76, 0x78, 0x77, 0x77, 0x77, 0x75, 0x76, 0x76,
    0x74, 0x76, 0x78, 0x7a, 0x79, 0x78, 0x78, 0x7b, 0x7a, 0x7a,
    0x79, 0x79, 0x7e, 0x7e, 0x7d, 0x7a, 0x7a, 0x7b, 0x7e, 0x80,
    0x80, 0x7f, 0x7b, 0x79, 0x7a, 0x7c, 0x81, 0x82, 0x85, 0x84,
    0x82, 0x82, 0x7e, 0x7e, 0x7f, 0x81, 0x86, 0x88, 0x87, 0x83,
    0x82, 0x7f, 0x83, 0x87, 0x8b, 0x88, 0x86, 0x84, 0x84, 0x86,
    0x89, 0x88, 0x87, 0x87, 0x86, 0x87, 0x86, 0x88, 0x8a, 0x87,
    0x85, 0x84, 0x8a, 0x8d, 0x8d, 0x8c, 0x8a, 0x85, 0x88, 0x8e,
    0x8d, 0x8b, 0x8a, 0x89, 0x86, 0x88, 0x8a, 0x8c, 0x8b, 0x8c,
    0x8d, 0x88, 0x85, 0x84, 0x88, 0x89, 0x89, 0x88, 0x87, 0x89,
    0x88, 0x87, 0x84, 0x86, 0x87, 0x88, 0x86, 0x84, 0x84, 0x86,
    0x89, 0x8c, 0x8a, 0x84, 0x7e, 0x7e, 0x84, 0x85, 0x86, 0x88,
    0x87, 0x84, 0x7f, 0x81, 0x84, 0x85, 0x82, 0x80, 0x83, 0x84,
    0x84, 0x80, 0x7d, 0x7b, 0x7e, 0x80, 0x83, 0x81, 0x80, 0x7d,
    0x79, 0x7a, 0x7e, 0x81, 0x7c, 0x7b, 0x7d, 0x80, 0x81, 0x80,
    0x7a, 0x78, 0x79, 0x7c, 0x7f, 0x80, 0x7f, 0x7b, 0x76, 0x75,
    0x77, 0x7f, 0x80, 0x7d, 0x7b, 0x77, 0x74, 0x75, 0x7b, 0x7c,
    0x78, 0x79, 0x7a, 0x7b, 0x79, 0x77, 0x78, 0x78, 0x77, 0x76,
    0x74, 0x76, 0x78, 0x79, 0x78, 0x77, 0x75, 0x75, 0x77, 0x78,
    0x77, 0x78, 0x78, 0x79, 0x75, 0x72, 0x6f, 0x71, 0x78, 0x7a,
    0x77, 0x78, 0x75, 0x73, 0x71, 0x76, 0x77, 0x77, 0x75, 0x77,
    0x79, 0x79, 0x78, 0x76, 0x78, 0x78, 0x7b, 0x7b, 0x7a, 0x7b,
    0x78, 0x78, 0x75, 0x76, 0x7a, 0x7d, 0x7c, 0x77, 0x79, 0x7a,
    0x7b, 0x77, 0x74, 0x74, 0x7b, 0x7d, 0x7d, 0x7c, 0x7a, 0x7a,
    0x7c, 0x80, 0x82, 0x81, 0x7f, 0x7d, 0x7c, 0x7f, 0x80, 0x80,
    0x82, 0x81, 0x81, 0x81, 0x82, 0x80, 0x7f, 0x80, 0x85, 0x87,
    0x86, 0x86, 0x81, 0x81, 0x86, 0x87, 0x87, 0x86, 0x87, 0x86,
    0x83, 0x86, 0x88, 0x8a, 0x86, 0x87, 0x87, 0x85, 0x85, 0x85,
    0x86, 0x8a, 0x89, 0x88, 0x87, 0x85, 0x87, 0x8a, 0x8a, 0x89,
    0x87, 0x88, 0x88, 0x8a, 0x88, 0x89, 0x89, 0x8d, 0x8c, 0x8c,
    0x89, 0x89, 0x8a, 0x8c, 0x8b, 0x8d, 0x8e, 0x8e, 0x8b, 0x8a,
    0x8d, 0x8e, 0x90, 0x8d, 0x8b, 0x85, 0x87, 0x8c, 0x8c, 0x8a,
    0x86, 0x85, 0x86, 0x89, 0x89, 0x88, 0x83, 0x82, 0x82, 0x86,
    0x87, 0x87, 0x86, 0x85, 0x86, 0x84, 0x84, 0x81, 0x81, 0x83,
    0x88, 0x88, 0x88, 0x83, 0x7e, 0x79, 0x7d, 0x81, 0x83, 0x82,
    0x83, 0x7f, 0x7c, 0x7a, 0x80, 0x83, 0x81, 0x7e, 0x7f, 0x7e,
    0x7e, 0x7c, 0x7d, 0x7b, 0x7b, 0x7b, 0x7c, 0x7c, 0x7c, 0x7a,
    0x7b, 0x79, 0x79, 0x77, 0x78, 0x78, 0x79, 0x78, 0x79, 0x78,
    0x78, 0x75, 0x75, 0x75, 0x77, 0x78, 0x77, 0x76, 0x75, 0x74,
    0x74, 0x76, 0x7a, 0x79, 0x78, 0x76, 0x75, 0x74, 0x74, 0x78,
    0x78, 0x78, 0x77, 0x76, 0x76, 0x76, 0x77, 0x77, 0x78, 0x77,
    0x77, 0x75, 0x75, 0x74, 0x76, 0x75, 0x76, 0x76, 0x78, 0x76,
    0x77, 0x76, 0x77, 0x77, 0x79, 0x78, 0x78, 0x76, 0x77, 0x78,
    0x7a, 0x7a, 0x7b, 0x79, 0x79, 0x79, 0x78, 0x7a, 0x7a, 0x7c,
    0x7d, 0x7c, 0x7d, 0x7b, 0x7c, 0x7c, 0x7b, 0x7c, 0x7b, 0x7d,
    0x7d, 0x7e, 0x7d, 0x7d, 0x7f, 0x7f, 0x81, 0x81, 0x7f, 0x80,
    0x7f, 0x7e, 0x7f, 0x7f, 0x82, 0x82, 0x84, 0x84, 0x82, 0x81,
    0x80, 0x82, 0x83, 0x84, 0x82, 0x83, 0x83, 0x83, 0x85, 0x86,
    0x85, 0x85, 0x85, 0x85, 0x87, 0x87, 0x86, 0x87, 0x86, 0x87,
    0x88, 0x89, 0x88, 0x89, 0x88, 0x89, 0x88, 0x88, 0x89, 0x89,
    0x8b, 0x8a, 0x8a, 0x8a, 0x8a, 0x89, 0x88, 0x86, 0x88, 0x87,
    0x89, 0x8a, 0x89, 0x89, 0x88, 0x8b, 0x8b, 0x8b, 0x89, 0x87,
    0x87, 0x88, 0x8a, 0x8c, 0x8b, 0x8b, 0x88, 0x88, 0x89, 0x8b,
    0x8b, 0x8b, 0x87, 0x82, 0x84, 0x87, 0x8a, 0x89, 0x8a, 0x88,
    0x86, 0x87, 0x86, 0x85, 0x82, 0x82, 0x81, 0x84, 0x84, 0x83,
    0x7f, 0x7f, 0x80, 0x83, 0x83, 0x81, 0x80, 0x7d, 0x7d, 0x7d,
    0x7f, 0x7d, 0x7d, 0x7d, 0x7e, 0x7e, 0x7f, 0x7d, 0x7c, 0x7b,
    0x79, 0x7a, 0x7a, 0x79, 0x79, 0x79, 0x7a, 0x7a, 0x79, 0x79,
    0x7a, 0x78, 0x78, 0x77, 0x77, 0x79, 0x79, 0x78, 0x78, 0x78,
    0x7a, 0x7a, 0x75, 0x72, 0x72, 0x76, 0x76, 0x78, 0x78, 0x76,
    0x74, 0x70, 0x71, 0x72, 0x76, 0x76, 0x78, 0x76, 0x74, 0x71,
    0x70, 0x76, 0x78, 0x76, 0x70, 0x6f, 0x72, 0x77, 0x74, 0x72,
    0x72, 0x75, 0x76, 0x77, 0x78, 0x75, 0x74, 0x73, 0x76, 0x79,
    0x78, 0x77, 0x74, 0x76, 0x78, 0x7b, 0x7b, 0x7b, 0x7a, 0x77,
    0x75, 0x76, 0x7a, 0x78, 0x78, 0x7a, 0x7c, 0x7e, 0x7b, 0x79,
    0x78, 0x79, 0x7d, 0x7c, 0x7e, 0x7c, 0x7d, 0x7e, 0x7d, 0x7e,
    0x7d, 0x7e, 0x7e, 0x7d, 0x7d, 0x7c, 0x7e, 0x80, 0x7f, 0x80,
    0x80, 0x84, 0x86, 0x83, 0x7e, 0x7a, 0x7f, 0x85, 0x89, 0x87,
    0x86, 0x85, 0x82, 0x82, 0x84, 0x88, 0x89, 0x8d, 0x8e, 0x8c,
    0x87, 0x84, 0x84, 0x8b, 0x8f, 0x8e, 0x8d, 0x8d, 0x8c, 0x88,
    0x86, 0x89, 0x8d, 0x90, 0x8f, 0x8e, 0x8c, 0x8a, 0x8a, 0x8a,
    0x8c, 0x8b, 0x8c, 0x8c, 0x8b, 0x8c, 0x8a, 0x8b, 0x8a, 0x8c,
    0x8c, 0x8d, 0x8a, 0x88, 0x88, 0x89, 0x8c, 0x8d, 0x8e, 0x8b,
    0x89, 0x85, 0x87, 0x88, 0x8a, 0x8a, 0x89, 0x89, 0x89, 0x8a,
    0x87, 0x86, 0x85, 0x85, 0x87, 0x87, 0x88, 0x86, 0x85, 0x84,
    0x86, 0x85, 0x86, 0x87, 0x85, 0x81, 0x7e, 0x82, 0x84, 0x85,
    0x82, 0x82, 0x80, 0x80, 0x7e, 0x7d, 0x7e, 0x7e, 0x7f, 0x80,
    0x7d, 0x7c, 0x7c, 0x7c, 0x7d, 0x7d, 0x7b, 0x7e, 0x7d, 0x7c,
    0x78, 0x78, 0x78, 0x7b, 0x79, 0x79, 0x77, 0x78, 0x79, 0x78,
    0x78, 0x74, 0x76, 0x7a, 0x7b, 0x7a, 0x79, 0x79, 0x79, 0x77,
    0x74, 0x74, 0x77, 0x7a, 0x77, 0x75, 0x74, 0x76, 0x76, 0x76,
    0x74, 0x73, 0x74, 0x76, 0x76, 0x76, 0x74, 0x76, 0x74, 0x74,
    0x73, 0x73, 0x72, 0x72, 0x73, 0x73, 0x73, 0x75, 0x73, 0x71,
    0x6e, 0x71, 0x74, 0x77, 0x75, 0x74, 0x73, 0x72, 0x74, 0x78,
    0x76, 0x74, 0x74, 0x76, 0x7a, 0x7a, 0x7a, 0x76, 0x75, 0x75,
    0x79, 0x7b, 0x7a, 0x7b, 0x79, 0x75, 0x75, 0x77, 0x7d, 0x80,
    0x7e, 0x7c, 0x79, 0x78, 0x7c, 0x7e, 0x7f, 0x7e, 0x80, 0x7f,
    0x7f, 0x7d, 0x7b, 0x79, 0x7e, 0x81, 0x82, 0x82, 0x83, 0x83,
    0x7f, 0x7a, 0x7d, 0x82, 0x87, 0x85, 0x85, 0x83, 0x83, 0x82,
    0x84, 0x85, 0x85, 0x87, 0x88, 0x88, 0x85, 0x88, 0x8a, 0x8a,
    0x87, 0x88, 0x8a, 0x8a, 0x8a, 0x88, 0x88, 0x87, 0x8b, 0x8c,
    0x8d, 0x8a, 0x8a, 0x87, 0x89, 0x8a, 0x8c, 0x8b, 0x8a, 0x8c,
    0x88, 0x85, 0x84, 0x88, 0x8a, 0x8a, 0x8b, 0x89, 0x88, 0x87,
    0x89, 0x8a, 0x8b, 0x89, 0x8a, 0x87, 0x85, 0x85, 0x88, 0x8a,
    0x8c, 0x89, 0x87, 0x84, 0x83, 0x85, 0x87, 0x89, 0x88, 0x85,
    0x86, 0x85, 0x84, 0x84, 0x84, 0x86, 0x86, 0x87, 0x84, 0x82,
    0x81, 0x83, 0x81, 0x82, 0x83, 0x85, 0x80, 0x7f, 0x80, 0x82,
    0x7f, 0x80, 0x81, 0x80, 0x7f, 0x7d, 0x7e, 0x7c, 0x7d, 0x7f,
    0x81, 0x80, 0x7d, 0x7d, 0x7c, 0x7b, 0x7a, 0x7a, 0x7b, 0x7a,
    0x7a, 0x7a, 0x79, 0x7c, 0x7d, 0x7b, 0x7b, 0x79, 0x7b, 0x7d,
    0x7b, 0x79, 0x75, 0x77, 0x79, 0x7b, 0x78, 0x78, 0x79, 0x78,
    0x77, 0x76, 0x78, 0x79, 0x78, 0x78, 0x75, 0x74, 0x74, 0x79,
    0x7a, 0x7a, 0x77, 0x78, 0x79, 0x78, 0x78, 0x77, 0x76, 0x77,
    0x75, 0x75, 0x78, 0x79, 0x7b, 0x7b, 0x7b, 0x7a, 0x77, 0x76,
    0x76, 0x77, 0x7d, 0x7e, 0x7d, 0x78, 0x78, 0x78, 0x77, 0x7b,
    0x7e, 0x7d, 0x7c, 0x79, 0x79, 0x79, 0x79, 0x7b, 0x7c, 0x7d,
    0x7d, 0x7c, 0x7e, 0x7c, 0x7b, 0x7d, 0x7f, 0x7d, 0x7d, 0x7f,
    0x81, 0x7f, 0x7c, 0x7a, 0x80, 0x85, 0x85, 0x81, 0x7e, 0x7d,
    0x7e, 0x84, 0x83, 0x84, 0x86, 0x87, 0x87, 0x82, 0x82, 0x84,
    0x88, 0x87, 0x84, 0x85, 0x87, 0x8a, 0x89, 0x87, 0x84, 0x85,
    0x88, 0x8a, 0x89, 0x86, 0x83, 0x86, 0x8a, 0x8a, 0x89, 0x87,
    0x87, 0x85, 0x86, 0x85, 0x89, 0x8c, 0x8b, 0x8a, 0x86, 0x84,
    0x82, 0x88, 0x8c, 0x8d, 0x8b, 0x86, 0x83, 0x82, 0x87, 0x89,
    0x89, 0x88, 0x89, 0x88, 0x86, 0x82, 0x85, 0x87, 0x89, 0x87,
    0x89, 0x88, 0x85, 0x85, 0x83, 0x84, 0x85, 0x87, 0x88, 0x82,
    0x80, 0x81, 0x83, 0x83, 0x80, 0x83, 0x84, 0x84, 0x82, 0x7f,
    0x7e, 0x7c, 0x7e, 0x7f, 0x80, 0x82, 0x82, 0x7f, 0x7c, 0x78,
    0x7b, 0x80, 0x81, 0x7d, 0x7c, 0x7b, 0x7d, 0x7e, 0x7d, 0x7b,
    0x7a, 0x7b, 0x7d, 0x7d, 0x7b, 0x79, 0x79, 0x79, 0x7b, 0x7a,
    0x7a, 0x7c, 0x7c, 0x7b, 0x75, 0x75, 0x78, 0x7e, 0x7c, 0x7a,
    0x78, 0x77, 0x76, 0x78, 0x7c, 0x7b, 0x79, 0x77, 0x76, 0x78,
    0x79, 0x7a, 0x78, 0x78, 0x77, 0x78, 0x77, 0x77, 0x79, 0x7a,
    0x78, 0x75, 0x77, 0x78, 0x79, 0x78, 0x79, 0x7a, 0x7a, 0x7b,
    0x76, 0x74, 0x75, 0x78, 0x7c, 0x7a, 0x7b, 0x79, 0x7a, 0x79,
    0x77, 0x78, 0x78, 0x7a, 0x7b, 0x7b, 0x7b, 0x7a, 0x7a, 0x78,
    0x78, 0x79, 0x7c, 0x7b, 0x7b, 0x7b, 0x7a, 0x79, 0x7b, 0x7b,
    0x7d, 0x7d, 0x7b, 0x7c, 0x7c, 0x7b, 0x7e, 0x7e, 0x7d, 0x7b,
    0x7d, 0x7e, 0x80, 0x7f, 0x7e, 0x7b, 0x7c, 0x7d, 0x83, 0x83,
    0x82, 0x80, 0x80, 0x7d, 0x7e, 0x7f, 0x83, 0x84, 0x83, 0x83,
    0x82, 0x82, 0x81, 0x83, 0x82, 0x81, 0x83, 0x85, 0x84, 0x83,
    0x81, 0x83, 0x83, 0x86, 0x86, 0x87, 0x85, 0x82, 0x83, 0x85,
    0x88, 0x86, 0x84, 0x83, 0x83, 0x87, 0x88, 0x88, 0x85, 0x85,
    0x86, 0x85, 0x86, 0x85, 0x87, 0x88, 0x87, 0x88, 0x87, 0x87,
    0x86, 0x87, 0x86, 0x87, 0x87, 0x88, 0x87, 0x86, 0x86, 0x86,
    0x88, 0x88, 0x87, 0x85, 0x85, 0x87, 0x85, 0x87, 0x86, 0x86,
    0x84, 0x86, 0x85, 0x86, 0x85, 0x86, 0x85, 0x83, 0x84, 0x84,
    0x87, 0x88, 0x86, 0x84, 0x81, 0x80, 0x81, 0x84, 0x84, 0x84,
    0x84, 0x83, 0x83, 0x80, 0x80, 0x81, 0x84, 0x83, 0x83, 0x82,
    0x81, 0x7f, 0x7f, 0x7f, 0x80, 0x82, 0x82, 0x7e, 0x7d, 0x7b,
    0x7c, 0x7c, 0x7e, 0x7d, 0x7f, 0x7e, 0x7e, 0x7d, 0x7d, 0x7c,
    0x79, 0x7a, 0x7b, 0x7b, 0x7c, 0x7b, 0x7b, 0x7b, 0x7b, 0x7a,
    0x7b, 0x79, 0x79, 0x79, 0x78, 0x79, 0x79, 0x79, 0x7a, 0x79,
    0x7a, 0x79, 0x77, 0x78, 0x76, 0x78, 0x79, 0x7a, 0x78, 0x76,
    0x76, 0x75, 0x77, 0x78, 0x79, 0x79, 0x78, 0x79, 0x77, 0x76,
    0x75, 0x77, 0x78, 0x78, 0x79, 0x78, 0x79, 0x77, 0x79, 0x77,
    0x78, 0x79, 0x79, 0x7a, 0x78, 0x78, 0x77, 0x7a, 0x78, 0x78,
    0x78, 0x7c, 0x7a, 0x7a, 0x78, 0x79, 0x7b, 0x7d, 0x7b, 0x7b,
    0x7a, 0x79, 0x77, 0x79, 0x7b, 0x7e, 0x7d, 0x7d, 0x7b, 0x7b,
    0x7a, 0x7c, 0x7b, 0x7c, 0x7d, 0x80, 0x7f, 0x7e, 0x7e, 0x7f,
    0x82, 0x81, 0x81, 0x7f, 0x80, 0x80, 0x80, 0x80, 0x82, 0x83,
    0x85, 0x84, 0x83, 0x80, 0x83, 0x86, 0x88, 0x87, 0x87, 0x86,
    0x86, 0x83, 0x85, 0x86, 0x89, 0x89, 0x8b, 0x8a, 0x86, 0x86,
    0x88, 0x8a, 0x86, 0x85, 0x87, 0x89, 0x8c, 0x8a, 0x88, 0x88,
    0x85, 0x83, 0x85, 0x86, 0x89, 0x8b, 0x8a, 0x8a, 0x88, 0x85,
    0x85, 0x86, 0x8a, 0x8b, 0x89, 0x86, 0x88, 0x89, 0x8b, 0x89,
    0x8b, 0x8b, 0x89, 0x86, 0x87, 0x88, 0x89, 0x8c, 0x8b, 0x88,
    0x87, 0x84, 0x85, 0x86, 0x88, 0x8a, 0x88, 0x87, 0x84, 0x83,
    0x84, 0x86, 0x85, 0x86, 0x84, 0x84, 0x82, 0x82, 0x81, 0x82,
    0x83, 0x84, 0x82, 0x80, 0x7c, 0x7d, 0x7f, 0x82, 0x81, 0x7f,
    0x80, 0x7e, 0x7d, 0x7c, 0x7d, 0x7d, 0x80, 0x7f, 0x7d, 0x79,
    0x7a, 0x7d, 0x7e, 0x7c, 0x79, 0x79, 0x7b, 0x7c, 0x7c, 0x7c,
    0x7a, 0x7a, 0x79, 0x79, 0x79, 0x7b, 0x79, 0x78, 0x75, 0x76,
    0x77, 0x7a, 0x7a, 0x7a, 0x77, 0x76, 0x74, 0x73, 0x76, 0x76,
    0x76, 0x77, 0x78, 0x75, 0x74, 0x75, 0x74, 0x76, 0x76, 0x79,
    0x77, 0x76, 0x74, 0x74, 0x74, 0x74, 0x76, 0x75, 0x77, 0x78,
    0x79, 0x77, 0x74, 0x74, 0x76, 0x76, 0x78, 0x76, 0x77, 0x76,
    0x78, 0x78, 0x78, 0x76, 0x77, 0x77, 0x78, 0x79, 0x77, 0x79,
    0x79, 0x7b, 0x7b, 0x78, 0x78, 0x78, 0x7a, 0x7c, 0x7b, 0x7b,
    0x79, 0x7c, 0x7d, 0x7e, 0x7d, 0x7a, 0x7a, 0x7a, 0x7d, 0x7e,
    0x7f, 0x80, 0x80, 0x80, 0x7f, 0x7f, 0x7f, 0x81, 0x80, 0x80,
    0x7f, 0x82, 0x83, 0x84, 0x82, 0x81, 0x81, 0x84, 0x84, 0x85,
    0x84, 0x85, 0x85, 0x84, 0x82, 0x80, 0x83, 0x85, 0x88, 0x87,
    0x87, 0x86, 0x84, 0x85, 0x88, 0x88, 0x86, 0x85, 0x84, 0x86,
    0x89, 0x89, 0x89, 0x86, 0x87, 0x87, 0x87, 0x86, 0x86, 0x89,
    0x8b, 0x8a, 0x89, 0x86, 0x86, 0x86, 0x89, 0x8a, 0x8a, 0x86,
    0x85, 0x86, 0x89, 0x88, 0x87, 0x85, 0x87, 0x88, 0x87, 0x88,
    0x85, 0x86, 0x87, 0x88, 0x88, 0x87, 0x85, 0x84, 0x84, 0x86,
    0x85, 0x87, 0x87, 0x87, 0x84, 0x80, 0x83, 0x86, 0x86, 0x85,
    0x82, 0x83, 0x83, 0x85, 0x83, 0x83, 0x83, 0x83, 0x84, 0x83,
    0x83, 0x82, 0x82, 0x82, 0x80, 0x81, 0x7f, 0x80, 0x81, 0x81,
    0x81, 0x7f, 0x7f, 0x7d, 0x7f, 0x7f, 0x80, 0x7e, 0x7e, 0x7c,
    0x7d, 0x7e, 0x80, 0x7f, 0x7e, 0x7c, 0x7e, 0x7d, 0x7b, 0x7c,
    0x7a, 0x7a, 0x7b, 0x7d, 0x7e, 0x7b, 0x7b, 0x7b, 0x7d, 0x7c,
    0x7a, 0x78, 0x7a, 0x7a, 0x79, 0x77, 0x7a, 0x7a, 0x79, 0x7a,
    0x79, 0x79, 0x77, 0x76, 0x75, 0x78, 0x79, 0x7a, 0x77, 0x77,
    0x75, 0x78, 0x79, 0x79, 0x77, 0x75, 0x74, 0x76, 0x79, 0x7a,
    0x77, 0x75, 0x77, 0x77, 0x79, 0x78, 0x77, 0x79, 0x79, 0x79,
    0x76, 0x77, 0x77, 0x79, 0x7a, 0x77, 0x76, 0x76, 0x7a, 0x7a,
    0x7a, 0x79, 0x7a, 0x7a, 0x7b, 0x78, 0x79, 0x79, 0x7a, 0x7b,
    0x7b, 0x7a, 0x7c, 0x7c, 0x7a, 0x78, 0x79, 0x7b, 0x7e, 0x80,
    0x7d, 0x7a, 0x76, 0x7a, 0x7f, 0x80, 0x7c, 0x7d, 0x7f, 0x81,
    0x7f, 0x7f, 0x80, 0x82, 0x81, 0x7e, 0x80, 0x83, 0x85, 0x83,
    0x83, 0x82, 0x84, 0x84, 0x85, 0x84, 0x86, 0x86, 0x87, 0x86,
    0x87, 0x85, 0x85, 0x85, 0x86, 0x85, 0x87, 0x87, 0x88, 0x86,
    0x87, 0x86, 0x87, 0x87, 0x89, 0x87, 0x86, 0x85, 0x87, 0x88,
    0x8a, 0x89, 0x86, 0x87, 0x88, 0x89, 0x87, 0x85, 0x87, 0x89,
    0x87, 0x87, 0x86, 0x87, 0x88, 0x87, 0x88, 0x86, 0x88, 0x88,
    0x87, 0x88, 0x88, 0x88, 0x88, 0x85, 0x84, 0x84, 0x86, 0x8a,
    0x89, 0x88, 0x85, 0x84, 0x84, 0x85, 0x86, 0x86, 0x87, 0x87,
    0x84, 0x81, 0x81, 0x83, 0x86, 0x85, 0x82, 0x82, 0x82, 0x83,
    0x81, 0x80, 0x7e, 0x82, 0x82, 0x80, 0x81, 0x81, 0x80, 0x7f,
    0x7f, 0x80, 0x7e, 0x7e, 0x7e, 0x7d, 0x7e, 0x7c, 0x7c, 0x7c,
    0x7b, 0x7d, 0x7d, 0x7e, 0x7d, 0x7e, 0x7b, 0x7a, 0x79, 0x7b,
    0x7f, 0x7d, 0x7a, 0x77, 0x78, 0x7a, 0x7d, 0x7b, 0x7b, 0x7a,
    0x7b, 0x79, 0x7a, 0x79, 0x77, 0x77, 0x77, 0x7a, 0x7c, 0x7b,
    0x7a, 0x77, 0x78, 0x7a, 0x7c, 0x7b, 0x77, 0x74, 0x75, 0x7a,
    0x7a, 0x7a, 0x7a, 0x79, 0x79, 0x77, 0x78, 0x78, 0x7a, 0x79,
    0x79, 0x78, 0x76, 0x78, 0x78, 0x7a, 0x79, 0x79, 0x79, 0x79,
    0x7a, 0x79, 0x77, 0x78, 0x79, 0x7b, 0x7c, 0x7c, 0x79, 0x7a,
    0x7a, 0x7b, 0x7c, 0x7b, 0x7d, 0x7b, 0x7c, 0x7c, 0x7b, 0x7d,
    0x7c, 0x7c, 0x7c, 0x7e, 0x7f, 0x7e, 0x7d, 0x7a, 0x7b, 0x7c,
    0x7f, 0x80, 0x80, 0x7f, 0x7d, 0x7d, 0x7d, 0x7d, 0x7f, 0x7f,
    0x80, 0x80, 0x81, 0x82, 0x80, 0x80, 0x7f, 0x81, 0x81, 0x81,
    0x80, 0x7f, 0x81, 0x82, 0x86, 0x85, 0x83, 0x7f, 0x80, 0x83,
    0x85, 0x85, 0x85, 0x85, 0x84, 0x83, 0x85, 0x86, 0x86, 0x84,
    0x84, 0x82, 0x84, 0x87, 0x88, 0x88, 0x86, 0x84, 0x84, 0x85,
    0x86, 0x87, 0x85, 0x86, 0x84, 0x84, 0x83, 0x85, 0x85, 0x88,
    0x87, 0x87, 0x86, 0x84, 0x86, 0x87, 0x85, 0x86, 0x85, 0x87,
    0x85, 0x85, 0x85, 0x84, 0x86, 0x85, 0x84, 0x81, 0x82, 0x85,
    0x86, 0x87, 0x85, 0x84, 0x82, 0x82, 0x82, 0x84, 0x84, 0x83,
    0x83, 0x83, 0x84, 0x86, 0x84, 0x82, 0x83, 0x84, 0x83, 0x7f,
    0x80, 0x81, 0x84, 0x82, 0x81, 0x80, 0x82, 0x7f, 0x7f, 0x7f,
    0x82, 0x80, 0x80, 0x7d, 0x7e, 0x7e, 0x80, 0x7f, 0x7f, 0x7d,
    0x7e, 0x7d, 0x7d, 0x7d, 0x7d, 0x7d, 0x7c, 0x7c, 0x7b, 0x7c,
    0x7d, 0x7e, 0x7d, 0x7d, 0x7c, 0x7b, 0x77, 0x77, 0x79, 0x7c,
    0x7c, 0x7b, 0x7b, 0x7a, 0x7b, 0x7a, 0x7b, 0x7b, 0x7a, 0x7a,
    0x7a, 0x7a, 0x7b, 0x7a, 0x79, 0x79, 0x79, 0x7b, 0x7a, 0x7b,
    0x79, 0x7a, 0x7a, 0x7b, 0x78, 0x78, 0x78, 0x7b, 0x7a, 0x7a,
    0x7a, 0x7c, 0x7c, 0x7a, 0x78, 0x77, 0x77, 0x78, 0x7b, 0x7a,
    0x7a, 0x7b, 0x7b, 0x78, 0x77, 0x77, 0x7b, 0x7b, 0x7b, 0x7a,
    0x7c, 0x7c, 0x7c, 0x7a, 0x7a, 0x7a, 0x7c, 0x7c, 0x7c, 0x7e,
    0x7e, 0x7e, 0x7b, 0x7d, 0x7c, 0x7d, 0x7e, 0x7d, 0x7f, 0x7e,
    0x80, 0x7f, 0x7e, 0x7e, 0x7e, 0x80, 0x7f, 0x80, 0x7f, 0x81,
    0x80, 0x82, 0x81, 0x81, 0x80, 0x82, 0x82, 0x82, 0x82, 0x82,
    0x85, 0x86, 0x85, 0x82, 0x81, 0x82, 0x86, 0x87, 0x85, 0x84,
    0x84, 0x84, 0x84, 0x87, 0x86, 0x85, 0x84, 0x84, 0x86, 0x86,
    0x87, 0x86, 0x86, 0x86, 0x85, 0x87, 0x87, 0x86, 0x87, 0x86,
    0x88, 0x88, 0x86, 0x86, 0x85, 0x86, 0x86, 0x88, 0x86, 0x86,
    0x86, 0x85, 0x85, 0x84, 0x83, 0x85, 0x85, 0x87, 0x87, 0x86,
    0x84, 0x83, 0x85, 0x85, 0x85, 0x85, 0x85, 0x84, 0x85, 0x84,
    0x85, 0x84, 0x82, 0x82, 0x82, 0x84, 0x81, 0x81, 0x80, 0x82,
    0x81, 0x82, 0x81, 0x81, 0x80, 0x7f, 0x7f, 0x7f, 0x7e, 0x7f,
    0x81, 0x81, 0x7f, 0x7e, 0x7c, 0x7d, 0x7d, 0x7e, 0x7c, 0x7d,
    0x7e, 0x7d, 0x7e, 0x7d, 0x7d, 0x7c, 0x7a, 0x7b, 0x7c, 0x7d,
    0x7d, 0x7b, 0x7b, 0x7a, 0x7b, 0x7a, 0x7b, 0x79, 0x7a, 0x79,
    0x7a, 0x7b, 0x7b, 0x7b, 0x7b, 0x7c, 0x7b, 0x7a, 0x78, 0x7a,
    0x7b, 0x7c, 0x79, 0x79, 0x7a, 0x7c, 0x7a, 0x79, 0x79, 0x79,
    0x78, 0x7a, 0x7a, 0x7a, 0x7a, 0x79, 0x7a, 0x79, 0x79, 0x78,
    0x79, 0x7d, 0x7c, 0x7b, 0x7a, 0x79, 0x7a, 0x79, 0x7b, 0x7b,
    0x7b, 0x7a, 0x79, 0x7b, 0x7b, 0x7c, 0x7c, 0x7a, 0x7b, 0x7a,
    0x7d, 0x7c, 0x7b, 0x79, 0x7b, 0x7d, 0x7d, 0x7f, 0x7d, 0x7c,
    0x7b, 0x7d, 0x7d, 0x7f, 0x7e, 0x7e, 0x7c, 0x7c, 0x7f, 0x81,
    0x80, 0x80, 0x7e, 0x7d, 0x7f, 0x81, 0x82, 0x7f, 0x7f, 0x7d,
    0x7e, 0x7f, 0x81, 0x82, 0x82, 0x84, 0x82, 0x80, 0x7e, 0x81,
    0x84, 0x84, 0x81, 0x83, 0x85, 0x84, 0x82, 0x80, 0x81, 0x83,
    0x86, 0x86, 0x84, 0x85, 0x84, 0x84, 0x84, 0x85, 0x84, 0x85,
    0x85, 0x84, 0x84, 0x83, 0x83, 0x82, 0x85, 0x86, 0x86, 0x87,
    0x84, 0x84, 0x82, 0x84, 0x86, 0x86, 0x88, 0x87, 0x86, 0x83,
    0x84, 0x85, 0x85, 0x83, 0x84, 0x87, 0x86, 0x85, 0x80, 0x80,
    0x84, 0x88, 0x87, 0x87, 0x84, 0x84, 0x82, 0x83, 0x83, 0x86,
    0x85, 0x84, 0x83, 0x82, 0x83, 0x85, 0x84, 0x83, 0x82, 0x83,
    0x81, 0x81, 0x7f, 0x7e, 0x83, 0x84, 0x84, 0x82, 0x83, 0x81,
    0x7e, 0x7f, 0x80, 0x81, 0x81, 0x81, 0x7f, 0x7f, 0x7e, 0x7f,
    0x7e, 0x7e, 0x7d, 0x7e, 0x7d, 0x7e, 0x7e, 0x7f, 0x7c, 0x7c,
    0x7c, 0x7d, 0x7c, 0x7d, 0x7d, 0x7d, 0x7b, 0x7c, 0x7b, 0x7c,
    0x7d, 0x7b, 0x7b, 0x79, 0x7b, 0x7b, 0x7d, 0x7b, 0x7a, 0x78,
    0x7a, 0x79, 0x7a, 0x7b, 0x7c, 0x7d, 0x7a, 0x78, 0x76, 0x79,
    0x7b, 0x7b, 0x7a, 0x79, 0x7a, 0x78, 0x78, 0x79, 0x78, 0x78,
    0x79, 0x79, 0x78, 0x79, 0x79, 0x7a, 0x7a, 0x79, 0x78, 0x78,
    0x78, 0x78, 0x76, 0x78, 0x7c, 0x7c, 0x7a, 0x79, 0x77, 0x77,
    0x79, 0x7c, 0x7a, 0x7a, 0x79, 0x79, 0x7b, 0x7b, 0x7a, 0x7b,
    0x7a, 0x7d, 0x7d, 0x7a, 0x7b, 0x7b, 0x7d, 0x7c, 0x7a, 0x7c,
    0x7c, 0x7d, 0x7c, 0x7e, 0x7d, 0x7c, 0x7e, 0x7d, 0x7e, 0x7d,
    0x7e, 0x7e, 0x7f, 0x7e, 0x7e, 0x7f, 0x82, 0x81, 0x7f, 0x7f,
    0x7d, 0x7f, 0x80, 0x81, 0x83, 0x82, 0x83, 0x83, 0x83, 0x81,
    0x82, 0x83, 0x85, 0x86, 0x86, 0x83, 0x83, 0x82, 0x84, 0x84,
    0x86, 0x85, 0x87, 0x86, 0x86, 0x83, 0x83, 0x83, 0x84, 0x85,
    0x87, 0x86, 0x86, 0x85, 0x88, 0x87, 0x86, 0x87, 0x85, 0x86,
    0x87, 0x88, 0x88, 0x86, 0x85, 0x86, 0x87, 0x87, 0x88, 0x88,
    0x87, 0x86, 0x85, 0x85, 0x86, 0x88, 0x87, 0x85, 0x86, 0x86,
    0x85, 0x87, 0x86, 0x86, 0x85, 0x88, 0x87, 0x87, 0x83, 0x83,
    0x82, 0x86, 0x86, 0x86, 0x85, 0x86, 0x84, 0x83, 0x81, 0x83,
    0x85, 0x83, 0x82, 0x81, 0x83, 0x82, 0x83, 0x81, 0x81, 0x7f,
    0x81, 0x83, 0x83, 0x81, 0x7f, 0x7e, 0x7e, 0x7f, 0x82, 0x81,
    0x81, 0x7f, 0x7d, 0x7e, 0x7d, 0x7d, 0x7f, 0x7f, 0x7e, 0x7b,
    0x7c, 0x7c, 0x7d, 0x7d, 0x7e, 0x7d, 0x7b, 0x7b, 0x79, 0x79,
    0x79, 0x7b, 0x7b, 0x7d, 0x7b, 0x7b, 0x78, 0x78, 0x77, 0x79,
    0x7a, 0x7c, 0x7a, 0x79, 0x78, 0x77, 0x77, 0x7a, 0x78, 0x79,
    0x79, 0x78, 0x79, 0x78, 0x79, 0x79, 0x77, 0x79, 0x77, 0x78,
    0x77, 0x79, 0x79, 0x78, 0x7a, 0x79, 0x78, 0x76, 0x77, 0x7a,
    0x79, 0x79, 0x78, 0x7a, 0x79, 0x79, 0x7a, 0x7b, 0x79, 0x78,
    0x76, 0x79, 0x7a, 0x7c, 0x7b, 0x7c, 0x7a, 0x79, 0x7b, 0x7a,
    0x7a, 0x7a, 0x7c, 0x7d, 0x7d, 0x7c, 0x7c, 0x7d, 0x7c, 0x7d,
    0x7d, 0x7d, 0x7e, 0x7d, 0x7e, 0x7d, 0x7e, 0x80, 0x7f, 0x7e,
    0x7c, 0x7f, 0x82, 0x81, 0x81, 0x7e, 0x7f, 0x7e, 0x81, 0x83,
    0x82, 0x81, 0x81, 0x81, 0x81, 0x81, 0x84, 0x83, 0x84, 0x83,
    0x84, 0x81, 0x80, 0x82, 0x82, 0x85, 0x85, 0x87, 0x85, 0x84,
    0x83, 0x84, 0x84, 0x85, 0x84, 0x84, 0x83, 0x85, 0x85, 0x86,
    0x85, 0x86, 0x84, 0x85, 0x86, 0x88, 0x87, 0x84, 0x85, 0x85,
    0x85, 0x89, 0x89, 0x88, 0x85, 0x83, 0x83, 0x84, 0x88, 0x87,
    0x87, 0x86, 0x85, 0x85, 0x85, 0x88, 0x87, 0x87, 0x86, 0x86,
    0x85, 0x86, 0x86, 0x86, 0x85, 0x87, 0x86, 0x86, 0x84, 0x84,
    0x83, 0x85, 0x86, 0x86, 0x84, 0x84, 0x84, 0x84, 0x84, 0x82,
    0x83, 0x83, 0x83, 0x82, 0x83, 0x84, 0x85, 0x83, 0x82, 0x7f,
    0x80, 0x80, 0x81, 0x83, 0x81, 0x7f, 0x7f, 0x7f, 0x81, 0x81,
    0x81, 0x7e, 0x7c, 0x7b, 0x7f, 0x7f, 0x80, 0x7f, 0x80, 0x7f,
    0x7d, 0x7a, 0x7c, 0x7c, 0x7e, 0x7d, 0x7b, 0x7d, 0x7d, 0x7c,
    0x7b, 0x7a, 0x7b, 0x7a, 0x7b, 0x7c, 0x7b, 0x7c, 0x79, 0x79,
    0x78, 0x79, 0x79, 0x7b, 0x7b, 0x79, 0x79, 0x79, 0x79, 0x79,
    0x78, 0x79, 0x78, 0x79, 0x78, 0x7a, 0x79, 0x79, 0x78, 0x79,
    0x78, 0x79, 0x79, 0x7a, 0x78, 0x78, 0x79, 0x79, 0x7b, 0x7b,
    0x7b, 0x7a, 0x79, 0x77, 0x79, 0x79, 0x7a, 0x78, 0x79, 0x7a,
    0x7c, 0x7c, 0x7b, 0x7a, 0x78, 0x79, 0x7b, 0x7e, 0x7c, 0x7a,
    0x76, 0x77, 0x7b, 0x7c, 0x7e, 0x7c, 0x7c, 0x7b, 0x7c, 0x79,
    0x78, 0x7b, 0x7d, 0x7d, 0x7f, 0x7d, 0x7d, 0x7c, 0x7d, 0x7c,
    0x7e, 0x7f, 0x7f, 0x81, 0x7f, 0x7f, 0x7e, 0x7e, 0x80, 0x81,
    0x80, 0x80, 0x80, 0x82, 0x81, 0x82, 0x81, 0x82, 0x82, 0x83,
    0x82, 0x83, 0x81, 0x83, 0x84, 0x85, 0x84, 0x85, 0x83, 0x84,
    0x82, 0x82, 0x82, 0x84, 0x83, 0x85, 0x85, 0x86, 0x86, 0x85,
    0x85, 0x84, 0x84, 0x85, 0x86, 0x87, 0x86, 0x86, 0x85, 0x86,
    0x85, 0x86, 0x85, 0x87, 0x87, 0x89, 0x88, 0x86, 0x85, 0x86,
    0x86, 0x89, 0x87, 0x87, 0x85, 0x86, 0x87, 0x87, 0x87, 0x85,
    0x87, 0x86, 0x87, 0x86, 0x86, 0x84, 0x82, 0x85, 0x86, 0x86,
    0x85, 0x86, 0x84, 0x84, 0x82, 0x81, 0x83, 0x83, 0x84, 0x83,
    0x82, 0x82, 0x83, 0x81, 0x81, 0x80, 0x81, 0x80, 0x82, 0x82,
    0x81, 0x80, 0x80, 0x81, 0x80, 0x80, 0x80, 0x7e, 0x7f, 0x7e,
    0x7e, 0x7c, 0x7e, 0x7e, 0x7f, 0x7d, 0x7e, 0x7c, 0x7c, 0x7b,
    0x7d, 0x7d, 0x7e, 0x7c, 0x7d, 0x7b, 0x7d, 0x7b, 0x7b, 0x7a,
    0x7c, 0x7b, 0x7b, 0x7a, 0x7a, 0x79, 0x7b, 0x7a, 0x7b, 0x7b,
    0x7b, 0x79, 0x79, 0x78, 0x7a, 0x7b, 0x79, 0x7a, 0x79, 0x7b,
    0x7b, 0x7a, 0x7a, 0x79, 0x78, 0x78, 0x79, 0x7b, 0x7b, 0x7b,
    0x79, 0x7a, 0x78, 0x79, 0x79, 0x79, 0x7c, 0x7b, 0x7c, 0x79,
    0x79, 0x79, 0x79, 0x7a, 0x7b, 0x7a, 0x7b, 0x7a, 0x7a, 0x79,
    0x7b, 0x7b, 0x7a, 0x7a, 0x79, 0x7c, 0x7b, 0x7c, 0x7a, 0x7a,
    0x79, 0x7c, 0x7e, 0x7e, 0x7c, 0x7a, 0x7b, 0x7b, 0x7d, 0x7f,
    0x7e, 0x7f, 0x7d, 0x7b, 0x7d, 0x7e, 0x7f, 0x7e, 0x7f, 0x7e,
    0x80, 0x7e, 0x7f, 0x7f, 0x7f, 0x81, 0x80, 0x81, 0x81, 0x80,
    0x81, 0x81, 0x81, 0x81, 0x80, 0x83, 0x83, 0x84, 0x83, 0x81,
    0x81, 0x80, 0x83, 0x83, 0x83, 0x83, 0x85, 0x85, 0x84, 0x84,
    0x83, 0x82, 0x82, 0x83, 0x85, 0x85, 0x86, 0x85, 0x84, 0x85,
    0x84, 0x85, 0x84, 0x85, 0x85, 0x86, 0x84, 0x85, 0x85, 0x87,
    0x85, 0x84, 0x84, 0x83, 0x86, 0x86, 0x84, 0x85, 0x84, 0x85,
    0x84, 0x85, 0x85, 0x84, 0x83, 0x84, 0x85, 0x87, 0x85, 0x85,
    0x82, 0x81, 0x83, 0x84, 0x86, 0x85, 0x84, 0x84, 0x83, 0x83,
    0x82, 0x82, 0x82, 0x84, 0x83, 0x82, 0x82, 0x80, 0x81, 0x82,
    0x81, 0x81, 0x80, 0x82, 0x83, 0x82, 0x81, 0x7f, 0x7f, 0x7e,
    0x81, 0x81, 0x82, 0x7f, 0x7e, 0x7f, 0x80, 0x81, 0x7f, 0x7f,
    0x7e, 0x7c, 0x7e, 0x7f, 0x7f, 0x7f, 0x7f, 0x7e, 0x7d, 0x7d,
    0x7c, 0x7d, 0x7d, 0x7d, 0x7c, 0x7e, 0x7d, 0x7e, 0x7c, 0x7b,
    0x7a, 0x7b, 0x7d, 0x7c, 0x7d, 0x7c, 0x7c, 0x7a, 0x7a, 0x7b,
    0x7c, 0x7c, 0x7b, 0x79, 0x7b, 0x7b, 0x7c, 0x79, 0x78, 0x78,
    0x7b, 0x7b, 0x7c, 0x7c, 0x7c, 0x7b, 0x79, 0x78, 0x7a, 0x7b,
    0x7a, 0x7c, 0x7a, 0x7a, 0x79, 0x7a, 0x7a, 0x7a, 0x7b, 0x79,
    0x7a, 0x7a, 0x7b, 0x79, 0x7a, 0x79, 0x7b, 0x7a, 0x7c, 0x7c,
    0x7a, 0x79, 0x79, 0x7c, 0x7c, 0x7e, 0x7d, 0x7c, 0x7c, 0x7b,
    0x7c, 0x7c, 0x7d, 0x7c, 0x7e, 0x7f, 0x7e, 0x7f, 0x7d, 0x7c,
    0x7d, 0x7d, 0x7f, 0x7f, 0x80, 0x7f, 0x80, 0x7d, 0x7e, 0x7f,
    0x7f, 0x80, 0x80, 0x81, 0x81, 0x7f, 0x80, 0x7f, 0x81, 0x80,
    0x81, 0x80, 0x81, 0x83, 0x82, 0x81, 0x80, 0x80, 0x83, 0x84,
    0x84, 0x82, 0x83, 0x81, 0x82, 0x82, 0x85, 0x85, 0x85, 0x84,
    0x84, 0x84, 0x85, 0x86, 0x85, 0x86, 0x83, 0x83, 0x84, 0x85,
    0x86, 0x84, 0x85, 0x84, 0x86, 0x86, 0x86, 0x85, 0x84, 0x81,
    0x83, 0x86, 0x87, 0x86, 0x86, 0x85, 0x84, 0x83, 0x83, 0x84,
    0x84, 0x84, 0x84, 0x86, 0x84, 0x84, 0x82, 0x81, 0x82, 0x83,
    0x85, 0x86, 0x86, 0x84, 0x84, 0x81, 0x81, 0x82, 0x84, 0x83,
    0x84, 0x83, 0x82, 0x80, 0x81, 0x82, 0x83, 0x81, 0x82, 0x81,
    0x81, 0x81, 0x80, 0x80, 0x7f, 0x81, 0x80, 0x80, 0x80, 0x7e,
    0x7f, 0x7f, 0x7e, 0x7f, 0x7e, 0x7e, 0x7d, 0x7e, 0x7d, 0x7e,
    0x7d, 0x7e, 0x7e, 0x7d, 0x7e, 0x7c, 0x7c, 0x7b, 0x7d, 0x7c,
    0x7d, 0x7c, 0x7d, 0x7c, 0x7d, 0x7d, 0x7b, 0x7b, 0x79, 0x7b,
    0x7b, 0x7d, 0x7c, 0x7a, 0x7a, 0x78, 0x7a, 0x7b, 0x7c, 0x7b,
    0x7b, 0x7a, 0x79, 0x7b, 0x7a, 0x7b, 0x79, 0x7a, 0x7a, 0x7a,
    0x7b, 0x7a, 0x7b, 0x79, 0x7a, 0x7a, 0x7a, 0x7b, 0x7a, 0x7b,
    0x7b, 0x79, 0x7b, 0x7b, 0x7c, 0x7b, 0x7b, 0x7b, 0x7c, 0x7b,
    0x7b, 0x7a, 0x79, 0x7b, 0x7c, 0x7d, 0x7c, 0x7d, 0x7b, 0x7a,
    0x79, 0x7c, 0x7d, 0x7c, 0x7d, 0x7c, 0x7d, 0x7b, 0x7b, 0x7b,
    0x7e, 0x7e, 0x7f, 0x7c, 0x7c, 0x7b, 0x7e, 0x7e, 0x7e, 0x7f,
    0x7f, 0x7f, 0x7f, 0x7f, 0x80, 0x7f, 0x7f, 0x7f, 0x81, 0x81,
    0x81, 0x80, 0x7f, 0x7f, 0x81, 0x82, 0x82, 0x81, 0x81, 0x80,
    0x81, 0x82, 0x83, 0x83, 0x81, 0x82, 0x83, 0x82, 0x84, 0x83,
    0x83, 0x82, 0x83, 0x82, 0x83, 0x82, 0x84, 0x83, 0x84, 0x83,
    0x84, 0x82, 0x82, 0x84, 0x83, 0x84, 0x85, 0x84, 0x83, 0x82,
    0x82, 0x85, 0x85, 0x86, 0x85, 0x85, 0x84, 0x83, 0x82, 0x86,
    0x85, 0x85, 0x85, 0x85, 0x84, 0x85, 0x84, 0x85, 0x84, 0x83,
    0x85, 0x84, 0x84, 0x83, 0x83, 0x85, 0x83, 0x84, 0x83, 0x84,
    0x83, 0x84, 0x84, 0x82, 0x83, 0x82, 0x83, 0x83, 0x83, 0x81,
    0x82, 0x81, 0x83, 0x83, 0x81, 0x81, 0x80, 0x81, 0x81, 0x81,
    0x80, 0x81, 0x80, 0x81, 0x81, 0x80, 0x81, 0x7f, 0x80, 0x7f,
    0x80, 0x81, 0x80, 0x80, 0x7f, 0x7e, 0x80, 0x7f, 0x7f, 0x7d,
    0x7e, 0x7e, 0x7f, 0x7e, 0x7e, 0x7e, 0x7c, 0x7c, 0x7c, 0x7e,
    0x7e, 0x7c, 0x7d, 0x7b, 0x7c, 0x7c, 0x7c, 0x7c, 0x7b, 0x7c,
    0x7b, 0x7c, 0x7c, 0x7c, 0x7b, 0x7b, 0x7a, 0x7a, 0x7a, 0x7c,
    0x7c, 0x7b, 0x7c, 0x7b, 0x7b, 0x79, 0x7b, 0x7c, 0x7b, 0x7c,
    0x7c, 0x7a, 0x7a, 0x78, 0x7a, 0x7b, 0x7b, 0x7c, 0x7b, 0x7b,
    0x7a, 0x79, 0x7a, 0x7b, 0x7c, 0x7c, 0x7b, 0x7b, 0x7b, 0x7b,
    0x7a, 0x7b, 0x7a, 0x7c, 0x7c, 0x7b, 0x7c, 0x7b, 0x7c, 0x7c,
    0x7d, 0x7c, 0x7c, 0x7d, 0x7e, 0x7d, 0x7d, 0x7c, 0x7e, 0x7e,
    0x80, 0x7e, 0x7e, 0x7d, 0x7e, 0x7f, 0x7f, 0x80, 0x7e, 0x7f,
    0x7f, 0x81, 0x80, 0x80, 0x7f, 0x80, 0x80, 0x80, 0x81, 0x80,
    0x7f, 0x7e, 0x80, 0x81, 0x82, 0x81, 0x81, 0x80, 0x81, 0x83,
    0x82, 0x80, 0x81, 0x81, 0x83, 0x83, 0x84, 0x82, 0x83, 0x82,
    0x83, 0x83, 0x83, 0x84, 0x85, 0x84, 0x85, 0x84, 0x84, 0x83,
    0x83, 0x85, 0x85, 0x86, 0x85, 0x84, 0x84, 0x83, 0x85, 0x84,
    0x86, 0x86, 0x86, 0x84, 0x84, 0x84, 0x86, 0x86, 0x86, 0x85,
    0x85, 0x85, 0x84, 0x84, 0x83, 0x84, 0x85, 0x85, 0x85, 0x84,
    0x84, 0x83, 0x84, 0x85, 0x83, 0x83, 0x83, 0x82, 0x84, 0x84,
    0x84, 0x82, 0x83, 0x82, 0x84, 0x84, 0x84, 0x82, 0x80, 0x81,
    0x81, 0x83, 0x82, 0x82, 0x82, 0x81, 0x82, 0x82, 0x82, 0x81,
    0x80, 0x80, 0x80, 0x80, 0x80, 0x7f, 0x80, 0x7f, 0x80, 0x80,
    0x7e, 0x7f, 0x7f, 0x7e, 0x7e, 0x7e, 0x7d, 0x7e, 0x7e, 0x7e,
    0x7f, 0x7d, 0x7d, 0x7b, 0x7c, 0x7b, 0x7c, 0x7e, 0x7c, 0x7d,
    0x7b, 0x7b, 0x79, 0x7c, 0x7c, 0x7c, 0x7c, 0x7b, 0x7a, 0x7b,
    0x7a, 0x7b, 0x7b, 0x7a, 0x7b, 0x7b, 0x7a, 0x7a, 0x79, 0x7a,
    0x7a, 0x7a, 0x79, 0x7b, 0x7a, 0x7a, 0x79, 0x7a, 0x7a, 0x79,
    0x7b, 0x7a, 0x7b, 0x79, 0x7a, 0x79, 0x7a, 0x7a, 0x7b, 0x7a,
    0x79, 0x7a, 0x79, 0x7b, 0x7b, 0x7c, 0x7a, 0x7b, 0x7a, 0x7a,
    0x7b, 0x7b, 0x7c, 0x7b, 0x7c, 0x7b, 0x7c, 0x7c, 0x7b, 0x7c,
    0x7c, 0x7d, 0x7d, 0x7b, 0x7c, 0x7b, 0x7d, 0x7d, 0x7e, 0x7d,
    0x7d, 0x7d, 0x7c, 0x7e, 0x7d, 0x7f, 0x7d, 0x7e, 0x7d, 0x7e,
    0x7e, 0x7f, 0x80, 0x7f, 0x80, 0x7f, 0x80, 0x7f, 0x81, 0x80,
    0x81, 0x80, 0x81, 0x81, 0x80, 0x82, 0x81, 0x82, 0x81, 0x82,
    0x82, 0x83, 0x81, 0x82, 0x82, 0x81, 0x83, 0x83, 0x82, 0x84,
    0x83, 0x84, 0x84, 0x83, 0x84, 0x83, 0x83, 0x82, 0x81, 0x83,
    0x83, 0x85, 0x84, 0x85, 0x85, 0x84, 0x83, 0x83, 0x84, 0x85,
    0x84, 0x83, 0x84, 0x84, 0x85, 0x85, 0x85, 0x84, 0x85, 0x84,
    0x85, 0x83, 0x84, 0x84, 0x85, 0x84, 0x84, 0x83, 0x84, 0x84,
    0x84, 0x84, 0x84, 0x83, 0x83, 0x82, 0x83, 0x82, 0x83, 0x83,
    0x84, 0x83, 0x82, 0x82, 0x81, 0x82, 0x81, 0x82, 0x82, 0x81,
    0x81, 0x80, 0x81, 0x82, 0x81, 0x82, 0x81, 0x81, 0x80, 0x80,
    0x7f, 0x80, 0x7f, 0x81, 0x80, 0x81, 0x81, 0x7f, 0x80, 0x7f,
    0x7f, 0x7e, 0x7f, 0x7e, 0x7f, 0x7f, 0x7f, 0x7f, 0x7f, 0x7e,
    0x7f, 0x7e, 0x7e, 0x7d, 0x7b, 0x7c, 0x7c, 0x7d, 0x7e, 0x7d,
    0x7e, 0x7e, 0x7c, 0x7c, 0x7c, 0x7b, 0x7d, 0x7c, 0x7d, 0x7c,
    0x7d, 0x7d, 0x7c, 0x7c, 0x7c, 0x7c, 0x7c, 0x7b, 0x7c, 0x7b,
    0x7c, 0x7b, 0x7c, 0x7b, 0x7c, 0x7c, 0x7d, 0x7c, 0x7a, 0x7b,
    0x7b, 0x7c, 0x7b, 0x7d, 0x7b, 0x7c, 0x7b, 0x7b, 0x7b, 0x7b,
    0x7c, 0x7b, 0x7c, 0x7a, 0x7b, 0x7a, 0x7b, 0x7c, 0x7b, 0x7c,
    0x7a, 0x7a, 0x7c, 0x7b, 0x7c, 0x7c, 0x7b, 0x7b, 0x7a, 0x7b,
    0x7b, 0x7d, 0x7d, 0x7d, 0x7d, 0x7c, 0x7c, 0x7c, 0x7d, 0x7c,
    0x7d, 0x7d, 0x7c, 0x7d, 0x7e, 0x7e, 0x7d, 0x7e, 0x7d, 0x7e,
    0x7c, 0x7e, 0x7e, 0x80, 0x7f, 0x80, 0x7f, 0x80, 0x7f, 0x80,
    0x7f, 0x80, 0x80, 0x81, 0x80, 0x81, 0x81, 0x81, 0x81, 0x81,
    0x83, 0x82, 0x80, 0x82, 0x81, 0x82, 0x82, 0x82, 0x84, 0x84,
    0x82, 0x83, 0x82, 0x83, 0x84, 0x83, 0x84, 0x84, 0x83, 0x84,
    0x84, 0x83, 0x84, 0x83, 0x85, 0x85, 0x84, 0x85, 0x85, 0x84,
    0x85, 0x85, 0x83, 0x84, 0x83, 0x84, 0x83, 0x85, 0x85, 0x86,
    0x84, 0x84, 0x83, 0x84, 0x84, 0x84, 0x84, 0x85, 0x83, 0x84,
    0x84, 0x84, 0x83, 0x85, 0x83, 0x83, 0x82, 0x83, 0x82, 0x84,
    0x84, 0x83, 0x83, 0x82, 0x81, 0x83, 0x83, 0x83, 0x82, 0x82,
    0x80, 0x80, 0x81, 0x83, 0x82, 0x82, 0x81, 0x81, 0x7f, 0x80,
    0x7f, 0x80, 0x80, 0x81, 0x7f, 0x80, 0x7e, 0x7f, 0x7f, 0x7e,
    0x7f, 0x7e, 0x7f, 0x7e, 0x7f, 0x7d, 0x7e, 0x7d, 0x7e, 0x7e,
    0x7e, 0x7d, 0x7d, 0x7c, 0x7e, 0x7d, 0x7d, 0x7b, 0x7c, 0x7a,
    0x7c, 0x7c, 0x7c, 0x7c, 0x7c, 0x7b, 0x7b, 0x7a, 0x7a, 0x7c,
    0x7b, 0x7c, 0x7a, 0x7b, 0x7b, 0x7b, 0x7a, 0x7b, 0x7b, 0x7b,
    0x7b, 0x7b, 0x7a, 0x79, 0x7b, 0x7a, 0x7b, 0x7b, 0x7a, 0x7b,
    0x79, 0x7a, 0x7a, 0x7c, 0x7b, 0x7b, 0x7a, 0x7a, 0x79, 0x7b,
    0x7a, 0x7b, 0x7b, 0x7a, 0x7b, 0x7b, 0x7b, 0x7b, 0x7b, 0x7b,
    0x7a, 0x7c, 0x7b, 0x7d, 0x7c, 0x7b, 0x7b, 0x7a, 0x7d, 0x7c,
    0x7e, 0x7c, 0x7d, 0x7c, 0x7e, 0x7e, 0x7d, 0x7d, 0x7c, 0x7d,
    0x7e, 0x7e, 0x7f, 0x7f, 0x7f, 0x7f, 0x7e, 0x7e, 0x7e, 0x80,
    0x80, 0x80, 0x7f, 0x7e, 0x80, 0x81, 0x81, 0x81, 0x80, 0x81,
    0x80, 0x81, 0x80, 0x81, 0x81, 0x82, 0x82, 0x83, 0x82, 0x82,
    0x81, 0x82, 0x81, 0x83, 0x82, 0x83, 0x82, 0x81, 0x82, 0x82,
    0x83, 0x82, 0x84, 0x83, 0x83, 0x83, 0x82, 0x83, 0x83, 0x83,
    0x83, 0x84, 0x85, 0x84, 0x84, 0x82, 0x83, 0x84, 0x83, 0x84,
    0x84, 0x83, 0x83, 0x82, 0x82, 0x84, 0x84, 0x85, 0x85, 0x85,
    0x84, 0x84, 0x84, 0x83, 0x83, 0x83, 0x84, 0x84, 0x83, 0x84,
    0x83, 0x84, 0x83, 0x83, 0x82, 0x83, 0x83, 0x84, 0x83, 0x81,
    0x82, 0x81, 0x83, 0x82, 0x83, 0x83, 0x82, 0x82, 0x82, 0x80,
    0x82, 0x82, 0x81, 0x82, 0x82, 0x81, 0x82, 0x80, 0x81, 0x7f,
    0x80, 0x81, 0x80, 0x81, 0x80, 0x80, 0x7f, 0x7f, 0x80, 0x80,
    0x80, 0x7f, 0x7d, 0x7e, 0x7e, 0x7f, 0x7f, 0x7e, 0x7f, 0x7e,
    0x7d, 0x7e, 0x7d, 0x7e, 0x7e, 0x7e, 0x7f, 0x7d, 0x7d, 0x7b,
    0x7c, 0x7d, 0x7c, 0x7d, 0x7c, 0x7d, 0x7c, 0x7c, 0x7b, 0x7c,
    0x7c, 0x7d, 0x7c, 0x7c, 0x7c, 0x7b, 0x7c, 0x7c, 0x7b, 0x7c,
    0x7b, 0x7c, 0x7b, 0x7c, 0x7c, 0x7c, 0x7b, 0x7a, 0x7b, 0x7c,
    0x7b, 0x7c, 0x7b, 0x7c, 0x7b, 0x7b, 0x7c, 0x7c, 0x7b, 0x7c,
    0x7c, 0x7c, 0x7c, 0x7c, 0x7c, 0x7c, 0x7a, 0x7b, 0x7b, 0x7c,
    0x7b, 0x7c, 0x7c, 0x7d, 0x7c, 0x7e, 0x7d, 0x7b, 0x7c, 0x7c,
    0x7c, 0x7d, 0x7d, 0x7e, 0x7d, 0x7d, 0x7c, 0x7d, 0x7e, 0x7d,
    0x7e, 0x7d, 0x7f, 0x7f, 0x7f, 0x7d, 0x7d, 0x7d, 0x7f, 0x80,
    0x7f, 0x80, 0x7e, 0x7f, 0x7e, 0x80, 0x81, 0x80, 0x80, 0x80,
    0x7f, 0x81, 0x80, 0x81, 0x80, 0x81, 0x80, 0x81, 0x81, 0x80,
    0x82, 0x80, 0x81, 0x81, 0x81, 0x82, 0x81, 0x82, 0x82, 0x81,
    0x82, 0x81, 0x83, 0x82, 0x83, 0x82, 0x83, 0x83, 0x83, 0x83,
    0x84, 0x83, 0x84, 0x82, 0x83, 0x82, 0x84, 0x84, 0x83, 0x84,
    0x84, 0x85, 0x84, 0x85, 0x84, 0x85, 0x83, 0x84, 0x84, 0x85,
    0x84, 0x84, 0x83, 0x84, 0x82, 0x84, 0x83, 0x85, 0x84, 0x84,
    0x83, 0x83, 0x83, 0x82, 0x83, 0x84, 0x84, 0x83, 0x82, 0x83,
    0x83, 0x81, 0x83, 0x82, 0x82, 0x81, 0x82, 0x82, 0x83, 0x81,
    0x82, 0x82, 0x81, 0x82, 0x81, 0x82, 0x81, 0x81, 0x80, 0x80,
    0x81, 0x80, 0x81, 0x80, 0x7f, 0x80, 0x7f, 0x80, 0x7e, 0x7f,
    0x7e, 0x7f, 0x7e, 0x7f, 0x7e, 0x7e, 0x7d, 0x7e, 0x7e, 0x7f,
    0x7d, 0x7e, 0x7d, 0x7d, 0x7d, 0x7d, 0x7e, 0x7d, 0x7e, 0x7d,
    0x7d, 0x7b, 0x7b, 0x7a, 0x7c, 0x7c, 0x7d, 0x7d, 0x7c, 0x7c,
    0x7b, 0x7c, 0x7c, 0x7b, 0x7c, 0x7c, 0x7b, 0x7c, 0x7b, 0x7b,
    0x7c, 0x7b, 0x7c, 0x7b, 0x7c, 0x7a, 0x7a, 0x79, 0x7b, 0x7a,
    0x7b, 0x7a, 0x7b, 0x7b, 0x7a, 0x7b, 0x7a, 0x7a, 0x79, 0x7b,
    0x7c, 0x7c, 0x7c, 0x7c, 0x7a, 0x7b, 0x7a, 0x7b, 0x7c, 0x7b,
    0x7c, 0x7b, 0x7c, 0x7b, 0x7c, 0x7c, 0x7d, 0x7d, 0x7d, 0x7c,
    0x7d, 0x7c, 0x7d, 0x7d, 0x7e, 0x7d, 0x7d, 0x7e, 0x7e, 0x7c,
    0x7e, 0x7d, 0x7e, 0x7f, 0x7d, 0x7e, 0x7f, 0x7e, 0x7f, 0x7e,
    0x7e, 0x7f, 0x7e, 0x80, 0x7f, 0x80, 0x7f, 0x80, 0x80, 0x80,
    0x7f, 0x80, 0x7f, 0x81, 0x82, 0x81, 0x82, 0x81, 0x80, 0x81,
    0x82, 0x81, 0x82, 0x82, 0x83, 0x82, 0x82, 0x81, 0x83, 0x83,
    0x82, 0x83, 0x83, 0x82, 0x83, 0x82, 0x83, 0x83, 0x84, 0x85,
    0x83, 0x84, 0x84, 0x83, 0x84, 0x83, 0x84, 0x84, 0x83, 0x85,
    0x83, 0x84, 0x83, 0x83, 0x83, 0x84, 0x83, 0x84, 0x84, 0x84,
    0x84, 0x82, 0x83, 0x83, 0x84, 0x84, 0x83, 0x84, 0x83, 0x83,
    0x83, 0x82, 0x84, 0x83, 0x84, 0x82, 0x83, 0x82, 0x82, 0x83,
    0x82, 0x83, 0x83, 0x83, 0x82, 0x83, 0x82, 0x82, 0x82, 0x82,
    0x83, 0x82, 0x82, 0x81, 0x81, 0x80, 0x82, 0x81, 0x83, 0x81,
    0x82, 0x80, 0x81, 0x80, 0x81, 0x82, 0x81, 0x81, 0x80, 0x80,
    0x80, 0x7f, 0x80, 0x81, 0x80, 0x7f, 0x80, 0x7e, 0x7f, 0x7e,
    0x7f, 0x80, 0x7e, 0x7f, 0x7f, 0x7e, 0x7e, 0x7d, 0x7f, 0x7d,
    0x7e, 0x7d, 0x7e, 0x7d, 0x7e, 0x7e, 0x7e, 0x7e, 0x7d, 0x7e,
    0x7c, 0x7d, 0x7c, 0x7d, 0x7c, 0x7d, 0x7d, 0x7c, 0x7d, 0x7c,
    0x7c, 0x7d, 0x7c, 0x7c, 0x7c, 0x7b, 0x7c, 0x7b, 0x7c, 0x7c,
    0x7c, 0x7c, 0x7c, 0x7c, 0x7c, 0x7c, 0x7c, 0x7c, 0x7c, 0x7c,
    0x7b, 0x7b, 0x7b, 0x7c, 0x7c, 0x7b, 0x7c, 0x7b, 0x7b, 0x7a,
    0x7a, 0x7c, 0x7b, 0x7c, 0x7b, 0x7c, 0x7c, 0x7b, 0x7d, 0x7c,
    0x7d, 0x7b, 0x7c, 0x7d, 0x7c, 0x7d, 0x7c, 0x7d, 0x7c, 0x7d,
    0x7d, 0x7c, 0x7e, 0x7c, 0x7d, 0x7c, 0x7d, 0x7d, 0x7e, 0x7e,
    0x7e, 0x7d, 0x7e, 0x7f, 0x7e, 0x7f, 0x7f, 0x7e, 0x7f, 0x7e,
    0x7f, 0x7f, 0x80, 0x80, 0x7e, 0x80, 0x80, 0x80, 0x81, 0x80,
    0x81, 0x7f, 0x80, 0x80, 0x81, 0x82, 0x81, 0x82, 0x81, 0x81,
    0x80, 0x82, 0x81, 0x82, 0x83, 0x82, 0x83, 0x81, 0x82, 0x83,
    0x83, 0x83, 0x83, 0x82, 0x82, 0x82, 0x83, 0x84, 0x83, 0x84,
    0x82, 0x83, 0x83, 0x83, 0x84, 0x84, 0x83, 0x84, 0x83, 0x83,
    0x83, 0x82, 0x84, 0x83, 0x84, 0x84, 0x83, 0x83, 0x82, 0x82,
    0x82, 0x84, 0x83, 0x84, 0x84, 0x82, 0x83, 0x81, 0x83, 0x82,
    0x83, 0x83, 0x83, 0x82, 0x83, 0x82, 0x83, 0x82, 0x83, 0x81,
    0x82, 0x81, 0x82, 0x83, 0x83, 0x81, 0x81, 0x80, 0x81, 0x80,
    0x82, 0x81, 0x81, 0x80, 0x81, 0x7f, 0x80, 0x7f, 0x80, 0x7f,
    0x80, 0x7e, 0x7f, 0x7e, 0x7f, 0x7e, 0x7f, 0x7e, 0x7f, 0x7e,
    0x7d, 0x7e, 0x7d, 0x7f, 0x7f, 0x7e, 0x7e, 0x7d, 0x7d, 0x7c,
    0x7e, 0x7d, 0x7e, 0x7d, 0x7c, 0x7c, 0x7c, 0x7d, 0x7c, 0x7d,
    0x7c, 0x7d, 0x7b, 0x7c, 0x7c, 0x7c, 0x7c, 0x7b, 0x7c, 0x7b,
    0x7c, 0x7c, 0x7b, 0x7c, 0x7c, 0x7b, 0x7c, 0x7b, 0x7b, 0x7a,
    0x7c, 0x7b, 0x7c, 0x7b, 0x7c, 0x7b, 0x7c, 0x7c, 0x7b, 0x7c,
    0x7b, 0x7c, 0x7b, 0x7c, 0x7c, 0x7c, 0x7c, 0x7b, 0x7c, 0x7c,
    0x7b, 0x7c, 0x7c, 0x7d, 0x7c, 0x7d, 0x7b, 0x7c, 0x7c, 0x7d,
    0x7d, 0x7c, 0x7d, 0x7c, 0x7d, 0x7c, 0x7d, 0x7d, 0x7d, 0x7e,
    0x7d, 0x7e, 0x7e, 0x7d, 0x7d, 0x7d, 0x7f, 0x7e, 0x7f, 0x7f,
    0x7e, 0x7e, 0x7e, 0x7f, 0x7e, 0x7f, 0x7e, 0x80, 0x80, 0x80,
    0x7f, 0x7f, 0x7e, 0x7f, 0x80, 0x80, 0x81, 0x80, 0x80, 0x7f,
    0x80, 0x80, 0x80, 0x81, 0x80, 0x81, 0x80, 0x81, 0x81, 0x80,
    0x81, 0x81, 0x82, 0x81, 0x81, 0x81, 0x81, 0x81, 0x83, 0x82,
    0x83, 0x83, 0x81, 0x82, 0x80, 0x82, 0x83, 0x84, 0x83, 0x84,
    0x83, 0x83, 0x83, 0x83, 0x84, 0x84, 0x83, 0x84, 0x83, 0x84,
    0x82, 0x84, 0x83, 0x84, 0x83, 0x84, 0x83, 0x84, 0x84, 0x83,
    0x83, 0x83, 0x84, 0x83, 0x83, 0x82, 0x84, 0x84, 0x84, 0x84,
    0x83, 0x82, 0x83, 0x82, 0x83, 0x81, 0x82, 0x82, 0x83, 0x82,
    0x83, 0x82, 0x82, 0x81, 0x81, 0x81, 0x82, 0x82, 0x81, 0x82,
    0x81, 0x81, 0x81, 0x80, 0x81, 0x80, 0x81, 0x81, 0x7f, 0x80,
    0x7f, 0x7f, 0x81, 0x80, 0x80, 0x80, 0x7f, 0x7f, 0x7e, 0x7f,
    0x7e, 0x80, 0x80, 0x7f, 0x7f, 0x7e, 0x7e, 0x7d, 0x7f, 0x7e,
    0x7e, 0x7f, 0x7d, 0x7e, 0x7d, 0x7e, 0x7d, 0x7e, 0x7d, 0x7d,
    0x7d, 0x7c, 0x7d, 0x7c, 0x7d, 0x7c, 0x7d, 0x7d, 0x7c, 0x7d,
    0x7c, 0x7d, 0x7c, 0x7d, 0x7c, 0x7d, 0x7c, 0x7d, 0x7c, 0x7c,
    0x7b, 0x7c, 0x7c, 0x7c, 0x7d, 0x7d, 0x7c, 0x7d, 0x7d, 0x7c,
    0x7d, 0x7c, 0x7d, 0x7c, 0x7b, 0x7c, 0x7c, 0x7d, 0x7d, 0x7c,
    0x7d, 0x7d, 0x7c, 0x7d, 0x7c, 0x7d, 0x7d, 0x7c, 0x7d, 0x7d,
    0x7c, 0x7d, 0x7d, 0x7c, 0x7d, 0x7c, 0x7e, 0x7d, 0x7d, 0x7d,
    0x7e, 0x7d, 0x7e, 0x7e, 0x7e, 0x7e, 0x7d, 0x7e, 0x7e, 0x7e,
    0x7d, 0x7f, 0x7e, 0x7f, 0x7f, 0x7f, 0x80, 0x7e, 0x7f, 0x7e,
    0x7f, 0x80, 0x80, 0x80, 0x80, 0x80, 0x7f, 0x80, 0x7f, 0x80,
    0x80, 0x81, 0x80, 0x80, 0x7f, 0x80, 0x80, 0x81, 0x80, 0x81,
    0x80, 0x81, 0x80, 0x81, 0x82, 0x82, 0x82, 0x82, 0x82, 0x81,
    0x80, 0x82, 0x82, 0x83, 0x83, 0x81, 0x82, 0x81, 0x83, 0x82,
    0x82, 0x82, 0x83, 0x83, 0x83, 0x82, 0x83, 0x82, 0x83, 0x82,
    0x83, 0x82, 0x83, 0x82, 0x83, 0x82, 0x83, 0x82, 0x82, 0x83,
    0x82, 0x83, 0x82, 0x83, 0x82, 0x81, 0x82, 0x82, 0x83, 0x83,
    0x83, 0x83, 0x82, 0x80, 0x82, 0x82, 0x83, 0x83, 0x83, 0x82,
    0x80, 0x81, 0x80, 0x82, 0x81, 0x82, 0x82, 0x82, 0x81, 0x80,
    0x81, 0x81, 0x80, 0x81, 0x80, 0x81, 0x7f, 0x7f, 0x80, 0x80,
    0x80, 0x80, 0x80, 0x7f, 0x80, 0x7e, 0x80, 0x80, 0x7f, 0x7e,
    0x7f, 0x7d, 0x7f, 0x7e, 0x7e, 0x7e, 0x7e, 0x7e, 0x7d, 0x7e,
    0x7d, 0x7e, 0x7e, 0x7d, 0x7d, 0x7d, 0x7c, 0x7e, 0x7d, 0x7d,
    0x7d, 0x7d, 0x7d, 0x7c, 0x7d, 0x7c, 0x7d, 0x7c, 0x7d, 0x7c,
    0x7d, 0x7d, 0x7c, 0x7d, 0x7b, 0x7c, 0x7b, 0x7c, 0x7b, 0x7c,
    0x7b, 0x7c, 0x7b, 0x7c, 0x7c, 0x7b, 0x7c, 0x7b, 0x7c, 0x7b,
    0x7c, 0x7c, 0x7c, 0x7c, 0x7c, 0x7b, 0x7b, 0x7c, 0x7c, 0x7d,
    0x7c, 0x7d, 0x7c, 0x7c, 0x7c, 0x7d, 0x7e, 0x7d, 0x7e, 0x7d,
    0x7e, 0x7c, 0x7d, 0x7c, 0x7e, 0x7e, 0x7f, 0x7d, 0x7e, 0x7e,
    0x7d, 0x7e, 0x7e, 0x7e, 0x7e, 0x7e, 0x7f, 0x7e, 0x7f, 0x7e,
    0x7f, 0x7e, 0x7f, 0x80, 0x7f, 0x80, 0x7f, 0x7f, 0x7e, 0x7f,
    0x7f, 0x7f, 0x80, 0x80, 0x80, 0x80, 0x81, 0x80, 0x81, 0x81,
    0x80, 0x81, 0x80, 0x81, 0x80, 0x81, 0x80, 0x82, 0x81, 0x82,
    0x81, 0x82, 0x81, 0x81, 0x82, 0x81, 0x82, 0x82, 0x83, 0x82,
    0x82, 0x81, 0x82, 0x83, 0x82, 0x83, 0x81, 0x82, 0x83, 0x82,
    0x84, 0x83, 0x84, 0x83, 0x84, 0x82, 0x83, 0x82, 0x83, 0x83,
    0x84, 0x82, 0x83, 0x82, 0x84, 0x83, 0x84, 0x84, 0x84, 0x83,
    0x82, 0x83, 0x82, 0x83, 0x83, 0x82, 0x83, 0x83, 0x82, 0x83,
    0x82, 0x83, 0x81, 0x83, 0x82, 0x83, 0x83, 0x82, 0x82, 0x81,
    0x82, 0x82, 0x82, 0x82, 0x82, 0x82, 0x82, 0x81, 0x81, 0x80,
    0x81, 0x80, 0x81, 0x80, 0x80, 0x81, 0x7f, 0x80, 0x7f, 0x80,
    0x7f, 0x80, 0x7f, 0x80, 0x7f, 0x80, 0x80, 0x80, 0x80, 0x80,
    0x7f, 0x7e, 0x7f, 0x7f, 0x7f, 0x7f, 0x80, 0x7e, 0x7f, 0x7e,
    0x7e, 0x7e, 0x7f, 0x7d, 0x7d, 0x7e, 0x7d, 0x7d, 0x7c, 0x7d,
    0x7e, 0x7d, 0x7e, 0x7e, 0x7d, 0x7c, 0x7d, 0x7c, 0x7d, 0x7c,
    0x7d, 0x7d, 0x7c, 0x7d, 0x7c, 0x7d, 0x7c, 0x7d, 0x7d, 0x7c,
    0x7d, 0x7d, 0x7c, 0x7c, 0x7b, 0x7d, 0x7c, 0x7d, 0x7c, 0x7d,
    0x7c, 0x7d, 0x7b, 0x7c, 0x7c, 0x7d, 0x7d, 0x7c, 0x7d, 0x7c,
    0x7d, 0x7c, 0x7d, 0x7b, 0x7d, 0x7c, 0x7d, 0x7c, 0x7d, 0x7c,
    0x7d, 0x7c, 0x7d, 0x7c, 0x7d, 0x7c, 0x7d, 0x7c, 0x7d, 0x7d,
    0x7d, 0x7e, 0x7d, 0x7d, 0x7e, 0x7d, 0x7e, 0x7e, 0x7d, 0x7e,
    0x7d, 0x7f, 0x7f, 0x7e, 0x7f, 0x7e, 0x7f, 0x7e, 0x80, 0x7e,
    0x7f, 0x7e, 0x80, 0x7f, 0x80, 0x80, 0x7f, 0x80, 0x7f, 0x7f,
    0x80, 0x7f, 0x81, 0x80, 0x81, 0x80, 0x81, 0x80, 0x81, 0x80,
    0x81, 0x80, 0x81, 0x81, 0x82, 0x81, 0x82, 0x81, 0x80, 0x82,
    0x82, 0x82, 0x81, 0x82, 0x82, 0x81, 0x82, 0x81, 0x82, 0x83,
    0x83, 0x81, 0x82, 0x82, 0x83, 0x82, 0x83, 0x82, 0x82, 0x82,
    0x83, 0x83, 0x83, 0x82, 0x83, 0x81, 0x82, 0x81, 0x83, 0x82,
    0x83, 0x82, 0x83, 0x83, 0x82, 0x81, 0x83, 0x82, 0x82, 0x81,
    0x82, 0x81, 0x83, 0x81, 0x82, 0x81, 0x82, 0x81, 0x82, 0x81,
    0x81, 0x81, 0x81, 0x81, 0x82, 0x81, 0x82, 0x80, 0x81, 0x80,
    0x81, 0x81, 0x82, 0x80, 0x81, 0x81, 0x80, 0x81, 0x80, 0x81,
    0x80, 0x7f, 0x80, 0x80, 0x7f, 0x80, 0x7f, 0x80, 0x7f, 0x80,
    0x80, 0x80, 0x7f, 0x80, 0x7f, 0x7f, 0x7e, 0x7f, 0x7e, 0x7f,
    0x7e, 0x7f, 0x7e, 0x7f, 0x7e, 0x7f, 0x7d, 0x7f, 0x7e, 0x7f,
    0x7d, 0x7e, 0x7d, 0x7e, 0x7e, 0x7d, 0x7e, 0x7d, 0x7e, 0x7e,
    0x7d, 0x7e, 0x7d, 0x7d, 0x7d, 0x7c, 0x7d, 0x7d, 0x7c, 0x7d,
    0x7c, 0x7d, 0x7c, 0x7d, 0x7d, 0x7c, 0x7d, 0x7c, 0x7d, 0x7c,
    0x7d, 0x7c, 0x7d, 0x7c, 0x7d, 0x7d, 0x7c, 0x7d, 0x7d, 0x7c,
    0x7d, 0x7c, 0x7d, 0x7c, 0x7d, 0x7d, 0x7c, 0x7d, 0x7c, 0x7d,
    0x7d, 0x7c, 0x7e, 0x7d, 0x7e, 0x7e, 0x7c, 0x7d, 0x7c, 0x7e,
    0x7e, 0x7e, 0x7d, 0x7e, 0x7d, 0x7e, 0x7d, 0x7e, 0x7d, 0x7e,
    0x7d, 0x7e, 0x7d, 0x7f, 0x7e, 0x7f, 0x7e, 0x7f, 0x7e, 0x7f,
    0x7e, 0x7f, 0x7e, 0x7f, 0x7e, 0x80, 0x7f, 0x80, 0x7f, 0x80,
    0x7f, 0x80, 0x7f, 0x80, 0x7f, 0x80, 0x7f, 0x81, 0x7f, 0x81,
    0x80, 0x80, 0x81, 0x80, 0x81, 0x80, 0x81, 0x81, 0x81, 0x80,
    0x81, 0x80, 0x81, 0x80, 0x82, 0x81, 0x81, 0x82, 0x81, 0x82,
    0x81, 0x81, 0x82, 0x81, 0x82, 0x82, 0x81, 0x82, 0x83, 0x81,
    0x82, 0x82, 0x83, 0x82, 0x82, 0x82, 0x81, 0x82, 0x82, 0x83,
    0x83, 0x83, 0x82, 0x83, 0x82, 0x82, 0x81, 0x83, 0x83, 0x82,
    0x83, 0x83, 0x83, 0x82, 0x83, 0x81, 0x82, 0x81, 0x82, 0x81,
    0x83, 0x82, 0x82, 0x81, 0x82, 0x81, 0x82, 0x81, 0x82, 0x81,
    0x82, 0x81, 0x82, 0x81, 0x81, 0x80, 0x81, 0x80, 0x82, 0x80,
    0x81, 0x81, 0x80, 0x81, 0x80, 0x80, 0x81, 0x80, 0x7f, 0x80,
    0x80, 0x80, 0x7f, 0x7f, 0x80, 0x7f, 0x80, 0x80, 0x7f, 0x7f,
    0x7e, 0x7e, 0x7f, 0x7e, 0x7f, 0x7e, 0x7f, 0x7d, 0x7e, 0x7e,
    0x7e, 0x7f, 0x7e, 0x7f, 0x7f, 0x7e, 0x7d, 0x7e, 0x7d, 0x7e,
    0x7d, 0x7e, 0x7d, 0x7e, 0x7d, 0x7e, 0x7d, 0x7e, 0x7d, 0x7e,
    0x7e, 0x7e, 0x7e, 0x7e, 0x7c, 0x7d, 0x7c, 0x7d, 0x7c, 0x7d,
    0x7c, 0x7d, 0x7c, 0x7d, 0x7c, 0x7d, 0x7c, 0x7d, 0x7d, 0x7c,
    0x7d, 0x7c, 0x7d, 0x7c, 0x7c, 0x7d, 0x7d, 0x7c, 0x7d, 0x7c,
    0x7d, 0x7c, 0x7d, 0x7d, 0x7c, 0x7d, 0x7c, 0x7d, 0x7d, 0x7c,
    0x7d, 0x7c, 0x7d, 0x7c, 0x7d, 0x7d, 0x7e, 0x7d, 0x7e, 0x7e,
    0x7d, 0x7e, 0x7e, 0x7d, 0x7f, 0x7e, 0x7e, 0x7e, 0x7d, 0x7f,
    0x7e, 0x7f, 0x7e, 0x7f, 0x7e, 0x7f, 0x7e, 0x7f, 0x7e, 0x7f,
    0x7e, 0x7f, 0x7e, 0x7f, 0x7e, 0x80, 0x7f, 0x80, 0x80, 0x7f,
    0x80, 0x7f, 0x81, 0x80, 0x80, 0x80, 0x81, 0x80, 0x81, 0x80,
    0x82, 0x81, 0x81, 0x81, 0x82, 0x81, 0x81, 0x81, 0x82, 0x82,
    0x81, 0x82, 0x81, 0x82, 0x82, 0x81, 0x82, 0x82, 0x81, 0x82,
    0x81, 0x82, 0x81, 0x82, 0x82, 0x83, 0x82, 0x82, 0x81, 0x83,
    0x82, 0x83, 0x82, 0x82, 0x82, 0x82, 0x82, 0x83, 0x82, 0x82,
    0x81, 0x82, 0x81, 0x82, 0x81, 0x82, 0x82, 0x81, 0x82, 0x81,
    0x82, 0x81, 0x82, 0x81, 0x82, 0x81, 0x80, 0x81, 0x80, 0x81,
    0x81, 0x81, 0x81, 0x81, 0x80, 0x81, 0x80, 0x81, 0x80, 0x81,
    0x80, 0x81, 0x7f, 0x80, 0x7f, 0x80, 0x7f, 0x80, 0x7f, 0x7f,
    0x7f, 0x7e, 0x7f, 0x7f, 0x7f, 0x7e, 0x7f, 0x7e, 0x7f, 0x7e,
    0x7f, 0x7e, 0x7f, 0x7e, 0x7f, 0x7e, 0x7e, 0x7e, 0x7d, 0x7e,
    0x7d, 0x7e, 0x7d, 0x7e, 0x7d, 0x7e, 0x7d, 0x7e, 0x7e, 0x7d,
    0x7c, 0x7d, 0x7c, 0x7d, 0x7d, 0x7c, 0x7d, 0x7c, 0x7d, 0x7c,
    0x7d, 0x7d, 0x7d, 0x7d, 0x7d, 0x7c, 0x7d, 0x7c, 0x7d, 0x7c,
    0x7d, 0x7c, 0x7d, 0x7c, 0x7d, 0x7d, 0x7c, 0x7d, 0x7d, 0x7c,
    0x7d, 0x7c, 0x7d, 0x7d, 0x7d, 0x7d, 0x7c, 0x7d, 0x7d, 0x7d,
    0x7d, 0x7d, 0x7c, 0x7d, 0x7c, 0x7d, 0x7c, 0x7e, 0x7d, 0x7e,
    0x7e, 0x7d, 0x7e, 0x7d, 0x7e, 0x7d, 0x7e, 0x7e, 0x7d, 0x7e,
    0x7e, 0x7d, 0x7f, 0x7e, 0x7f, 0x7e, 0x7f, 0x7f, 0x7e, 0x7f,
    0x7e, 0x7f, 0x7f, 0x80, 0x7f, 0x80, 0x80, 0x7f, 0x80, 0x7f,
    0x80, 0x80, 0x80, 0x7f, 0x80, 0x80, 0x81, 0x80, 0x81, 0x80,
    0x81, 0x80, 0x81, 0x82, 0x82, 0x80, 0x81, 0x80, 0x81, 0x82,
    0x81, 0x82, 0x82, 0x81, 0x82, 0x82, 0x81, 0x82, 0x82, 0x82,
    0x82, 0x83, 0x83, 0x82, 0x82, 0x82, 0x82, 0x83, 0x82, 0x83,
    0x83, 0x82, 0x83, 0x82, 0x82, 0x81, 0x83, 0x82, 0x83, 0x82,
    0x83, 0x82, 0x83, 0x83, 0x81, 0x82, 0x81, 0x83, 0x82, 0x82,
    0x82, 0x83, 0x81, 0x82, 0x81, 0x82, 0x81, 0x82, 0x81, 0x82,
    0x81, 0x82, 0x82, 0x81, 0x82, 0x81, 0x81, 0x81, 0x80, 0x82,
    0x82, 0x81, 0x80, 0x81, 0x80, 0x81, 0x80, 0x81, 0x81, 0x80,
    0x81, 0x81, 0x80, 0x80, 0x7f, 0x80, 0x80, 0x80, 0x7f, 0x80,
    0x7f, 0x80, 0x80, 0x7f, 0x80, 0x7f, 0x80, 0x80, 0x7f, 0x7f,
    0x7e, 0x7e, 0x7f, 0x7e, 0x7f, 0x7f, 0x7e, 0x7f, 0x7e, 0x7e,
    0x7e, 0x7e, 0x7e, 0x7d, 0x7e, 0x7d, 0x7e, 0x7d, 0x7e, 0x7e,
    0x7e, 0x7d, 0x7e, 0x7d, 0x7e, 0x7d, 0x7d, 0x7c, 0x7d, 0x7d,
    0x7d, 0x7c, 0x7d, 0x7c, 0x7d, 0x7d, 0x7d, 0x7c, 0x7d, 0x7d,
    0x7c, 0x7d, 0x7c, 0x7d, 0x7c, 0x7d, 0x7d, 0x7c, 0x7d, 0x7c,
    0x7d, 0x7c, 0x7d, 0x7c, 0x7d, 0x7c, 0x7d, 0x7c, 0x7d, 0x7c,
    0x7e, 0x7d, 0x7e, 0x7d, 0x7d, 0x7c, 0x7c, 0x7d, 0x7d, 0x7e,
    0x7d, 0x7e, 0x7e, 0x7d, 0x7e, 0x7d, 0x7e, 0x7e, 0x7f, 0x7f,
    0x7f, 0x7f, 0x7f, 0x7e, 0x7f, 0x7f, 0x7e, 0x80, 0x7f, 0x7f,
    0x7f, 0x7e, 0x7f, 0x7f, 0x80, 0x7f, 0x80, 0x7f, 0x7f, 0x80,
    0x7f, 0x80, 0x7f, 0x80, 0x7f, 0x80, 0x7f, 0x80, 0x80, 0x7f,
    0x80, 0x7f, 0x80, 0x80, 0x81, 0x7f, 0x80, 0x80, 0x80, 0x81,
    0x81, 0x81, 0x81, 0x80, 0x80, 0x81, 0x80, 0x81, 0x81, 0x82,
    0x81, 0x81, 0x81, 0x82, 0x82, 0x82, 0x81, 0x82, 0x81, 0x81,
    0x81, 0x82, 0x81, 0x82, 0x81, 0x83, 0x81, 0x82, 0x81, 0x82,
    0x81, 0x82, 0x82, 0x82, 0x81, 0x82, 0x81, 0x82, 0x81, 0x82,
    0x81, 0x82, 0x82, 0x82, 0x81, 0x82, 0x81, 0x82, 0x82, 0x81,
    0x82, 0x81, 0x82, 0x81, 0x82, 0x80, 0x81, 0x81, 0x80, 0x81,
    0x81, 0x80, 0x81, 0x80, 0x81, 0x80, 0x81, 0x80, 0x81, 0x81,
    0x80, 0x80, 0x7f, 0x80, 0x7f, 0x80, 0x7f, 0x7f, 0x80, 0x7f,
    0x80, 0x7f, 0x80, 0x80, 0x7f, 0x7f, 0x7e, 0x80, 0x7f, 0x7f,
    0x7e, 0x7f, 0x7e, 0x7f, 0x7e, 0x7f, 0x7e, 0x7f, 0x7f, 0x7e,
    0x7f, 0x7e, 0x7d, 0x7e, 0x7e, 0x7d, 0x7e, 0x7d, 0x7e, 0x7d,
    0x7e, 0x7d, 0x7e, 0x7e, 0x7d, 0x7e, 0x7d, 0x7e, 0x7d, 0x7d,
    0x7c, 0x7d, 0x7c, 0x7e, 0x7d, 0x7e, 0x7c, 0x7d, 0x7d, 0x7c,
    0x7d, 0x7c, 0x7d, 0x7c, 0x7d, 0x7e, 0x7d, 0x7e, 0x7d, 0x7c,
    0x7d, 0x7c, 0x7e, 0x7d, 0x7d, 0x7e, 0x7d, 0x7d, 0x7d, 0x7d,
    0x7e, 0x7e, 0x7d, 0x7e, 0x7d, 0x7e, 0x7d, 0x7e, 0x7e, 0x7d,
    0x7e, 0x7e, 0x7e, 0x7e, 0x7e, 0x7e, 0x7e, 0x7e, 0x7f, 0x7f,
    0x7e, 0x7e, 0x7f, 0x7f, 0x7f, 0x7f, 0x7f, 0x7f, 0x7e, 0x7f,
    0x7e, 0x7f, 0x7f, 0x7e, 0x7f, 0x7e, 0x7f, 0x7f, 0x7e, 0x7f,
    0x7f, 0x7f, 0x7f, 0x7e, 0x7f, 0x7f, 0x80, 0x80, 0x80, 0x7f,
    0x80, 0x7f, 0x80, 0x80, 0x80, 0x80, 0x80, 0x80, 0x7f, 0x80,
    0x80, 0x81, 0x80, 0x80, 0x80, 0x81, 0x81, 0x81, 0x80, 0x81,
    0x80, 0x81, 0x81, 0x81, 0x80, 0x81, 0x80, 0x81, 0x80, 0x81,
    0x80, 0x81, 0x80, 0x82, 0x81, 0x81, 0x80, 0x81, 0x81, 0x81,
    0x80, 0x82, 0x81, 0x82, 0x81, 0x80, 0x81, 0x80, 0x81, 0x80,
    0x82, 0x81, 0x82, 0x82, 0x81, 0x82, 0x81, 0x81, 0x80, 0x82,
    0x81, 0x82, 0x82, 0x81, 0x81, 0x80, 0x81, 0x81, 0x80, 0x82,
    0x81, 0x81, 0x81, 0x80, 0x81, 0x80, 0x81, 0x80, 0x81, 0x81,
    0x80, 0x80, 0x7f, 0x81, 0x80, 0x81, 0x81, 0x80, 0x80, 0x7f,
    0x80, 0x7f, 0x80, 0x7f, 0x80, 0x7f, 0x80, 0x7f, 0x80, 0x7f,
    0x80, 0x7f, 0x80, 0x7f, 0x7e, 0x80, 0x7f, 0x80, 0x7e, 0x7f,
    0x7e, 0x7f, 0x7e, 0x7f, 0x7e, 0x7f, 0x7f, 0x7e, 0x7f, 0x7e,
    0x7f, 0x7e, 0x7f, 0x7e, 0x7f, 0x7f, 0x7e, 0x7d, 0x7e, 0x7d,
    0x7e, 0x7e, 0x7d, 0x7e, 0x7d, 0x7e, 0x7d, 0x7e, 0x7d, 0x7e,
    0x7d, 0x7e, 0x7d, 0x7e, 0x7e, 0x7d, 0x7e, 0x7d, 0x7e, 0x7d,
    0x7e, 0x7d, 0x7e, 0x7e, 0x7d, 0x7e, 0x7d, 0x7e, 0x7d, 0x7e,
    0x7e, 0x7d, 0x7e, 0x7d, 0x7e, 0x7e, 0x7d, 0x7d, 0x7e, 0x7d,
    0x7e, 0x7d, 0x7f, 0x7e, 0x7e, 0x7d, 0x7e, 0x7d, 0x7f, 0x7e,
    0x7f, 0x7e, 0x7f, 0x7f, 0x7f, 0x7e, 0x7f, 0x7f, 0x7e, 0x7f,
    0x7e, 0x7f, 0x7e, 0x7f, 0x7e, 0x7f, 0x7e, 0x80, 0x7f, 0x80,
    0x7f, 0x80, 0x80, 0x7f, 0x80, 0x7f, 0x80, 0x80, 0x7f, 0x80,
    0x7f, 0x80, 0x80, 0x81, 0x80, 0x7f, 0x80, 0x80, 0x81, 0x80,
    0x81, 0x80, 0x81, 0x81, 0x80, 0x81, 0x80, 0x82, 0x81, 0x81,
    0x80, 0x81, 0x81, 0x81, 0x82, 0x81, 0x82, 0x81, 0x82, 0x81,
    0x82, 0x82, 0x81, 0x82, 0x81, 0x82, 0x81, 0x82, 0x81, 0x82,
    0x81, 0x82, 0x82, 0x82, 0x82, 0x82, 0x81, 0x82, 0x81, 0x82,
    0x81, 0x82, 0x82, 0x81, 0x82, 0x82, 0x81, 0x82, 0x81, 0x82,
    0x82, 0x81, 0x81, 0x81, 0x81, 0x81, 0x81, 0x82, 0x82, 0x81,
    0x80, 0x81, 0x80, 0x81, 0x80, 0x81, 0x80, 0x81, 0x80, 0x81,
    0x80, 0x81, 0x80, 0x81, 0x80, 0x81, 0x7f, 0x80, 0x80, 0x7f,
    0x80, 0x7f, 0x80, 0x80, 0x7f, 0x80, 0x7f, 0x80, 0x80, 0x7e,
    0x7f, 0x7e, 0x7f, 0x7e, 0x7f, 0x7e, 0x7f, 0x7f, 0x7e, 0x7f,
    0x7f, 0x7e, 0x7e, 0x7e, 0x7d, 0x7e, 0x7d, 0x7e, 0x7d, 0x7e,
    0x7d, 0x7e, 0x7d, 0x7e, 0x7e, 0x7d, 0x7e, 0x7d, 0x7e, 0x7c,
    0x7d, 0x7d, 0x7e, 0x7d, 0x7d, 0x7c, 0x7d, 0x7c, 0x7e, 0x7c,
    0x7d, 0x7c, 0x7d, 0x7d, 0x7c, 0x7d, 0x7c, 0x7e, 0x7d, 0x7e,
    0x7e, 0x7d, 0x7e, 0x7d, 0x7e, 0x7e, 0x7e, 0x7d, 0x7e, 0x7d,
    0x7e, 0x7d, 0x7e, 0x7e, 0x7d, 0x7e, 0x7d, 0x7e, 0x7d, 0x7e,
    0x7d, 0x7e, 0x7d, 0x7e, 0x7f, 0x7e, 0x7f, 0x7e, 0x7e, 0x7f,
    0x7e, 0x7f, 0x7f, 0x7f, 0x7f, 0x7f, 0x7f, 0x7e, 0x7f, 0x7e,
    0x7f, 0x7e, 0x80, 0x7f, 0x80, 0x7f, 0x80, 0x7f, 0x80, 0x80,
    0x7f, 0x80, 0x7f, 0x80, 0x7f, 0x80, 0x80, 0x7f, 0x80, 0x7f,
    0x80, 0x81, 0x81, 0x81, 0x81, 0x81, 0x80, 0x81, 0x80, 0x81,
    0x81, 0x80, 0x81, 0x80, 0x81, 0x80, 0x81, 0x80, 0x81, 0x80,
    0x81, 0x81, 0x81, 0x82, 0x81, 0x82, 0x81, 0x82, 0x81, 0x82,
    0x81, 0x82, 0x81, 0x82, 0x81, 0x82, 0x81, 0x82, 0x81, 0x82,
    0x81, 0x82, 0x81, 0x82, 0x82, 0x81, 0x81, 0x82, 0x82, 0x81,
    0x82, 0x82, 0x80, 0x81, 0x80, 0x81, 0x81, 0x80, 0x81, 0x80,
    0x81, 0x80, 0x81, 0x81, 0x80, 0x81, 0x80, 0x81, 0x80, 0x81,
    0x80, 0x81, 0x80, 0x80, 0x80, 0x7f, 0x80, 0x7f, 0x80, 0x80,
    0x7f, 0x80, 0x7f, 0x80, 0x7f, 0x80, 0x7f, 0x80, 0x7f, 0x80,
    0x7f, 0x80, 0x7f, 0x80, 0x7f, 0x80, 0x7f, 0x7e, 0x7f, 0x7e,
    0x7f, 0x7f, 0x7e, 0x7f, 0x7f, 0x7f, 0x7f, 0x7e, 0x7f, 0x7e,
    0x7f, 0x7f, 0x7e, 0x7f, 0x7d, 0x7f, 0x7f, 0x7f, 0x7e, 0x7e,
    0x7e, 0x7d, 0x7e, 0x7d, 0x7e, 0x7f, 0x7d, 0x7e, 0x7d, 0x7e,
    0x7d, 0x7e, 0x7d, 0x7e, 0x7d, 0x7e, 0x7e, 0x7d, 0x7e, 0x7e,
    0x7d, 0x7e, 0x7d, 0x7e, 0x7d, 0x7e, 0x7e, 0x7d, 0x7e, 0x7e,
    0x7d, 0x7e, 0x7d, 0x7e, 0x7d, 0x7e, 0x7d, 0x7e, 0x7e, 0x7d,
    0x7e, 0x7e, 0x7d, 0x7e, 0x7e, 0x7d, 0x7e, 0x7d, 0x7e, 0x7d,
    0x7e, 0x7e, 0x7d, 0x7e, 0x7d, 0x7e, 0x7e, 0x7d, 0x7e, 0x7e,
    0x7d, 0x7e, 0x7e, 0x7e, 0x7f, 0x7e, 0x7f, 0x7f, 0x7e, 0x7f,
    0x7e, 0x7f, 0x7f, 0x7e, 0x7f, 0x7e, 0x7f, 0x7e, 0x80, 0x7f,
    0x7e, 0x7f, 0x7f, 0x80, 0x7f, 0x80, 0x7f, 0x80, 0x7f, 0x80,
    0x81, 0x7f, 0x80, 0x80, 0x80, 0x81, 0x81, 0x80, 0x81, 0x80,
    0x81, 0x80, 0x81, 0x80, 0x81, 0x80, 0x82, 0x80, 0x82, 0x82,
    0x81, 0x81, 0x82, 0x82, 0x81, 0x82, 0x81, 0x82, 0x81, 0x82,
    0x81, 0x82, 0x82, 0x82, 0x82, 0x82, 0x82, 0x81, 0x82, 0x81,
    0x82, 0x81, 0x82, 0x81, 0x82, 0x82, 0x81, 0x82, 0x81, 0x82,
    0x81, 0x82, 0x82, 0x81, 0x82, 0x81, 0x82, 0x81, 0x82, 0x80,
    0x80, 0x81, 0x80, 0x81, 0x81, 0x80, 0x81, 0x80, 0x81, 0x81,
    0x80, 0x81, 0x80, 0x81, 0x81, 0x7f, 0x80, 0x7f, 0x80, 0x80,
    0x7f, 0x80, 0x7f, 0x80, 0x80, 0x7f, 0x80, 0x80, 0x7f, 0x80,
    0x7f, 0x80, 0x80, 0x7f, 0x80, 0x7f, 0x80, 0x7e, 0x7f, 0x7f,
    0x7e, 0x7f, 0x7e, 0x7f, 0x7e, 0x7f, 0x7e, 0x7f, 0x7e, 0x7f,
    0x7e, 0x7f, 0x7e, 0x7f, 0x7f, 0x7e, 0x7f, 0x7e, 0x7f, 0x7f,
    0x7f, 0x7e, 0x7e, 0x7e, 0x7e, 0x7f, 0x7e, 0x7e, 0x7e, 0x7e,
    0x7d, 0x7e, 0x7e, 0x7e, 0x7d, 0x7e, 0x7d, 0x7e, 0x7d, 0x7e,
    0x7d, 0x7e, 0x7d, 0x7e, 0x7d, 0x7e, 0x7d, 0x7e, 0x7d, 0x7e,
    0x7d, 0x7e, 0x7d, 0x7e, 0x7d, 0x7d, 0x7e, 0x7d, 0x7e, 0x7d,
    0x7e, 0x7d, 0x7e, 0x7e, 0x7d, 0x7e, 0x7e, 0x7f, 0x7f, 0x7e,
    0x7f, 0x7d, 0x7f, 0x7f, 0x7e, 0x7f, 0x7e, 0x7f, 0x7f, 0x7e,
    0x7f, 0x7e, 0x7f, 0x7f, 0x7e, 0x7f, 0x7e, 0x7f, 0x7f, 0x7f,
    0x7f, 0x80, 0x7f, 0x80, 0x80, 0x80, 0x7f, 0x80, 0x7f, 0x80,
    0x7f, 0x80, 0x7f, 0x7f, 0x80, 0x7f, 0x80, 0x7f, 0x7f, 0x80,
    0x7f, 0x80, 0x7f, 0x80, 0x7f, 0x80, 0x80, 0x81, 0x7f, 0x80,
    0x81, 0x80, 0x81, 0x80, 0x80, 0x81, 0x80, 0x81, 0x80, 0x81,
    0x80, 0x81, 0x81, 0x80, 0x81, 0x80, 0x81, 0x80, 0x81, 0x80,
    0x81, 0x81, 0x81, 0x81, 0x81, 0x81, 0x81, 0x81, 0x80, 0x81,
    0x81, 0x81, 0x81, 0x81, 0x81, 0x81, 0x81, 0x81, 0x81, 0x81,
    0x81, 0x80, 0x81, 0x80, 0x81, 0x80, 0x81, 0x80, 0x81, 0x80,
    0x81, 0x80, 0x81, 0x81, 0x80, 0x81, 0x80, 0x81, 0x80, 0x81,
    0x80, 0x81, 0x81, 0x80, 0x81, 0x80, 0x81, 0x80, 0x80, 0x80,
    0x7f, 0x81, 0x7f, 0x80, 0x7f, 0x80, 0x80, 0x80, 0x80, 0x80,
    0x7f, 0x80, 0x7f, 0x80, 0x80, 0x7f, 0x80, 0x80, 0x7f, 0x80,
    0x80, 0x7f, 0x80, 0x7e, 0x7f, 0x7e, 0x7f, 0x7e, 0x7f, 0x7f,
    0x7e, 0x7f, 0x7f, 0x7f, 0x7e, 0x7f, 0x7e, 0x7f, 0x7e, 0x7f,
    0x7e, 0x7f, 0x7f, 0x7e, 0x7f, 0x7e, 0x7f, 0x7e, 0x7f, 0x7f,
    0x7e, 0x7f, 0x7f, 0x7f, 0x7e, 0x7f, 0x7e, 0x7e, 0x7f, 0x7e,
    0x7f, 0x7e, 0x7e, 0x7f, 0x7e, 0x7f, 0x7e, 0x7f, 0x7f, 0x7f,
    0x7f, 0x7e, 0x7e, 0x7f, 0x7e, 0x7f, 0x7e, 0x7f, 0x7e, 0x7e,
    0x7f, 0x7e, 0x7f, 0x7e, 0x7f, 0x7e, 0x7f, 0x7e, 0x7f, 0x7e,
    0x7e, 0x7f, 0x7e, 0x7f, 0x7e, 0x7f, 0x7e, 0x7f, 0x7f, 0x7e,
    0x7f, 0x7f, 0x7f, 0x7f, 0x7f, 0x7e, 0x7f, 0x7e, 0x7e, 0x7f,
    0x7e, 0x7f, 0x7e, 0x7f, 0x7e, 0x7e, 0x7f, 0x7e, 0x7f, 0x7f,
    0x7e, 0x7f, 0x7f, 0x80, 0x7f, 0x7f, 0x7e, 0x80, 0x7f, 0x80,
    0x7f, 0x80, 0x80, 0x7f, 0x80, 0x80, 0x7f, 0x80, 0x80, 0x80,
    0x7f, 0x80, 0x7f, 0x80, 0x7f, 0x80, 0x7f, 0x80, 0x80, 0x7f,
    0x80, 0x7f, 0x80, 0x7f, 0x81, 0x7f, 0x80, 0x7f, 0x80, 0x81,
    0x80, 0x81, 0x7f, 0x80, 0x80, 0x81, 0x80, 0x80, 0x81, 0x80,
    0x81, 0x80, 0x81, 0x80, 0x81, 0x81, 0x80, 0x81, 0x80, 0x80,
    0x81, 0x80, 0x80, 0x80, 0x80, 0x80, 0x7f, 0x7f, 0x80, 0x7f,
    0x80, 0x7f, 0x80, 0x7f, 0x80, 0x80, 0x7f, 0x80, 0x7f, 0x80,
    0x7f, 0x80, 0x80, 0x7f, 0x80, 0x80, 0x7f, 0x80, 0x7f, 0x7f,
    0x80, 0x7f, 0x80, 0x7f, 0x80, 0x7e, 0x7f, 0x7e, 0x7f, 0x7f,
    0x7e, 0x7f, 0x7f, 0x7e, 0x7f, 0x7e, 0x7f, 0x7f, 0x7f, 0x7e,
    0x7f, 0x7e, 0x7f, 0x7f, 0x7e, 0x7f, 0x7e, 0x7f, 0x7e, 0x7f,
    0x7e, 0x7f, 0x7e, 0x7f, 0x7e, 0x7f, 0x7e, 0x7f, 0x7e, 0x7f,
    0x7e, 0x7f, 0x7f, 0x7f, 0x7f, 0x7e, 0x7f, 0x7e, 0x7f, 0x7f,
    0x7e, 0x7f, 0x7e, 0x7f, 0x7e, 0x7f, 0x7f, 0x7e, 0x7f, 0x7f,
    0x7e, 0x7f, 0x7e, 0x7f, 0x7f, 0x7e, 0x7f, 0x7e, 0x7f, 0x7e,
    0x7f, 0x7f, 0x7f, 0x7e, 0x7f, 0x7e, 0x7f, 0x7e, 0x7f, 0x7e,
    0x7f, 0x7e, 0x7f, 0x7e, 0x7f, 0x7e, 0x7f, 0x7f, 0x7e, 0x7f,
    0x7e, 0x7f, 0x7e, 0x80, 0x7f, 0x80, 0x7f, 0x80, 0x80, 0x80,
    0x80, 0x7f, 0x80, 0x7f, 0x80, 0x7f, 0x80, 0x7f, 0x80, 0x7f,
    0x80, 0x7f, 0x7f, 0x80, 0x7f, 0x80, 0x7f, 0x80, 0x7f, 0x80,
    0x7f, 0x80, 0x80, 0x7f, 0x80, 0x7f, 0x80, 0x7f, 0x80, 0x80,
    0x81, 0x81, 0x80, 0x81, 0x80, 0x81, 0x81, 0x81, 0x80, 0x81,
    0x80, 0x81, 0x80, 0x81, 0x80, 0x81, 0x81, 0x81, 0x81, 0x81,
    0x81, 0x80, 0x81, 0x80, 0x80, 0x81, 0x80, 0x81, 0x80, 0x81,
    0x81, 0x81, 0x80, 0x81, 0x80, 0x81, 0x80, 0x81, 0x80, 0x81,
    0x81, 0x80, 0x81, 0x80, 0x81, 0x80, 0x81, 0x81, 0x80, 0x81,
    0x80, 0x81, 0x81, 0x80, 0x81, 0x81, 0x80, 0x81, 0x80, 0x81,
    0x80, 0x81, 0x80, 0x80, 0x7f, 0x80, 0x80, 0x7f, 0x80, 0x80,
    0x7f, 0x80, 0x7f, 0x80, 0x80, 0x7f, 0x80, 0x80, 0x80, 0x7f,
    0x80, 0x80, 0x80, 0x80, 0x7f, 0x80, 0x80, 0x80, 0x7f, 0x80,
    0x7f, 0x80, 0x7f, 0x80, 0x80, 0x7e, 0x80, 0x7f, 0x7e, 0x80,
    0x7e, 0x7f, 0x7e, 0x7f, 0x7f, 0x7e, 0x7f, 0x7e, 0x7f, 0x7e,
    0x7f, 0x7e, 0x7f, 0x7f, 0x7e, 0x7f, 0x7e, 0x7f, 0x7e, 0x7f,
    0x7e, 0x7f, 0x7e, 0x7f, 0x7f, 0x7e, 0x7f, 0x7e, 0x7f, 0x7e,
    0x7f, 0x7f, 0x7e, 0x7f, 0x7e, 0x7f, 0x7e, 0x7f, 0x7e, 0x7f,
    0x7e, 0x7f, 0x7e, 0x7f, 0x7e, 0x7f, 0x7e, 0x7f, 0x7f, 0x7f,
    0x7f, 0x7f, 0x7f, 0x7e, 0x7f, 0x7f, 0x7e, 0x7f, 0x7e, 0x7f,
    0x7e, 0x7f, 0x7e, 0x7f, 0x7e, 0x7f, 0x7e, 0x7f, 0x7f, 0x7e,
    0x80, 0x7f, 0x80, 0x7f, 0x80, 0x80, 0x7f, 0x80, 0x7f, 0x80,
    0x7f, 0x80, 0x7f, 0x80, 0x7f, 0x80, 0x7f, 0x80, 0x7f, 0x80,
    0x80, 0x7f, 0x80, 0x7f, 0x80, 0x80, 0x80, 0x7f, 0x80, 0x7f,
    0x80, 0x80, 0x7f, 0x80, 0x7f, 0x80, 0x7f, 0x80, 0x80, 0x7f,
    0x80, 0x7f, 0x80, 0x7f, 0x80, 0x80, 0x80, 0x7f, 0x80, 0x7f,
    0x80, 0x80, 0x81, 0x80, 0x81, 0x81, 0x7f, 0x81, 0x80, 0x81,
    0x81, 0x80, 0x81, 0x80, 0x80, 0x80, 0x7f, 0x81, 0x7f, 0x80,
    0x80, 0x80, 0x81, 0x80, 0x80, 0x7f, 0x80, 0x7f, 0x80, 0x7f,
    0x80, 0x80, 0x7f, 0x80, 0x7f, 0x80, 0x80, 0x7f, 0x80, 0x7f,
    0x80, 0x7f, 0x80, 0x7f, 0x80, 0x7f, 0x80, 0x7f, 0x80, 0x80,
    0x7f, 0x80, 0x7f, 0x80, 0x80, 0x80, 0x7f, 0x80, 0x80, 0x7f,
    0x80, 0x7f, 0x80, 0x80, 0x80, 0x80, 0x80, 0x80, 0x7f, 0x80,
    0x80, 0x7f, 0x80, 0x7f, 0x80, 0x80, 0x7e, 0x80, 0x7e, 0x80,
    0x7e, 0x7f, 0x7e, 0x7f, 0x7e, 0x7f, 0x7f, 0x7e, 0x7f, 0x7e,
    0x7f, 0x7e, 0x7f, 0x7e, 0x7f, 0x7e, 0x7f, 0x7f, 0x7f, 0x7e,
    0x7f, 0x7e, 0x7f, 0x7f, 0x7e, 0x7f, 0x7e, 0x7f, 0x7e, 0x7f,
    0x7e, 0x7f, 0x7e, 0x7f, 0x7e, 0x7f, 0x7e, 0x7f, 0x7e, 0x7f,
    0x7f, 0x7f, 0x7f, 0x7e, 0x7f, 0x7e, 0x7f, 0x7e, 0x7e, 0x7f,
    0x7e, 0x7f, 0x7e, 0x7f, 0x7e, 0x7f, 0x7e, 0x7f, 0x7e, 0x7f,
    0x7e, 0x7f, 0x7f, 0x7f, 0x7f, 0x7f, 0x7e, 0x7f, 0x7e, 0x7f,
    0x7e, 0x7f, 0x7e, 0x7f, 0x7e, 0x7f, 0x7e, 0x7f, 0x7f, 0x7f,
    0x7f, 0x7e, 0x7f, 0x7e, 0x7f, 0x7e, 0x7f, 0x7f, 0x7f, 0x7f,
    0x7f, 0x7f, 0x7f, 0x7f, 0x7f, 0x80, 0x7f, 0x7f, 0x80, 0x7f,
    0x80, 0x7f, 0x80, 0x7f, 0x80, 0x7f, 0x80, 0x80, 0x7f, 0x80,
    0x7f, 0x80, 0x80, 0x7f, 0x80, 0x80, 0x7f, 0x80, 0x7f, 0x80,
    0x7f, 0x80, 0x7f, 0x80, 0x80, 0x80, 0x80, 0x80, 0x80, 0x80,
    0x80, 0x80, 0x80, 0x80, 0x80, 0x81, 0x80, 0x81, 0x80, 0x80,
    0x81, 0x80, 0x81, 0x81, 0x7f, 0x81, 0x80, 0x81, 0x7f, 0x80,
    0x81, 0x80, 0x80, 0x80, 0x80, 0x81, 0x7f, 0x80, 0x80, 0x81,
    0x80, 0x81, 0x81, 0x7f, 0x80, 0x7f, 0x80, 0x7f, 0x80, 0x7f,
    0x80, 0x7f, 0x80, 0x7f, 0x80, 0x80, 0x80, 0x7f, 0x80, 0x80,
    0x7f, 0x80, 0x7f, 0x80, 0x80, 0x80, 0x7f, 0x80, 0x80, 0x80,
    0x80, 0x80, 0x80, 0x80, 0x80, 0x7f, 0x7e, 0x7f, 0x7f, 0x7f,
    0x7f, 0x7f, 0x7e, 0x7f, 0x7e, 0x7f, 0x7e, 0x7f, 0x7f, 0x7f,
    0x7f, 0x7f, 0x7f, 0x7f, 0x7f, 0x7f, 0x7f, 0x7f, 0x7e, 0x7f,
    0x7e, 0x7f, 0x7f, 0x7e, 0x7f, 0x7e, 0x7f, 0x7f, 0x7e, 0x7f,
    0x7f, 0x7e, 0x7f, 0x7e, 0x7f, 0x7e, 0x7f, 0x7e, 0x7f, 0x7e,
    0x7f, 0x7f, 0x7e, 0x7f, 0x7e, 0x7f, 0x7e, 0x7f, 0x7e, 0x7f,
    0x7f, 0x7f, 0x7e, 0x7f, 0x7f, 0x7e, 0x7f, 0x7e, 0x7f, 0x7f,
    0x7e, 0x7f, 0x7e, 0x7f, 0x7e, 0x7f, 0x7e, 0x7f, 0x7e, 0x7f,
    0x7e, 0x7f, 0x7e, 0x7f, 0x7f, 0x7e, 0x7f, 0x7f, 0x7f, 0x7f,
    0x7f, 0x7f, 0x7f, 0x80, 0x7f, 0x80, 0x7f, 0x80, 0x80, 0x7f,
    0x80, 0x7f, 0x80, 0x80, 0x7f, 0x80, 0x7f, 0x80, 0x7f, 0x80,
    0x7f, 0x80, 0x7f, 0x80, 0x7f, 0x80, 0x80, 0x80, 0x80, 0x7f,
    0x80, 0x7f, 0x80, 0x7f, 0x80, 0x80, 0x80, 0x7f, 0x80, 0x7f,
    0x80, 0x7f, 0x80, 0x7f, 0x80, 0x80, 0x80, 0x80, 0x7f, 0x80,
    0x80, 0x7f, 0x80, 0x80, 0x80, 0x7f, 0x80, 0x7f, 0x80, 0x81,
    0x80, 0x81, 0x80, 0x80, 0x80, 0x81, 0x81, 0x7f, 0x80, 0x7f,
    0x80, 0x80, 0x7f, 0x80, 0x7f, 0x80, 0x80, 0x7f, 0x80, 0x7f,
    0x80, 0x7f, 0x80, 0x7f, 0x80, 0x7f, 0x80, 0x7f, 0x80, 0x7f,
    0x80, 0x7f, 0x80, 0x80, 0x80, 0x7f, 0x80, 0x7f, 0x80, 0x80,
    0x7f, 0x80, 0x7f, 0x80, 0x7f, 0x80, 0x80, 0x7f, 0x80, 0x7f,
    0x80, 0x80, 0x7f, 0x80, 0x7f, 0x80, 0x80, 0x80, 0x80, 0x80,
    0x80, 0x7f, 0x80, 0x7f, 0x80, 0x7f, 0x80, 0x7f, 0x80, 0x7f,
    0x7f, 0x80, 0x80, 0x80, 0x80, 0x80, 0x7f, 0x80, 0x7f, 0x80,
    0x7f, 0x7f, 0x7f, 0x80, 0x7f, 0x80, 0x7f, 0x80, 0x80, 0x7e,
    0x80, 0x7f, 0x80, 0x7f, 0x80, 0x7f, 0x80, 0x7f, 0x7f, 0x7e,
    0x7f, 0x7e, 0x7f, 0x80, 0x7e, 0x7f, 0x7f, 0x7f, 0x7f, 0x7e,
    0x7f, 0x7e, 0x7f, 0x7e, 0x7f, 0x7e, 0x7f, 0x7f, 0x7e, 0x7f,
    0x7e, 0x7f, 0x7f, 0x7f, 0x7e, 0x7f, 0x7e, 0x7f, 0x7e, 0x7f,
    0x7e, 0x7f, 0x7e, 0x7f, 0x7f, 0x7e, 0x7f, 0x7e, 0x7f, 0x7e,
    0x7f, 0x7f, 0x7e, 0x7f, 0x7f, 0x7f, 0x7f, 0x7e, 0x7f, 0x7e,
    0x80, 0x80, 0x7e, 0x80, 0x7f, 0x80, 0x80, 0x7f, 0x80, 0x80,
    0x7f, 0x80, 0x80, 0x7f, 0x80, 0x7f, 0x80, 0x7f, 0x80, 0x80,
    0x7f, 0x80, 0x7f, 0x80, 0x7f, 0x80, 0x80, 0x7f, 0x80, 0x7f,
    0x80, 0x7f, 0x80, 0x7f, 0x80, 0x7f, 0x80, 0x80, 0x7f, 0x80,
    0x7f, 0x80, 0x80, 0x7f, 0x81, 0x80, 0x81, 0x80, 0x81, 0x81,
    0x80, 0x80, 0x81, 0x80, 0x81, 0x80, 0x81, 0x81, 0x7f, 0x81,
    0x80, 0x7f, 0x80, 0x7f, 0x81, 0x80, 0x80, 0x81, 0x81, 0x80,
    0x81, 0x80, 0x81, 0x80, 0x80, 0x80, 0x80, 0x80, 0x80, 0x7f,
    0x81, 0x80, 0x7f, 0x80, 0x7f, 0x7f, 0x80, 0x80, 0x80, 0x7f,
    0x7f, 0x80, 0x7f, 0x80, 0x7f, 0x80, 0x7f, 0x80, 0x7f, 0x80,
    0x7f, 0x80, 0x7f, 0x80, 0x7f, 0x80, 0x80, 0x80, 0x7f, 0x80,
    0x7f, 0x80, 0x7f, 0x80, 0x80, 0x7f, 0x80, 0x7f, 0x80, 0x80,
    0x7f, 0x80, 0x7f, 0x80, 0x80, 0x7f, 0x80, 0x80, 0x80, 0x80,
    0x80, 0x7f, 0x80, 0x7f, 0x80, 0x7f, 0x7f, 0x7f, 0x7f, 0x7e,
    0x7f, 0x7e, 0x7f, 0x7e, 0x7f, 0x7f, 0x7f, 0x7f,
};


unsigned char PROGMEM sound_off[14578] = {
    0x52, 0x49, 0x46, 0x46, 0xea, 0x38, 0x0, 0x0, 0x57, 0x41,
    0x56, 0x45, 0x66, 0x6d, 0x74, 0x20, 0x10, 0x0, 0x0, 0x0,
    0x1, 0x0, 0x1, 0x0, 0x80, 0x3e, 0x0, 0x0, 0x80, 0x3e,
    0x0, 0x0, 0x1, 0x0, 0x8, 0x0, 0x64, 0x61, 0x74, 0x61,
    0xc6, 0x38, 0x0, 0x0, 0x80, 0x7f, 0x7f, 0x7f, 0x7f, 0x80,
    0x80, 0x7f, 0x7f, 0x7f, 0x80, 0x80, 0x7f, 0x7f, 0x7f, 0x7f,
    0x80, 0x80, 0x7e, 0x7f, 0x81, 0x7f, 0x7f, 0x7f, 0x80, 0x81,
    0x7f, 0x7e, 0x80, 0x81, 0x7f, 0x80, 0x81, 0x80, 0x81, 0x81,
    0x7f, 0x80, 0x82, 0x82, 0x7f, 0x7f, 0x82, 0x82, 0x80, 0x7e,
    0x7f, 0x82, 0x83, 0x80, 0x7f, 0x80, 0x7f, 0x80, 0x80, 0x7f,
    0x81, 0x80, 0x7e, 0x7f, 0x81, 0x82, 0x7f, 0x80, 0x82, 0x80,
    0x7e, 0x7d, 0x83, 0x82, 0x7c, 0x7e, 0x80, 0x81, 0x80, 0x80,
    0x81, 0x81, 0x83, 0x80, 0x82, 0x7f, 0x7b, 0x81, 0x84, 0x80,
    0x7b, 0x80, 0x7e, 0x80, 0x83, 0x7c, 0x7b, 0x80, 0x7e, 0x81,
    0x7f, 0x7a, 0x7b, 0x81, 0x83, 0x7f, 0x7a, 0x79, 0x81, 0x85,
    0x7f, 0x78, 0x7f, 0x85, 0x7f, 0x7a, 0x7c, 0x85, 0x80, 0x79,
    0x82, 0x84, 0x7a, 0x78, 0x84, 0x83, 0x7d, 0x7e, 0x7e, 0x7e,
    0x85, 0x80, 0x78, 0x78, 0x7d, 0x86, 0x80, 0x73, 0x78, 0x7f,
    0x7e, 0x82, 0x7a, 0x76, 0x80, 0x82, 0x81, 0x78, 0x79, 0x81,
    0x85, 0x7a, 0x79, 0x82, 0x7d, 0x80, 0x82, 0x83, 0x82, 0x7d,
    0x80, 0x7e, 0x83, 0x8b, 0x7d, 0x76, 0x88, 0x8a, 0x7b, 0x7b,
    0x80, 0x84, 0x8c, 0x87, 0x7a, 0x80, 0x84, 0x86, 0x80, 0x7d,
    0x85, 0x87, 0x86, 0x7c, 0x7b, 0x86, 0x8b, 0x7e, 0x7d, 0x86,
    0x7f, 0x7c, 0x7f, 0x83, 0x85, 0x7e, 0x7f, 0x84, 0x7f, 0x84,
    0x7f, 0x7a, 0x86, 0x84, 0x81, 0x87, 0x87, 0x79, 0x81, 0x83,
    0x76, 0x89, 0x8b, 0x76, 0x79, 0x7e, 0x7f, 0x87, 0x7e, 0x77,
    0x7c, 0x80, 0x7b, 0x77, 0x84, 0x88, 0x77, 0x71, 0x7f, 0x82,
    0x76, 0x71, 0x84, 0x87, 0x70, 0x73, 0x81, 0x7d, 0x75, 0x70,
    0x75, 0x80, 0x84, 0x74, 0x6f, 0x79, 0x7e, 0x84, 0x72, 0x69,
    0x80, 0x7e, 0x72, 0x73, 0x77, 0x7e, 0x81, 0x7c, 0x6d, 0x75,
    0x80, 0x88, 0x77, 0x6a, 0x7f, 0x88, 0x7d, 0x72, 0x80, 0x81,
    0x7c, 0x85, 0x87, 0x86, 0x79, 0x7b, 0x85, 0x82, 0x90, 0x87,
    0x70, 0x83, 0x97, 0x84, 0x78, 0x81, 0x89, 0x8d, 0x8f, 0x7b,
    0x7e, 0x8b, 0x89, 0x87, 0x79, 0x83, 0x8d, 0x90, 0x7f, 0x75,
    0x84, 0x95, 0x87, 0x76, 0x87, 0x86, 0x7c, 0x7d, 0x82, 0x89,
    0x82, 0x7c, 0x87, 0x81, 0x82, 0x85, 0x75, 0x82, 0x8b, 0x82,
    0x88, 0x8f, 0x7c, 0x79, 0x8b, 0x75, 0x80, 0x98, 0x7b, 0x70,
    0x7e, 0x7c, 0x88, 0x86, 0x73, 0x76, 0x7f, 0x7d, 0x72, 0x7d,
    0x8e, 0x7f, 0x69, 0x76, 0x83, 0x79, 0x69, 0x7a, 0x8f, 0x76,
    0x66, 0x7a, 0x7e, 0x78, 0x6b, 0x66, 0x78, 0x8a, 0x79, 0x63,
    0x6e, 0x73, 0x87, 0x81, 0x5d, 0x71, 0x7d, 0x71, 0x7a, 0x73,
    0x79, 0x82, 0x7c, 0x73, 0x6e, 0x76, 0x88, 0x83, 0x63, 0x76,
    0x89, 0x7e, 0x79, 0x7b, 0x85, 0x7c, 0x80, 0x8d, 0x86, 0x7a,
    0x6f, 0x89, 0x8e, 0x87, 0x88, 0x7a, 0x7f, 0x8e, 0x90, 0x87,
    0x87, 0x95, 0x88, 0x75, 0x7a, 0x81, 0x98, 0x8e, 0x85, 0x7d,
    0x79, 0x8d, 0x9f, 0x80, 0x6a, 0x83, 0x97, 0x96, 0x70, 0x79,
    0x93, 0x97, 0x8c, 0x7d, 0x85, 0x90, 0x97, 0x85, 0x7a, 0x92,
    0x96, 0x93, 0x84, 0x6e, 0x7f, 0x9c, 0x97, 0x7c, 0x79, 0x87,
    0x9a, 0x97, 0x71, 0x7d, 0x8c, 0x6f, 0x82, 0x94, 0x76, 0x63,
    0x83, 0x88, 0x79, 0x5e, 0x67, 0x8b, 0x77, 0x5b, 0x5d, 0x75,
    0x86, 0x70, 0x54, 0x68, 0x87, 0x66, 0x66, 0x7a, 0x71, 0x6b,
    0x5e, 0x66, 0x65, 0x7d, 0x6a, 0x66, 0x65, 0x55, 0x8e, 0x74,
    0x51, 0x6f, 0x77, 0x79, 0x62, 0x72, 0x89, 0x85, 0x7c, 0x65,
    0x85, 0x7f, 0x7a, 0x7b, 0x81, 0x86, 0x6e, 0x6d, 0x86, 0x96,
    0x75, 0x7b, 0x91, 0x95, 0x7e, 0x5d, 0x7c, 0x9e, 0xa2, 0x8b,
    0x82, 0x7f, 0x89, 0xaa, 0x90, 0x8f, 0x98, 0x97, 0x84, 0x70,
    0x7f, 0x9d, 0xa4, 0x8b, 0x7a, 0x78, 0x85, 0xa5, 0x9e, 0x64,
    0x70, 0x94, 0xa5, 0x7f, 0x6b, 0x92, 0xa0, 0x96, 0x84, 0x7f,
    0x8e, 0x9e, 0x94, 0x77, 0x89, 0x9f, 0x99, 0x90, 0x6f, 0x71,
    0x99, 0xa6, 0x86, 0x75, 0x81, 0x98, 0xa6, 0x7d, 0x6d, 0x92,
    0x76, 0x73, 0x99, 0x86, 0x5c, 0x74, 0x8e, 0x80, 0x62, 0x54,
    0x83, 0x83, 0x5b, 0x53, 0x66, 0x83, 0x7f, 0x57, 0x4d, 0x7e,
    0x79, 0x5a, 0x77, 0x71, 0x6f, 0x61, 0x66, 0x5b, 0x69, 0x7c,
    0x65, 0x70, 0x46, 0x6d, 0x96, 0x5e, 0x5d, 0x77, 0x84, 0x67,
    0x65, 0x8c, 0x87, 0x8d, 0x6a, 0x87, 0x93, 0x63, 0x81, 0xa0,
    0x90, 0x63, 0x5d, 0x81, 0xad, 0x7a, 0x6f, 0x8c, 0x90, 0x91,
    0x59, 0x6d, 0x8f, 0xb7, 0x9c, 0x77, 0x95, 0x73, 0xab, 0xa3,
    0x8b, 0xa1, 0x7c, 0xa5, 0x7f, 0x76, 0x9f, 0x9e, 0xa2, 0x64,
    0x79, 0x86, 0x83, 0xa9, 0x90, 0x5a, 0x72, 0x8f, 0x89, 0x83,
    0x85, 0xa8, 0x7d, 0x90, 0x8b, 0x5b, 0x8a, 0xa0, 0x8d, 0x5a,
    0x7b, 0xad, 0x79, 0x6a, 0x7a, 0xa1, 0x9c, 0x7c, 0x78, 0x52,
    0x75, 0x8a, 0x93, 0x8c, 0x59, 0x66, 0x7e, 0xa0, 0x95, 0x6d,
    0x60, 0x63, 0x6c, 0x80, 0x72, 0x56, 0x61, 0x6f, 0x6e, 0x6b,
    0x66, 0x65, 0x67, 0x51, 0x66, 0x69, 0x75, 0x52, 0x46, 0x6c,
    0x6d, 0x85, 0x63, 0x4b, 0x66, 0x8c, 0x73, 0x4f, 0x6a, 0x7a,
    0x84, 0x7b, 0x7a, 0x83, 0x66, 0x63, 0x87, 0xae, 0x80, 0x48,
    0x5b, 0xb0, 0x9b, 0x5e, 0x8f, 0x80, 0x9e, 0x70, 0x51, 0x8c,
    0xaa, 0xc3, 0x78, 0x82, 0x83, 0x94, 0xbd, 0x8e, 0xb1, 0x8b,
    0x97, 0xa1, 0x6c, 0xa3, 0xa2, 0xa9, 0x7f, 0x6e, 0x8b, 0x79,
    0xa2, 0xad, 0x6e, 0x59, 0x8c, 0x8e, 0x8d, 0x7b, 0xa5, 0x93,
    0x7e, 0xa0, 0x60, 0x72, 0xa1, 0x9c, 0x6a, 0x5c, 0xab, 0x93,
    0x66, 0x70, 0x92, 0xad, 0x82, 0x7f, 0x5a, 0x5a, 0x8c, 0x90,
    0x9b, 0x65, 0x58, 0x77, 0x9c, 0xa3, 0x7a, 0x67, 0x66, 0x68,
    0x76, 0x81, 0x65, 0x61, 0x65, 0x73, 0x74, 0x67, 0x63, 0x6e,
    0x5c, 0x60, 0x79, 0x73, 0x66, 0x38, 0x65, 0x8d, 0x7f, 0x69,
    0x59, 0x5c, 0x85, 0x86, 0x60, 0x5a, 0x64, 0x78, 0x79, 0x8a,
    0x70, 0x60, 0x6b, 0x5d, 0x92, 0xa9, 0x64, 0x48, 0x84, 0xa8,
    0x68, 0x8b, 0x7a, 0x76, 0x9c, 0x5e, 0x82, 0x93, 0x9d, 0x9d,
    0x5a, 0x79, 0x9d, 0x8f, 0x93, 0xaf, 0xa4, 0x88, 0x95, 0x92,
    0xaf, 0xaa, 0x77, 0x7a, 0xcb, 0xa1, 0x5e, 0x82, 0xa2, 0xd0,
    0x89, 0x59, 0x91, 0xc5, 0x8d, 0x62, 0x9b, 0xac, 0x9f, 0x68,
    0x74, 0xa5, 0xa5, 0xb2, 0x75, 0x53, 0x86, 0x9c, 0x83, 0x64,
    0x60, 0x68, 0x7d, 0x6b, 0x77, 0x87, 0x7f, 0x66, 0x81, 0x94,
    0x41, 0x47, 0x83, 0x93, 0x58, 0x3c, 0x80, 0x7e, 0x52, 0x4d,
    0x77, 0x7f, 0x37, 0x4c, 0x81, 0x62, 0x48, 0x6b, 0x5f, 0x65,
    0x7f, 0x92, 0x94, 0x54, 0x54, 0x92, 0x88, 0x5a, 0x87, 0x96,
    0x6b, 0x70, 0x89, 0x95, 0x8f, 0x7e, 0xa2, 0x9b, 0x85, 0xb2,
    0x9b, 0x62, 0x70, 0x9e, 0x96, 0xaa, 0x99, 0x79, 0x7f, 0x83,
    0x88, 0x75, 0x5c, 0x7b, 0x95, 0x70, 0x88, 0x77, 0x57, 0x7a,
    0x74, 0x84, 0xa8, 0x7e, 0x45, 0x89, 0x99, 0x5d, 0x8e, 0x8c,
    0x76, 0x78, 0x65, 0x95, 0x80, 0x7f, 0x9a, 0x5e, 0x68, 0x99,
    0x96, 0x85, 0x9f, 0xa5, 0x92, 0x9c, 0x93, 0xa5, 0xa0, 0x6f,
    0x8b, 0xcd, 0x94, 0x64, 0x82, 0x9e, 0xc6, 0x80, 0x56, 0x97,
    0xbe, 0x7c, 0x59, 0xa5, 0xad, 0x8e, 0x68, 0x79, 0xa4, 0xa3,
    0xac, 0x76, 0x57, 0x87, 0x9b, 0x7d, 0x62, 0x62, 0x6a, 0x79,
    0x6b, 0x78, 0x87, 0x7e, 0x65, 0x82, 0x93, 0x41, 0x47, 0x85,
    0x92, 0x58, 0x3c, 0x81, 0x7d, 0x51, 0x4d, 0x78, 0x7e, 0x37,
    0x4e, 0x83, 0x61, 0x47, 0x6a, 0x61, 0x69, 0x7e, 0x8f, 0x8f,
    0x54, 0x59, 0x97, 0x8c, 0x5a, 0x89, 0x9c, 0x72, 0x75, 0x8d,
    0x9a, 0x95, 0x87, 0xaa, 0xa7, 0x91, 0xb9, 0xa2, 0x68, 0x8e,
    0xab, 0x94, 0xaf, 0xa9, 0x8a, 0x91, 0x80, 0x87, 0x84, 0x6b,
    0x8b, 0xa0, 0x6e, 0x85, 0x7f, 0x63, 0x88, 0x8a, 0x75, 0x95,
    0x93, 0x5d, 0x89, 0x7c, 0x66, 0x89, 0x97, 0x79, 0x56, 0x7d,
    0x9c, 0x67, 0x5b, 0x87, 0x77, 0x5d, 0x86, 0x90, 0x6c, 0x74,
    0x8e, 0x97, 0x94, 0x89, 0x7a, 0x7b, 0x6c, 0xa1, 0x97, 0x6d,
    0x86, 0x7c, 0x7c, 0x7b, 0x67, 0x6e, 0x8e, 0x7d, 0x4a, 0x5d,
    0xa3, 0x8a, 0x44, 0x7b, 0x8f, 0x78, 0x7e, 0x68, 0x89, 0x89,
    0x8a, 0x74, 0x55, 0x6a, 0x95, 0x89, 0x64, 0x6e, 0x84, 0x7d,
    0x5e, 0x7b, 0x6a, 0x89, 0x7b, 0x5b, 0x8b, 0x8b, 0x5d, 0x6b,
    0xa5, 0x71, 0x56, 0x82, 0x8c, 0x6f, 0x77, 0x88, 0x56, 0x77,
    0x74, 0x8d, 0x81, 0x61, 0x7d, 0x76, 0x87, 0x82, 0x7f, 0x74,
    0x99, 0x85, 0x7b, 0x86, 0xa7, 0x76, 0x65, 0xa0, 0x85, 0x7e,
    0x85, 0x8a, 0x87, 0xb1, 0x93, 0x82, 0xa9, 0xac, 0x7e, 0x89,
    0xa0, 0x97, 0x90, 0x6d, 0x99, 0xa3, 0x75, 0x81, 0xa5, 0x9d,
    0x89, 0x65, 0x68, 0xa2, 0x96, 0x6a, 0x83, 0x9e, 0x66, 0x71,
    0x92, 0x85, 0x77, 0x82, 0x8d, 0x64, 0x72, 0x87, 0x6f, 0x62,
    0x80, 0x6e, 0x63, 0x95, 0x85, 0x60, 0x6c, 0x94, 0x91, 0x81,
    0x7c, 0x71, 0x79, 0x71, 0x8e, 0x90, 0x74, 0x84, 0x78, 0x76,
    0x7a, 0x6d, 0x75, 0x85, 0x77, 0x4d, 0x61, 0xa1, 0x8b, 0x47,
    0x79, 0x8f, 0x7a, 0x7b, 0x65, 0x88, 0x88, 0x89, 0x72, 0x56,
    0x6a, 0x93, 0x89, 0x65, 0x6d, 0x85, 0x7c, 0x5e, 0x7b, 0x6a,
    0x8a, 0x7b, 0x5c, 0x8c, 0x8a, 0x5c, 0x6d, 0xa4, 0x71, 0x56,
    0x81, 0x8c, 0x6d, 0x78, 0x88, 0x56, 0x78, 0x76, 0x90, 0x80,
    0x63, 0x7c, 0x76, 0x87, 0x85, 0x83, 0x70, 0x9a, 0x88, 0x79,
    0x83, 0xab, 0x76, 0x62, 0x9c, 0x82, 0x7b, 0x7b, 0x81, 0x83,
    0xa5, 0x89, 0x8c, 0xa9, 0xa3, 0x76, 0x78, 0x95, 0x98, 0x8a,
    0x69, 0x9c, 0xa9, 0x7c, 0x7b, 0x9e, 0xaf, 0x88, 0x5d, 0x73,
    0xaa, 0x97, 0x68, 0x74, 0x9e, 0x75, 0x62, 0xa0, 0x9d, 0x67,
    0x6a, 0x9c, 0x7d, 0x69, 0x6d, 0x80, 0x77, 0x75, 0x68, 0x7a,
    0x9f, 0x70, 0x5d, 0x66, 0x91, 0x7d, 0x5b, 0x62, 0x66, 0x7b,
    0x81, 0x5a, 0x75, 0x8e, 0x7b, 0x71, 0x69, 0x77, 0x90, 0x8d,
    0x60, 0x67, 0x81, 0x7d, 0x80, 0x8d, 0x7c, 0x6e, 0x8c, 0x88,
    0x6a, 0x62, 0x7a, 0x7c, 0x79, 0x71, 0x72, 0x7a, 0x5a, 0x91,
    0x8a, 0x4c, 0x79, 0x7f, 0x6e, 0x99, 0x70, 0x51, 0x80, 0x63,
    0x84, 0xa1, 0x56, 0x46, 0xa0, 0x9d, 0x5a, 0x74, 0xa7, 0x85,
    0x5d, 0x83, 0xa4, 0x9d, 0x63, 0x6b, 0xb6, 0xa3, 0x6e, 0x86,
    0x9a, 0xb2, 0x8a, 0x61, 0xa5, 0xb4, 0x71, 0x74, 0xa4, 0x7d,
    0x81, 0x8b, 0x83, 0xb2, 0x87, 0x5e, 0x88, 0xaf, 0xa7, 0x67,
    0x6c, 0x9e, 0x9c, 0x69, 0x7b, 0x98, 0x82, 0x54, 0x7e, 0xb5,
    0x7f, 0x4f, 0x87, 0xa2, 0x5b, 0x60, 0x8d, 0x87, 0x65, 0x7d,
    0x7d, 0x83, 0x83, 0x6c, 0x5e, 0x74, 0x96, 0x71, 0x58, 0x5b,
    0x6b, 0x84, 0x7a, 0x61, 0x7a, 0x81, 0x78, 0x71, 0x6f, 0x7c,
    0x8e, 0x87, 0x60, 0x6f, 0x7f, 0x7e, 0x84, 0x90, 0x73, 0x71,
    0x91, 0x81, 0x67, 0x66, 0x7e, 0x79, 0x7b, 0x6e, 0x79, 0x72,
    0x5e, 0x9f, 0x76, 0x50, 0x83, 0x77, 0x76, 0x9c, 0x5d, 0x60,
    0x7e, 0x61, 0x93, 0x97, 0x45, 0x5a, 0xae, 0x89, 0x53, 0x87,
    0xa7, 0x6f, 0x61, 0x90, 0xa2, 0x89, 0x65, 0x7a, 0xbd, 0x92,
    0x70, 0x8f, 0xa4, 0xad, 0x69, 0x67, 0xae, 0x94, 0x5c, 0x8f,
    0xa0, 0x66, 0x7c, 0x8d, 0x93, 0x9d, 0x65, 0x64, 0x91, 0xa1,
    0x84, 0x65, 0x90, 0xa5, 0x6a, 0x5f, 0xa2, 0x95, 0x5a, 0x62,
    0x9f, 0x9a, 0x5b, 0x66, 0x9d, 0x87, 0x45, 0x7e, 0xb0, 0x79,
    0x62, 0x99, 0xa4, 0x63, 0x63, 0x85, 0x79, 0x89, 0x86, 0x7a,
    0x68, 0x63, 0x8a, 0x7f, 0x8e, 0x87, 0x62, 0x65, 0x86, 0x87,
    0x90, 0x6c, 0x6d, 0x9e, 0x96, 0x71, 0x75, 0x87, 0x89, 0x9f,
    0x63, 0x50, 0x8d, 0xa7, 0x7d, 0x5f, 0x71, 0x9c, 0x6c, 0x6b,
    0x94, 0xa2, 0x73, 0x68, 0x9a, 0x6c, 0x7d, 0x89, 0x8f, 0x7a,
    0x4d, 0x71, 0x9b, 0x62, 0x76, 0x8a, 0x66, 0x54, 0x79, 0x91,
    0x7c, 0x79, 0x5d, 0x93, 0x8b, 0x60, 0x62, 0x80, 0xa4, 0x77,
    0x41, 0x78, 0xa5, 0x78, 0x4d, 0x7d, 0xa0, 0x71, 0x67, 0x69,
    0x89, 0x9a, 0x77, 0x63, 0x6d, 0x92, 0xab, 0x64, 0x54, 0x93,
    0xac, 0x71, 0x57, 0x7e, 0x9b, 0xac, 0x56, 0x6d, 0x9d, 0x86,
    0x6b, 0x68, 0x9c, 0xb7, 0x7b, 0x4b, 0x7f, 0xa9, 0xc0, 0x78,
    0x76, 0x90, 0x9a, 0xae, 0x7b, 0x89, 0x94, 0xb1, 0x93, 0x5d,
    0x82, 0xc5, 0x91, 0x47, 0x7d, 0xae, 0xa0, 0x62, 0x6d, 0xab,
    0x8a, 0x5f, 0x7d, 0x96, 0x88, 0x76, 0x65, 0x78, 0x73, 0x7b,
    0x71, 0x8d, 0x7a, 0x46, 0x79, 0x77, 0x8f, 0x71, 0x58, 0x71,
    0x7c, 0x7d, 0x74, 0x65, 0x6c, 0x93, 0x6f, 0x5d, 0x63, 0x8f,
    0x7f, 0x61, 0x59, 0x6e, 0x8b, 0x62, 0x5f, 0x73, 0x98, 0x60,
    0x56, 0x8d, 0x7f, 0x60, 0x6c, 0x96, 0x94, 0x76, 0x5e, 0x6e,
    0x9c, 0xac, 0x8c, 0x82, 0x81, 0x95, 0x9b, 0x9d, 0x84, 0x84,
    0xab, 0x8e, 0x90, 0x7a, 0xac, 0xc0, 0x68, 0x61, 0xa9, 0xbc,
    0x73, 0x6d, 0x80, 0x91, 0x83, 0x74, 0x98, 0x80, 0x80, 0x72,
    0x59, 0x77, 0x8e, 0x94, 0x5a, 0x52, 0x8d, 0x86, 0x5c, 0x7e,
    0x95, 0x71, 0x60, 0x62, 0x93, 0x92, 0x64, 0x5b, 0x74, 0x97,
    0x96, 0x52, 0x68, 0xa1, 0x9c, 0x72, 0x5a, 0x6e, 0xa2, 0x87,
    0x4a, 0x7a, 0x8d, 0x93, 0x7f, 0x6b, 0x8b, 0x8f, 0x80, 0x7f,
    0x8b, 0x8b, 0x73, 0x67, 0xa4, 0xa0, 0x63, 0x72, 0x8c, 0x93,
    0x7d, 0x7d, 0x83, 0x5b, 0x90, 0x9f, 0x50, 0x68, 0x97, 0x98,
    0x66, 0x5d, 0x75, 0x8e, 0x89, 0x4c, 0x5e, 0x99, 0x80, 0x6b,
    0x87, 0x76, 0x62, 0x6f, 0xb0, 0x86, 0x33, 0x79, 0xb2, 0x66,
    0x52, 0x9d, 0x94, 0x5d, 0x8d, 0x9d, 0x72, 0x8a, 0x75, 0x6e,
    0x74, 0x83, 0x7a, 0x82, 0x91, 0x6c, 0x7b, 0x6d, 0x69, 0x85,
    0x8e, 0x82, 0x62, 0x7c, 0x92, 0x5f, 0x85, 0xba, 0x81, 0x49,
    0x71, 0xa3, 0x95, 0x7b, 0x7e, 0x98, 0xae, 0x78, 0x5f, 0x99,
    0xac, 0x90, 0x81, 0x8c, 0x84, 0x93, 0xa2, 0x82, 0x65, 0x7d,
    0xa5, 0x76, 0x68, 0x85, 0x93, 0x9e, 0x89, 0x6f, 0x66, 0x7d,
    0x96, 0x88, 0x5f, 0x5f, 0x82, 0xa3, 0x79, 0x6c, 0x81, 0x79,
    0x89, 0x6d, 0x70, 0x9a, 0x80, 0x74, 0x91, 0x81, 0x75, 0x72,
    0x82, 0x8c, 0x76, 0x64, 0x82, 0x98, 0x5e, 0x59, 0x93, 0x9a,
    0x5a, 0x42, 0x89, 0x8a, 0x53, 0x7d, 0x84, 0x43, 0x63, 0x88,
    0x68, 0x7d, 0x74, 0x67, 0x88, 0x74, 0x64, 0x73, 0x76, 0x8e,
    0x70, 0x46, 0x8b, 0xb0, 0x7d, 0x3c, 0x80, 0xaa, 0x7a, 0x71,
    0x71, 0x79, 0x8f, 0x8e, 0x62, 0x5b, 0xa7, 0xa1, 0x4c, 0x6a,
    0x9f, 0xa9, 0x7a, 0x61, 0x7e, 0xa1, 0x93, 0x65, 0x93, 0x8b,
    0x6e, 0x7b, 0x83, 0x9f, 0xa4, 0x6d, 0x66, 0xa4, 0x98, 0x9b,
    0x90, 0x96, 0x8b, 0x9b, 0xae, 0x6d, 0x85, 0xa1, 0xb6, 0x8d,
    0x62, 0x81, 0xb7, 0x92, 0x4f, 0x77, 0xac, 0x9c, 0x5a, 0x6a,
    0x9c, 0x8b, 0x65, 0x75, 0x89, 0x86, 0x67, 0x5f, 0x7f, 0x77,
    0x70, 0x71, 0x8a, 0x65, 0x4f, 0x78, 0x81, 0x87, 0x5a, 0x5e,
    0x7f, 0x84, 0x77, 0x6d, 0x65, 0x7c, 0x8f, 0x70, 0x61, 0x61,
    0x93, 0x7b, 0x62, 0x5c, 0x72, 0x8d, 0x62, 0x54, 0x77, 0x9a,
    0x5d, 0x5e, 0x84, 0x76, 0x65, 0x6e, 0x97, 0x90, 0x75, 0x62,
    0x6d, 0x9a, 0xae, 0x90, 0x81, 0x80, 0x99, 0x9d, 0x96, 0x7f,
    0x90, 0xae, 0x8c, 0x89, 0x79, 0xbc, 0xbc, 0x60, 0x65, 0xb3,
    0xb6, 0x6b, 0x6e, 0x82, 0x93, 0x7f, 0x75, 0x98, 0x7e, 0x80,
    0x6a, 0x59, 0x7d, 0x95, 0x8c, 0x50, 0x5a, 0x92, 0x83, 0x58,
    0x82, 0x90, 0x72, 0x5e, 0x66, 0x97, 0x90, 0x5e, 0x5d, 0x78,
    0x9b, 0x8f, 0x4b, 0x70, 0xa4, 0x98, 0x6e, 0x5a, 0x72, 0xa6,
    0x7c, 0x4b, 0x7f, 0x8e, 0x94, 0x7a, 0x6d, 0x8e, 0x8d, 0x7f,
    0x7f, 0x8d, 0x89, 0x6f, 0x6a, 0xaa, 0x99, 0x60, 0x75, 0x8e,
    0x91, 0x7a, 0x7f, 0x7f, 0x5b, 0x99, 0x97, 0x4c, 0x6f, 0x99,
    0x95, 0x61, 0x61, 0x77, 0x90, 0x82, 0x4a, 0x66, 0x99, 0x7b,
    0x70, 0x86, 0x71, 0x62, 0x77, 0xb2, 0x78, 0x32, 0x88, 0xae,
    0x57, 0x58, 0xa4, 0x8b, 0x58, 0x92, 0x9a, 0x73, 0x85, 0x70,
    0x74, 0x71, 0x82, 0x7b, 0x85, 0x8c, 0x67, 0x79, 0x6f, 0x6d,
    0x84, 0x89, 0x81, 0x62, 0x7e, 0x89, 0x61, 0x93, 0xb3, 0x77,
    0x4c, 0x7c, 0x9f, 0x90, 0x83, 0x83, 0x97, 0xb1, 0x7e, 0x5c,
    0x98, 0xb1, 0x94, 0x78, 0x86, 0x8f, 0x9d, 0xa2, 0x80, 0x5d,
    0x83, 0xaa, 0x76, 0x6f, 0x85, 0x97, 0x9d, 0x85, 0x77, 0x69,
    0x7f, 0x97, 0x7f, 0x62, 0x5e, 0x7c, 0xa1, 0x78, 0x6d, 0x7c,
    0x72, 0x81, 0x77, 0x83, 0x94, 0x6c, 0x7a, 0xa6, 0x7e, 0x65,
    0x7e, 0x89, 0x81, 0x60, 0x6d, 0x8c, 0x8f, 0x59, 0x54, 0x97,
    0x94, 0x4e, 0x56, 0x92, 0x79, 0x58, 0x84, 0x7b, 0x41, 0x80,
    0x83, 0x57, 0x81, 0x74, 0x75, 0x78, 0x6c, 0x72, 0x82, 0x6c,
    0x7b, 0x72, 0x61, 0x95, 0xaa, 0x7e, 0x46, 0x85, 0xa4, 0x84,
    0x7e, 0x7b, 0x69, 0x87, 0xa1, 0x63, 0x5d, 0xac, 0x84, 0x52,
    0x86, 0x99, 0x97, 0x8a, 0x72, 0x81, 0x91, 0x76, 0x8d, 0xa8,
    0x6c, 0x60, 0x97, 0x99, 0x8c, 0x80, 0x6f, 0x97, 0xb6, 0x6a,
    0x6d, 0xb7, 0xa9, 0x7f, 0x8e, 0x9b, 0x61, 0x80, 0xa2, 0xa1,
    0x86, 0x76, 0x73, 0x8a, 0x9d, 0x6b, 0x68, 0x93, 0x8f, 0x67,
    0x61, 0x76, 0x94, 0x77, 0x62, 0x71, 0x81, 0x5a, 0x67, 0x8c,
    0x80, 0x60, 0x7c, 0x72, 0x5c, 0x7a, 0x73, 0x95, 0x6a, 0x4c,
    0x7b, 0xa1, 0x8d, 0x6d, 0x68, 0x7f, 0x96, 0x7c, 0x8d, 0x76,
    0x6a, 0x8b, 0x82, 0x76, 0x7a, 0x75, 0x97, 0x74, 0x4c, 0x82,
    0x91, 0x81, 0x72, 0x5b, 0x75, 0x88, 0x71, 0x80, 0x7f, 0x86,
    0x7f, 0x61, 0x73, 0xa4, 0x9b, 0x79, 0x78, 0x92, 0x8c, 0x6d,
    0x80, 0xa0, 0x9e, 0x79, 0x66, 0x79, 0xb3, 0xa0, 0x67, 0x6e,
    0x9c, 0x95, 0x69, 0x75, 0x85, 0x90, 0x76, 0x60, 0x89, 0x8f,
    0x61, 0x5f, 0x70, 0x99, 0xa1, 0x58, 0x5b, 0x86, 0xa0, 0x8b,
    0x5f, 0x63, 0x84, 0xa1, 0x7e, 0x6d, 0x92, 0x8f, 0x59, 0x63,
    0x8e, 0xa0, 0x81, 0x4f, 0x7d, 0x96, 0x82, 0x99, 0x76, 0x5c,
    0x96, 0x8d, 0x63, 0x74, 0x9d, 0xa3, 0x72, 0x86, 0x85, 0x68,
    0x87, 0xa6, 0xaa, 0x6d, 0x61, 0x88, 0xbd, 0x99, 0x60, 0x56,
    0x8d, 0xad, 0x77, 0x78, 0x71, 0x84, 0xb1, 0x90, 0x4a, 0x57,
    0xaa, 0x99, 0x44, 0x71, 0x86, 0x7f, 0x73, 0x6b, 0x87, 0x78,
    0x6c, 0x82, 0x7b, 0x64, 0x84, 0x77, 0x86, 0x9d, 0x5a, 0x55,
    0x76, 0x90, 0x8b, 0x4d, 0x53, 0x89, 0x93, 0x57, 0x6c, 0x93,
    0x74, 0x4e, 0x77, 0x9a, 0x5d, 0x76, 0x96, 0x5d, 0x51, 0x90,
    0x6d, 0x6e, 0xa1, 0x77, 0x5a, 0x86, 0x87, 0x78, 0x80, 0x69,
    0x7b, 0x65, 0x74, 0xb1, 0xa0, 0x52, 0x5a, 0xa8, 0xa5, 0x74,
    0x77, 0x7a, 0x6a, 0xa3, 0x96, 0x44, 0x7c, 0xc2, 0x5e, 0x57,
    0xa3, 0xa2, 0x9f, 0x83, 0x6e, 0x97, 0x90, 0x7f, 0xa6, 0x94,
    0x62, 0x79, 0xa1, 0xa6, 0x90, 0x6b, 0x72, 0xaa, 0xb0, 0x5a,
    0x78, 0xbe, 0x9e, 0x71, 0x99, 0x81, 0x65, 0x90, 0x9c, 0x90,
    0x6e, 0x75, 0x78, 0x8c, 0x82, 0x5c, 0x6f, 0x9e, 0x7a, 0x57,
    0x61, 0x86, 0x92, 0x69, 0x55, 0x7d, 0x79, 0x54, 0x76, 0x89,
    0x71, 0x6a, 0x81, 0x5a, 0x6b, 0x7e, 0x81, 0x88, 0x55, 0x5d,
    0x8f, 0xa2, 0x7c, 0x68, 0x6a, 0x8f, 0x8d, 0x82, 0x89, 0x68,
    0x79, 0x8f, 0x77, 0x79, 0x76, 0x83, 0x95, 0x57, 0x5c, 0x92,
    0x8a, 0x7e, 0x68, 0x5d, 0x85, 0x7c, 0x74, 0x82, 0x80, 0x88,
    0x72, 0x61, 0x87, 0xaa, 0x8b, 0x73, 0x82, 0x98, 0x7c, 0x6e,
    0x8e, 0xa7, 0x91, 0x6c, 0x65, 0x94, 0xbb, 0x85, 0x62, 0x7f,
    0xa4, 0x81, 0x6a, 0x7f, 0x86, 0x89, 0x70, 0x6e, 0x8e, 0x81,
    0x60, 0x62, 0x77, 0xb0, 0x86, 0x44, 0x6e, 0x92, 0xa3, 0x7a,
    0x5e, 0x6c, 0x96, 0x9a, 0x6a, 0x7d, 0x9f, 0x7c, 0x56, 0x74,
    0x98, 0x9d, 0x6d, 0x58, 0x8e, 0x96, 0x88, 0x86, 0x5a, 0x80,
    0xa8, 0x6c, 0x5a, 0x81, 0xad, 0x8b, 0x5a, 0x8e, 0x82, 0x6a,
    0x80, 0xa8, 0x9a, 0x59, 0x63, 0x97, 0xb2, 0x76, 0x61, 0x64,
    0x96, 0x9c, 0x79, 0x78, 0x63, 0x8c, 0xb3, 0x73, 0x40, 0x79,
    0xb9, 0x68, 0x4d, 0x9c, 0x8a, 0x6b, 0x60, 0x86, 0x88, 0x75,
    0x6f, 0x8d, 0x6a, 0x58, 0x90, 0x7b, 0x85, 0x82, 0x4d, 0x61,
    0x77, 0x9b, 0x86, 0x44, 0x56, 0x8f, 0x92, 0x6e, 0x7b, 0x72,
    0x77, 0x72, 0x90, 0x80, 0x6d, 0x9a, 0x82, 0x6c, 0x75, 0x87,
    0x76, 0x94, 0xb0, 0x5f, 0x5d, 0xb0, 0x8c, 0x7d, 0x81, 0x6e,
    0x79, 0x76, 0x8b, 0xa8, 0x6e, 0x61, 0x8c, 0xa4, 0x90, 0x61,
    0x80, 0x7e, 0x7c, 0xa3, 0x78, 0x55, 0xa0, 0xa3, 0x54, 0x7c,
    0xaa, 0x97, 0x9a, 0x77, 0x7f, 0xa0, 0x8c, 0x99, 0x8b, 0x81,
    0x88, 0x84, 0x9d, 0xb9, 0x75, 0x61, 0x77, 0x95, 0xae, 0x57,
    0x5b, 0xae, 0x7a, 0x68, 0x78, 0x79, 0x84, 0x70, 0x73, 0x5c,
    0x5a, 0x89, 0x74, 0x4a, 0x6a, 0x5b, 0x71, 0x91, 0x5b, 0x59,
    0x73, 0x8a, 0x93, 0x53, 0x4d, 0x93, 0x87, 0x73, 0x6f, 0x6a,
    0x8c, 0x8a, 0x5f, 0x62, 0x9a, 0xaf, 0x64, 0x58, 0x9f, 0x8a,
    0x88, 0x84, 0x6f, 0x78, 0x6f, 0x89, 0xa6, 0x82, 0x56, 0x84,
    0x9f, 0x7b, 0x68, 0x87, 0xa3, 0x8c, 0x61, 0x6f, 0x9f, 0x8f,
    0x7d, 0x92, 0x6c, 0x70, 0xac, 0x98, 0x63, 0x66, 0x9a, 0xb0,
    0x8c, 0x4d, 0x7d, 0xc1, 0x95, 0x74, 0x8a, 0x7a, 0x9d, 0x88,
    0x7c, 0x99, 0x7f, 0x9f, 0x7c, 0x56, 0x8d, 0xc1, 0x80, 0x42,
    0x8d, 0xb9, 0x76, 0x54, 0x78, 0x75, 0x92, 0x7c, 0x5d, 0x78,
    0x7c, 0x93, 0x7a, 0x7e, 0x6b, 0x4e, 0x83, 0x97, 0x85, 0x5e,
    0x5c, 0x62, 0x94, 0xa5, 0x5f, 0x3d, 0x8a, 0x9b, 0x5b, 0x7f,
    0x7c, 0x59, 0x8a, 0x89, 0x5d, 0x74, 0xac, 0x7d, 0x3e, 0x7d,
    0xa1, 0x8d, 0x54, 0x61, 0x96, 0x96, 0x62, 0x78, 0x8c, 0x4c,
    0x69, 0x8a, 0x9d, 0x72, 0x49, 0x66, 0x81, 0x91, 0x83, 0x58,
    0x5f, 0x87, 0x82, 0x80, 0x7c, 0x7c, 0x86, 0x65, 0x8c, 0xa7,
    0x6d, 0x81, 0x97, 0x88, 0x78, 0x6c, 0x6f, 0x90, 0xc4, 0x79,
    0x43, 0xa7, 0xaa, 0x87, 0x71, 0x65, 0x7f, 0x8a, 0x76, 0x8e,
    0x8c, 0x6c, 0x70, 0x92, 0xa0, 0x72, 0x7f, 0x79, 0x6b, 0x9d,
    0x8a, 0x4b, 0x87, 0xb5, 0x66, 0x66, 0x99, 0xa0, 0xa4, 0x7f,
    0x6f, 0xa2, 0x9c, 0x9d, 0x91, 0x7a, 0x88, 0x8e, 0x94, 0xbf,
    0x8b, 0x57, 0x75, 0x93, 0xb6, 0x66, 0x49, 0xaa, 0x89, 0x5d,
    0x76, 0x78, 0x84, 0x6a, 0x73, 0x67, 0x53, 0x7b, 0x7d, 0x4c,
    0x62, 0x5d, 0x60, 0x96, 0x68, 0x51, 0x6c, 0x85, 0x98, 0x61,
    0x43, 0x86, 0x90, 0x74, 0x71, 0x67, 0x82, 0x92, 0x66, 0x5c,
    0x8b, 0xb4, 0x78, 0x4c, 0x94, 0x93, 0x84, 0x8b, 0x71, 0x76,
    0x70, 0x81, 0xa5, 0x8e, 0x58, 0x75, 0xa3, 0x85, 0x64, 0x7a,
    0xa2, 0x99, 0x66, 0x62, 0x99, 0x9a, 0x7b, 0x8f, 0x78, 0x69,
    0xa2, 0xa2, 0x6f, 0x63, 0x92, 0xab, 0x92, 0x5d, 0x71, 0xbc,
    0x9e, 0x6f, 0x8e, 0x85, 0x94, 0x8d, 0x74, 0xa1, 0x79, 0x94,
    0x96, 0x5e, 0x76, 0xb7, 0x98, 0x4d, 0x7a, 0xb4, 0x87, 0x46,
    0x77, 0x81, 0x7d, 0x84, 0x69, 0x7b, 0x6b, 0x80, 0x8e, 0x7e,
    0x6b, 0x4c, 0x7a, 0x8f, 0x76, 0x66, 0x6c, 0x5a, 0x68, 0xa7,
    0x7e, 0x3f, 0x73, 0x96, 0x59, 0x72, 0x96, 0x5b, 0x5a, 0x85,
    0x81, 0x82, 0x91, 0x83, 0x5d, 0x65, 0x93, 0xa6, 0x6f, 0x50,
    0x84, 0xa9, 0x75, 0x62, 0x97, 0x70, 0x52, 0x7b, 0xb0, 0x72,
    0x4f, 0x7c, 0x8c, 0x8d, 0x70, 0x76, 0x84, 0x8d, 0x69, 0x84,
    0x8e, 0x7d, 0x9d, 0x6c, 0x7a, 0xb2, 0x91, 0x62, 0x8b, 0xaa,
    0x93, 0x5b, 0x5e, 0x8c, 0xae, 0x97, 0x56, 0x83, 0xa6, 0xa4,
    0x66, 0x59, 0x84, 0xa5, 0x7b, 0x47, 0x8e, 0xa6, 0x62, 0x5b,
    0x8c, 0x95, 0x95, 0x6f, 0x59, 0x7a, 0x8c, 0x67, 0x6a, 0x93,
    0x8e, 0x78, 0x5c, 0x88, 0xaa, 0x81, 0x6a, 0x82, 0xb1, 0xa4,
    0x8b, 0x6c, 0x75, 0xa5, 0x8c, 0x99, 0x98, 0x6b, 0x72, 0xa9,
    0xa5, 0x5e, 0x69, 0xa9, 0x80, 0x59, 0x68, 0x92, 0x86, 0x44,
    0x6b, 0x97, 0x7b, 0x63, 0x5e, 0x6c, 0x80, 0x5b, 0x57, 0x98,
    0x9a, 0x59, 0x55, 0xa3, 0x94, 0x45, 0x79, 0x79, 0x81, 0x8a,
    0x61, 0x67, 0x67, 0xa0, 0x80, 0x60, 0x67, 0x82, 0x7c, 0x6c,
    0x7c, 0x72, 0x66, 0x6a, 0x87, 0x8f, 0x93, 0x5d, 0x59, 0xbb,
    0x9f, 0x51, 0x7d, 0x9c, 0x8d, 0x65, 0x88, 0xaa, 0x6e, 0x74,
    0xb2, 0xa1, 0x59, 0x77, 0xb1, 0xb0, 0x68, 0x5e, 0x93, 0xbf,
    0x8a, 0x51, 0xa1, 0xa0, 0x96, 0x7f, 0x81, 0x82, 0x96, 0x9c,
    0x7e, 0x76, 0x8e, 0xa1, 0x78, 0x90, 0x91, 0x66, 0x76, 0xc0,
    0x78, 0x42, 0x77, 0xad, 0xa2, 0x4f, 0x4d, 0x7b, 0x88, 0x84,
    0x5f, 0x67, 0x7b, 0x63, 0x92, 0x84, 0x58, 0x4e, 0x90, 0x93,
    0x53, 0x5c, 0x79, 0x79, 0x72, 0x7a, 0x91, 0x5d, 0x64, 0x95,
    0x5c, 0x6a, 0xa5, 0x91, 0x45, 0x6c, 0xa1, 0x9e, 0x8a, 0x70,
    0x5c, 0x73, 0x9f, 0x89, 0x67, 0x6e, 0x8b, 0x90, 0x73, 0x59,
    0x8a, 0x8b, 0x45, 0x45, 0xa8, 0x8f, 0x52, 0x70, 0x6e, 0x7d,
    0x8b, 0x7d, 0x69, 0x75, 0x68, 0x7f, 0x89, 0x79, 0x9d, 0x80,
    0x69, 0x96, 0xb3, 0x6b, 0x69, 0xad, 0xad, 0x65, 0x4d, 0x92,
    0xb3, 0xa7, 0x62, 0x72, 0x9d, 0xb5, 0x91, 0x53, 0x70, 0xaa,
    0xac, 0x4b, 0x67, 0xaf, 0x8c, 0x6a, 0x6a, 0x8f, 0xa7, 0x84,
    0x53, 0x62, 0x95, 0x7d, 0x63, 0x7e, 0x8c, 0x84, 0x63, 0x74,
    0x9c, 0x88, 0x78, 0x7a, 0x90, 0xa6, 0x9b, 0x74, 0x5f, 0x9f,
    0x9b, 0x8f, 0x9f, 0x74, 0x69, 0xa0, 0xae, 0x6b, 0x5a, 0xa9,
    0x94, 0x54, 0x5e, 0x90, 0x94, 0x47, 0x55, 0x96, 0x87, 0x63,
    0x5d, 0x66, 0x83, 0x66, 0x4c, 0x87, 0xa4, 0x69, 0x4c, 0x8f,
    0xa8, 0x4e, 0x69, 0x80, 0x77, 0x93, 0x63, 0x68, 0x60, 0x95,
    0x8f, 0x62, 0x65, 0x7b, 0x84, 0x6a, 0x7b, 0x75, 0x69, 0x66,
    0x82, 0x8e, 0x96, 0x6e, 0x4b, 0xa6, 0xb5, 0x5b, 0x6b, 0x98,
    0x96, 0x6d, 0x75, 0xaa, 0x7c, 0x6d, 0xa5, 0xad, 0x62, 0x67,
    0xa5, 0xbf, 0x79, 0x4d, 0x85, 0xbf, 0xa4, 0x44, 0x8a, 0xa9,
    0xa1, 0x7e, 0x70, 0x84, 0x8f, 0x9f, 0x81, 0x6e, 0x87, 0xa2,
    0x79, 0x89, 0x8e, 0x70, 0x71, 0xb0, 0x83, 0x43, 0x75, 0x98,
    0xa2, 0x6d, 0x4d, 0x6e, 0x8b, 0x85, 0x6c, 0x5f, 0x83, 0x68,
    0x7f, 0x90, 0x5e, 0x58, 0x8f, 0x9c, 0x55, 0x59, 0x7f, 0x87,
    0x89, 0x6a, 0x7f, 0x85, 0x68, 0x8c, 0x69, 0x70, 0x94, 0xab,
    0x68, 0x56, 0x9f, 0xab, 0x8e, 0x66, 0x64, 0x7e, 0xa3, 0x7c,
    0x58, 0x85, 0x9f, 0x7a, 0x6a, 0x69, 0x78, 0x93, 0x69, 0x35,
    0x7d, 0x98, 0x72, 0x76, 0x5f, 0x61, 0x93, 0x98, 0x61, 0x5d,
    0x64, 0x85, 0x79, 0x79, 0x8c, 0x89, 0x7a, 0x63, 0xa4, 0x92,
    0x57, 0x88, 0xad, 0x81, 0x5d, 0x8f, 0xab, 0x92, 0x81, 0x76,
    0x7d, 0x98, 0xbb, 0x80, 0x62, 0x8f, 0xc5, 0x8e, 0x4f, 0x84,
    0xb1, 0xbb, 0x55, 0x61, 0xab, 0x9e, 0x76, 0x4f, 0x89, 0xa0,
    0x84, 0x5d, 0x68, 0x8b, 0x89, 0x74, 0x5e, 0x6a, 0x9a, 0x9a,
    0x3a, 0x5d, 0xac, 0x8c, 0x54, 0x72, 0xa6, 0x80, 0x7d, 0x81,
    0x72, 0x8e, 0x89, 0x74, 0x6f, 0x9e, 0xaa, 0x59, 0x5d, 0xa2,
    0xa0, 0x53, 0x50, 0x80, 0x9d, 0x6d, 0x61, 0x71, 0x9b, 0x98,
    0x5e, 0x5e, 0x7a, 0xa7, 0x7a, 0x5c, 0x82, 0xa6, 0x79, 0x50,
    0x80, 0xb1, 0x65, 0x63, 0x92, 0x77, 0x85, 0x89, 0x7f, 0x61,
    0x7e, 0x97, 0x8c, 0x70, 0x70, 0x88, 0x78, 0x91, 0x80, 0x4a,
    0x87, 0x93, 0x4d, 0x75, 0x98, 0x70, 0x55, 0x79, 0x9d, 0x6e,
    0x44, 0x76, 0x9f, 0x8d, 0x69, 0x5b, 0x82, 0xa4, 0x80, 0x7c,
    0x82, 0x6e, 0x83, 0xa1, 0x8e, 0x6f, 0x73, 0x96, 0xb8, 0x86,
    0x6a, 0x87, 0xb6, 0xa4, 0x62, 0x89, 0xae, 0x8c, 0x7c, 0x90,
    0x86, 0xa7, 0x8b, 0x63, 0x8f, 0x87, 0x98, 0x80, 0x73, 0x84,
    0x75, 0x6e, 0xab, 0x97, 0x3e, 0x57, 0x99, 0x9f, 0x55, 0x4b,
    0x8b, 0x96, 0x7f, 0x5d, 0x54, 0x88, 0x8a, 0x66, 0x7b, 0x75,
    0x4e, 0x87, 0xab, 0x52, 0x51, 0x85, 0x87, 0x78, 0x83, 0x7e,
    0x76, 0x7c, 0x82, 0x6e, 0x75, 0x96, 0x85, 0x88, 0x73, 0x6d,
    0x84, 0x80, 0x82, 0x78, 0x6e, 0x7c, 0x72, 0x57, 0x7e, 0x99,
    0x78, 0x57, 0x5c, 0x81, 0x86, 0x5f, 0x4d, 0x91, 0x90, 0x6e,
    0x77, 0x6e, 0x71, 0x8f, 0xa9, 0x74, 0x58, 0x66, 0x96, 0x96,
    0x65, 0x84, 0x9a, 0x75, 0x56, 0x9c, 0x9a, 0x4e, 0x7a, 0xb2,
    0x7c, 0x4b, 0x81, 0xb2, 0x98, 0x6e, 0x75, 0x86, 0x92, 0xb2,
    0x89, 0x64, 0x8b, 0xbf, 0x9c, 0x57, 0x7f, 0xae, 0xc5, 0x63,
    0x4e, 0xad, 0xae, 0x78, 0x47, 0x8a, 0xa6, 0x79, 0x5f, 0x6f,
    0x8c, 0x82, 0x71, 0x5d, 0x69, 0x9a, 0x9b, 0x3d, 0x56, 0xaf,
    0x8a, 0x51, 0x6d, 0xaa, 0x8c, 0x71, 0x7d, 0x72, 0x92, 0x90,
    0x72, 0x6c, 0x9b, 0xb2, 0x61, 0x51, 0x9b, 0xa8, 0x61, 0x4d,
    0x75, 0x9a, 0x7a, 0x63, 0x6a, 0x96, 0xa1, 0x65, 0x5b, 0x75,
    0xaa, 0x81, 0x59, 0x7c, 0xa6, 0x82, 0x4e, 0x77, 0xb1, 0x6d,
    0x5a, 0x90, 0x78, 0x86, 0x88, 0x80, 0x62, 0x7a, 0x96, 0x8d,
    0x73, 0x6e, 0x87, 0x78, 0x8d, 0x88, 0x4c, 0x7c, 0x9a, 0x52,
    0x6c, 0x9a, 0x76, 0x54, 0x73, 0x9c, 0x78, 0x43, 0x6e, 0x9e,
    0x90, 0x6f, 0x59, 0x7c, 0xa3, 0x86, 0x79, 0x83, 0x6f, 0x7f,
    0x9e, 0x8f, 0x73, 0x73, 0x8e, 0xb3, 0x8d, 0x6e, 0x84, 0xab,
    0xa7, 0x6b, 0x82, 0xa9, 0x8c, 0x79, 0x93, 0x86, 0xa2, 0x8d,
    0x5f, 0x8f, 0x8a, 0x8f, 0x86, 0x70, 0x81, 0x7a, 0x71, 0x9c,
    0x9d, 0x50, 0x54, 0x8d, 0x9b, 0x5b, 0x51, 0x8e, 0x96, 0x80,
    0x64, 0x59, 0x83, 0x95, 0x6a, 0x6d, 0x81, 0x5b, 0x7b, 0xa5,
    0x64, 0x58, 0x86, 0x87, 0x6e, 0x87, 0x89, 0x6a, 0x80, 0x7f,
    0x7a, 0x75, 0x84, 0x72, 0x91, 0x96, 0x55, 0x5f, 0x76, 0x99,
    0x89, 0x71, 0x67, 0x67, 0x70, 0x8b, 0x8c, 0x74, 0x5f, 0x75,
    0xa1, 0x7f, 0x5f, 0x7d, 0xb8, 0x91, 0x65, 0x89, 0x9b, 0x88,
    0x85, 0xa0, 0x8c, 0x93, 0x74, 0x7a, 0xa4, 0x7b, 0x88, 0x8c,
    0x6f, 0x75, 0x78, 0x7e, 0x99, 0x83, 0x54, 0x61, 0x8c, 0x8b,
    0x56, 0x65, 0x90, 0x8f, 0x7b, 0x5f, 0x60, 0x90, 0x8b, 0x64,
    0x78, 0x7b, 0x58, 0x8e, 0x9a, 0x56, 0x64, 0x8b, 0x81, 0x73,
    0x8f, 0x7b, 0x73, 0x87, 0x7b, 0x72, 0x82, 0x8e, 0x6d, 0x98,
    0x85, 0x59, 0x6b, 0x77, 0x93, 0x85, 0x6a, 0x66, 0x6b, 0x6a,
    0x83, 0x89, 0x74, 0x58, 0x69, 0x8c, 0x76, 0x5f, 0x7e, 0xa1,
    0x77, 0x74, 0x7c, 0x82, 0x8a, 0x8c, 0xa0, 0x7f, 0x68, 0x7a,
    0xa5, 0x9a, 0x60, 0x81, 0x9c, 0x67, 0x66, 0x8f, 0x84, 0x5d,
    0x7f, 0x9a, 0x65, 0x58, 0x7e, 0x9d, 0x87, 0x5b, 0x7f, 0x8f,
    0x84, 0x87, 0x81, 0x7b, 0x8b, 0x93, 0x87, 0x7f, 0x84, 0x98,
    0xa0, 0x70, 0x68, 0x9b, 0xa2, 0x6a, 0x65, 0x9d, 0x8b, 0x5e,
    0x76, 0x93, 0x87, 0x6b, 0x6f, 0x70, 0x84, 0x94, 0x6f, 0x61,
    0x8d, 0x93, 0x64, 0x67, 0x88, 0x9c, 0x8b, 0x5e, 0x6e, 0x85,
    0x99, 0x8e, 0x67, 0x79, 0x98, 0x8e, 0x71, 0x68, 0x83, 0x93,
    0x90, 0x78, 0x65, 0x7c, 0x9e, 0x85, 0x6b, 0x89, 0x9b, 0x84,
    0x6c, 0x8f, 0x9d, 0x77, 0x71, 0x7c, 0x95, 0x7d, 0x65, 0x82,
    0x76, 0x71, 0x66, 0x63, 0x8a, 0x98, 0x6b, 0x49, 0x72, 0xa3,
    0x60, 0x4a, 0x8a, 0x7c, 0x80, 0x6a, 0x56, 0x7b, 0x86, 0x83,
    0x75, 0x6b, 0x7f, 0x78, 0x7b, 0x7e, 0x71, 0x9f, 0x77, 0x5a,
    0x8c, 0x9d, 0x92, 0x8b, 0x88, 0x6d, 0x79, 0x7f, 0x8c, 0xa6,
    0x8d, 0x46, 0x6c, 0xb8, 0x86, 0x55, 0x89, 0x9f, 0x84, 0x87,
    0x75, 0x88, 0x96, 0x9a, 0x7a, 0x77, 0x8f, 0x8e, 0x90, 0x5b,
    0x8d, 0xb2, 0x67, 0x4e, 0x82, 0xbe, 0x96, 0x43, 0x67, 0x92,
    0x86, 0x66, 0x9c, 0x9e, 0x47, 0x66, 0x8a, 0x95, 0x93, 0x61,
    0x7b, 0x77, 0x69, 0x99, 0x8c, 0x6a, 0x6f, 0x91, 0x75, 0x7b,
    0x87, 0x68, 0x89, 0x97, 0x8f, 0x76, 0x5b, 0x7c, 0xb8, 0x8d,
    0x53, 0x68, 0x88, 0x76, 0x68, 0x85, 0x7d, 0x7b, 0x6d, 0x71,
    0x81, 0x7e, 0x80, 0x6d, 0x83, 0x86, 0x63, 0x5f, 0x8e, 0x8a,
    0x79, 0x80, 0x62, 0x72, 0x94, 0x97, 0x77, 0x74, 0x8e, 0x98,
    0x8b, 0x68, 0x87, 0x93, 0x87, 0x8d, 0x72, 0x78, 0x8f, 0x8d,
    0x70, 0x7f, 0x8b, 0x8b, 0x7a, 0x71, 0x95, 0x89, 0x77, 0x70,
    0x82, 0x9b, 0x6f, 0x73, 0x7f, 0x70, 0x70, 0x60, 0x76, 0x94,
    0x85, 0x58, 0x52, 0x90, 0x92, 0x41, 0x6a, 0x8d, 0x7b, 0x7e,
    0x57, 0x66, 0x83, 0x85, 0x7d, 0x6d, 0x72, 0x81, 0x73, 0x84,
    0x71, 0x86, 0x9a, 0x5d, 0x6e, 0x99, 0x9b, 0x8a, 0x8e, 0x7a,
    0x6e, 0x7f, 0x80, 0x9a, 0xa4, 0x6c, 0x46, 0x9a, 0xb1, 0x65,
    0x64, 0x9f, 0x93, 0x88, 0x7d, 0x7a, 0x95, 0x9a, 0x8c, 0x6f,
    0x89, 0x8d, 0x96, 0x75, 0x5f, 0xa8, 0x96, 0x52, 0x60, 0x9a,
    0xb8, 0x6f, 0x45, 0x75, 0x9c, 0x7c, 0x6e, 0xb4, 0x7c, 0x44,
    0x71, 0x97, 0xb2, 0x7d, 0x50, 0x7f, 0x72, 0x82, 0x97, 0x77,
    0x5b, 0x7f, 0x91, 0x62, 0x7e, 0x6d, 0x6d, 0x9a, 0x8c, 0x6f,
    0x67, 0x6b, 0x95, 0xa3, 0x70, 0x5f, 0x60, 0x79, 0x7b, 0x80,
    0x76, 0x6c, 0x87, 0x6d, 0x8d, 0x7d, 0x6a, 0x7e, 0x92, 0x8b,
    0x51, 0x5d, 0x8d, 0xa2, 0x50, 0x66, 0x97, 0x64, 0x82, 0x8d,
    0x76, 0x82, 0x96, 0x80, 0x94, 0x84, 0x8a, 0xb5, 0x6e, 0x7a,
    0x91, 0x92, 0x9f, 0x6d, 0x5c, 0x90, 0x88, 0x4f, 0x7b, 0x87,
    0x62, 0x63, 0x87, 0x8a, 0x58, 0x8a, 0xaa, 0x88, 0x72, 0x74,
    0x85, 0x7c, 0x96, 0x8c, 0x5f, 0x74, 0xa3, 0x78, 0x93, 0x8f,
    0x58, 0x99, 0xa6, 0x78, 0x5f, 0x95, 0xa5, 0x5a, 0x5f, 0x9d,
    0x6e, 0x72, 0x9f, 0x72, 0x87, 0xa9, 0x7a, 0x52, 0x72, 0xb7,
    0x84, 0x41, 0x6f, 0x97, 0x7a, 0x8a, 0x6c, 0x77, 0xad, 0x8a,
    0x6e, 0x6b, 0xad, 0x93, 0x4e, 0x67, 0x99, 0x96, 0x84, 0x5d,
    0x57, 0x89, 0xb8, 0x80, 0x50, 0x89, 0xa6, 0xa9, 0x63, 0x52,
    0x76, 0x90, 0x8d, 0x5c, 0x85, 0x87, 0x62, 0x78, 0x8e, 0x82,
    0x68, 0x6f, 0x75, 0x9d, 0x8a, 0x53, 0x7d, 0x92, 0x95, 0x70,
    0x75, 0x84, 0x8d, 0x89, 0x5f, 0xa9, 0x95, 0x5b, 0x84, 0x93,
    0x6e, 0x7c, 0x97, 0x59, 0x67, 0xa4, 0x81, 0x69, 0x7b, 0x87,
    0x8d, 0x7b, 0x63, 0x6d, 0xb2, 0x96, 0x49, 0x5b, 0xb4, 0xa7,
    0x47, 0x6e, 0x91, 0xaf, 0x8b, 0x41, 0x5e, 0xa5, 0x9d, 0x42,
    0x5b, 0x83, 0x97, 0x8f, 0x6a, 0x7f, 0xac, 0xa2, 0x6f, 0x65,
    0x8c, 0xa0, 0x73, 0x43, 0x72, 0xa4, 0x70, 0x4a, 0x6a, 0xad,
    0x91, 0x58, 0x69, 0xb6, 0xa3, 0x44, 0x5f, 0x9a, 0xb6, 0x70,
    0x66, 0x8a, 0x88, 0x75, 0x73, 0xa1, 0x73, 0x6c, 0x74, 0x83,
    0x97, 0x65, 0x62, 0x8f, 0x8a, 0x7f, 0x79, 0x60, 0x84, 0xa9,
    0x84, 0x52, 0x57, 0x80, 0xa1, 0x6d, 0x48, 0x7c, 0xb1, 0x72,
    0x58, 0x78, 0x91, 0x8c, 0x69, 0x67, 0x7f, 0x8e, 0x80, 0x8d,
    0x63, 0x6f, 0x84, 0x7f, 0x8a, 0x73, 0x6c, 0x93, 0x8b, 0x75,
    0x93, 0x8d, 0x9e, 0x7f, 0x64, 0x9b, 0x9b, 0x96, 0x8b, 0x62,
    0x6a, 0x8c, 0x83, 0x6e, 0x7c, 0x74, 0x5f, 0x76, 0x8a, 0x71,
    0x6a, 0x9f, 0x9b, 0x7e, 0x71, 0x83, 0x83, 0x86, 0x96, 0x72,
    0x5c, 0x89, 0x9d, 0x77, 0x9a, 0x88, 0x64, 0x8b, 0x94, 0x77,
    0x7d, 0x94, 0x7b, 0x56, 0x7e, 0x96, 0x58, 0x87, 0x9b, 0x6b,
    0x92, 0xa2, 0x7a, 0x57, 0x81, 0xa9, 0x64, 0x4f, 0x8c, 0x88,
    0x78, 0x93, 0x65, 0x86, 0xa2, 0x85, 0x67, 0x80, 0xba, 0x73,
    0x47, 0x7d, 0xa2, 0x8d, 0x7b, 0x59, 0x5b, 0x9b, 0xb6, 0x66,
    0x5b, 0x96, 0xb1, 0x95, 0x4c, 0x62, 0x7b, 0x97, 0x7d, 0x60,
    0x91, 0x75, 0x63, 0x84, 0x90, 0x78, 0x62, 0x72, 0x7f, 0xa5,
    0x6e, 0x59, 0x8a, 0x93, 0x8d, 0x67, 0x80, 0x81, 0x96, 0x74,
    0x6e, 0xb7, 0x77, 0x63, 0x90, 0x89, 0x69, 0x8d, 0x87, 0x4e,
    0x81, 0xa0, 0x73, 0x6d, 0x81, 0x8a, 0x89, 0x72, 0x5e, 0x82,
    0xb9, 0x77, 0x43, 0x76, 0xc5, 0x82, 0x45, 0x83, 0x99, 0xb2,
    0x6a, 0x42, 0x75, 0xb0, 0x7b, 0x3c, 0x6e, 0x88, 0x9a, 0x7f,
    0x6b, 0x90, 0xaf, 0x91, 0x63, 0x73, 0x98, 0x93, 0x61, 0x4a,
    0x8d, 0x93, 0x59, 0x53, 0x88, 0xaf, 0x76, 0x56, 0x7b, 0xc2,
    0x89, 0x43, 0x70, 0xa5, 0xa3, 0x67, 0x7a, 0x8c, 0x89, 0x63,
    0x84, 0xa6, 0x6a, 0x68, 0x78, 0x97, 0x8e, 0x5e, 0x69, 0x8f,
    0x86, 0x8b, 0x74, 0x60, 0x88, 0xab, 0x7a, 0x53, 0x62, 0x95,
    0xa0, 0x50, 0x52, 0x9b, 0xb5, 0x54, 0x54, 0x8d, 0xa0, 0x79,
    0x4f, 0x78, 0xa9, 0x8c, 0x6d, 0x91, 0x72, 0x6b, 0x89, 0x8f,
    0x79, 0x65, 0x78, 0x96, 0x76, 0x76, 0x8f, 0x9a, 0x81, 0x59,
    0x83, 0xa4, 0x94, 0x85, 0x78, 0x70, 0x72, 0x7d, 0x9d, 0x83,
    0x6d, 0x70, 0x74, 0x8a, 0x74, 0x75, 0x8c, 0x8f, 0x84, 0x7a,
    0x81, 0x8b, 0x80, 0x8f, 0x77, 0x67, 0x75, 0x88, 0x93, 0x75,
    0x90, 0x9e, 0x58, 0x5b, 0x8a, 0x9e, 0x95, 0x53, 0x64, 0x85,
    0x8d, 0x76, 0x5a, 0x8e, 0x8d, 0x6c, 0x7e, 0xa1, 0x9d, 0x67,
    0x60, 0x6f, 0x71, 0x93, 0x8b, 0x61, 0x87, 0xa2, 0x6a, 0x63,
    0x8a, 0x92, 0x76, 0x94, 0x9d, 0x5d, 0x61, 0x9b, 0x97, 0x68,
    0x99, 0x78, 0x48, 0x93, 0xa4, 0x7a, 0x63, 0x99, 0xa0, 0x5b,
    0x5d, 0x8d, 0x68, 0x93, 0x90, 0x6d, 0x7e, 0x56, 0x7e, 0x98,
    0xa0, 0x53, 0x4b, 0x8f, 0x93, 0x7a, 0x6b, 0x73, 0x71, 0x88,
    0x74, 0x8e, 0x99, 0x73, 0x57, 0x8a, 0xa2, 0x6e, 0x5f, 0x95,
    0x8d, 0x7e, 0x80, 0x85, 0x71, 0x6e, 0xa9, 0x76, 0x60, 0x82,
    0x91, 0x61, 0x72, 0x98, 0x89, 0x71, 0x76, 0x74, 0x78, 0x90,
    0x6d, 0x90, 0x67, 0x4e, 0x87, 0xa9, 0x80, 0x70, 0x98, 0x99,
    0x74, 0x61, 0x7a, 0x9b, 0x87, 0x66, 0x7d, 0x73, 0x7c, 0x9c,
    0xa2, 0x6a, 0x57, 0x7a, 0x91, 0x7f, 0x7b, 0x6c, 0x54, 0x74,
    0x9b, 0xad, 0x66, 0x5c, 0x89, 0xa1, 0x8e, 0x78, 0x5e, 0x68,
    0x8b, 0x8a, 0xa1, 0x83, 0x61, 0x74, 0x8f, 0x89, 0x78, 0x85,
    0x92, 0x7d, 0x6c, 0x84, 0x82, 0x7e, 0x7e, 0x6d, 0x6d, 0x93,
    0x9b, 0x6a, 0x48, 0x70, 0xa0, 0x8f, 0x70, 0x40, 0x58, 0xac,
    0xa8, 0x4e, 0x74, 0x8c, 0x72, 0x7e, 0x6a, 0x7d, 0xa9, 0x7a,
    0x62, 0x87, 0x75, 0x7c, 0x7f, 0x8c, 0x8a, 0x5e, 0x74, 0x92,
    0x7c, 0x7a, 0x8c, 0x8f, 0x68, 0x69, 0x97, 0x95, 0x9c, 0x87,
    0x62, 0x6c, 0x7f, 0x9b, 0x9e, 0x60, 0x67, 0x76, 0x8a, 0x9f,
    0x69, 0x6b, 0x95, 0x86, 0x88, 0x93, 0x7e, 0x93, 0x8f, 0x70,
    0x69, 0x80, 0x8e, 0x88, 0x72, 0x75, 0xaf, 0x8b, 0x49, 0x60,
    0x9a, 0xb8, 0x6f, 0x3c, 0x82, 0x91, 0x83, 0x5e, 0x6a, 0x99,
    0x75, 0x6c, 0x89, 0xad, 0x88, 0x5b, 0x65, 0x68, 0x78, 0x94,
    0x88, 0x64, 0x86, 0x96, 0x65, 0x6d, 0x90, 0x83, 0x82, 0xa4,
    0x79, 0x53, 0x75, 0xa9, 0x84, 0x6d, 0x9b, 0x55, 0x5c, 0xaa,
    0x96, 0x68, 0x71, 0xab, 0x8a, 0x49, 0x70, 0x8c, 0x6e, 0x99,
    0x77, 0x7b, 0x77, 0x5c, 0x85, 0x99, 0x90, 0x42, 0x67, 0x95,
    0x8b, 0x6e, 0x71, 0x72, 0x7a, 0x83, 0x76, 0x9a, 0x91, 0x62,
    0x61, 0x9d, 0x96, 0x5f, 0x6f, 0x9b, 0x84, 0x7f, 0x81, 0x85,
    0x65, 0x85, 0xa3, 0x63, 0x6a, 0x8b, 0x85, 0x5a, 0x86, 0x97,
    0x80, 0x6e, 0x7a, 0x70, 0x86, 0x83, 0x72, 0x92, 0x52, 0x5d,
    0x96, 0xa2, 0x73, 0x80, 0x9a, 0x8e, 0x6d, 0x6a, 0x85, 0x9b,
    0x74, 0x6e, 0x7f, 0x6a, 0x83, 0xa7, 0x99, 0x57, 0x5c, 0x86,
    0x9a, 0x7c, 0x75, 0x62, 0x65, 0x83, 0xa0, 0x98, 0x5d, 0x70,
    0x89, 0x94, 0x93, 0x7b, 0x4f, 0x6a, 0x8c, 0x99, 0x9e, 0x6d,
    0x65, 0x85, 0x83, 0x82, 0x84, 0x91, 0x8b, 0x68, 0x7b, 0x94,
    0x78, 0x7c, 0x76, 0x61, 0x86, 0xa9, 0x7d, 0x4c, 0x5b, 0x95,
    0xa0, 0x74, 0x66, 0x5d, 0x64, 0x8f, 0x94, 0x7a, 0x84, 0x70,
    0x7e, 0x97, 0x6d, 0x74, 0x91, 0x85, 0x69, 0x77, 0x80, 0x71,
    0x7a, 0xa8, 0x99, 0x53, 0x5f, 0x8a, 0x97, 0x7b, 0x77, 0x64,
    0x62, 0x84, 0x9f, 0x99, 0x67, 0x6e, 0x85, 0x90, 0x97, 0x7e,
    0x52, 0x64, 0x8d, 0x97, 0xa1, 0x6e, 0x66, 0x85, 0x85, 0x83,
    0x83, 0x92, 0x8b, 0x6a, 0x76, 0x97, 0x7a, 0x7b, 0x75, 0x65,
    0x82, 0xa8, 0x7e, 0x4d, 0x58, 0x99, 0xa5, 0x71, 0x67, 0x4f,
    0x6f, 0xa3, 0x92, 0x64, 0x8b, 0x6d, 0x69, 0x96, 0x75, 0x7f,
    0x99, 0x6c, 0x65, 0x85, 0x82, 0x80, 0x72, 0x95, 0x8c, 0x60,
    0x76, 0x90, 0x82, 0x78, 0x81, 0x79, 0x6f, 0x86, 0x87, 0x83,
    0x9d, 0x78, 0x5e, 0x7a, 0x93, 0xa0, 0x7f, 0x54, 0x77, 0x85,
    0x9e, 0xa1, 0x5b, 0x72, 0x8e, 0x77, 0x9d, 0x9c, 0x6e, 0xa8,
    0x7b, 0x51, 0x81, 0xa5, 0x99, 0x66, 0x5b, 0x8e, 0xa5, 0x78,
    0x61, 0x66, 0xae, 0xa2, 0x48, 0x60, 0xa4, 0x88, 0x68, 0x6a,
    0x88, 0x7d, 0x6b, 0x78, 0x88, 0x96, 0x6e, 0x78, 0x6a, 0x71,
    0x76, 0x81, 0xa3, 0x5f, 0x54, 0x9b, 0x7a, 0x7a, 0x75, 0x78,
    0xaa, 0x71, 0x52, 0x80, 0x89, 0x98, 0x80, 0x70, 0x74, 0x62,
    0x91, 0x99, 0x72, 0x73, 0x91, 0x8c, 0x73, 0x5c, 0x7b, 0xb0,
    0x77, 0x4e, 0x75, 0xa5, 0xa8, 0x68, 0x50, 0x6a, 0x93, 0x9d,
    0x86, 0x67, 0x69, 0x81, 0x94, 0xa3, 0x6e, 0x68, 0x94, 0x98,
    0x6e, 0x65, 0x85, 0x99, 0x96, 0x4d, 0x70, 0x95, 0x9d, 0x8e,
    0x3e, 0x69, 0x9e, 0xa9, 0x70, 0x4c, 0x7a, 0x9b, 0x98, 0x6a,
    0x67, 0x9e, 0x8f, 0x60, 0x73, 0x95, 0xa5, 0x7d, 0x4e, 0x77,
    0x85, 0x94, 0xaa, 0x67, 0x6d, 0x83, 0x7d, 0xa0, 0x9a, 0x67,
    0x8e, 0x80, 0x6b, 0x79, 0x81, 0x96, 0x7c, 0x6f, 0x7c, 0x8d,
    0x84, 0x7a, 0x5e, 0x91, 0xa5, 0x5c, 0x5d, 0x9a, 0x8c, 0x6e,
    0x67, 0x8b, 0x8a, 0x61, 0x77, 0x8a, 0x97, 0x6f, 0x72, 0x75,
    0x72, 0x76, 0x7a, 0xa4, 0x70, 0x4c, 0x92, 0x82, 0x78, 0x7a,
    0x6e, 0xa7, 0x81, 0x4f, 0x78, 0x87, 0x97, 0x87, 0x6f, 0x76,
    0x62, 0x86, 0x9f, 0x76, 0x6f, 0x8b, 0x90, 0x76, 0x5f, 0x6f,
    0xaf, 0x87, 0x4c, 0x6a, 0x9d, 0xb1, 0x76, 0x4e, 0x5e, 0x8d,
    0xa2, 0x91, 0x6f, 0x60, 0x79, 0x93, 0xa7, 0x77, 0x66, 0x8c,
    0x9d, 0x78, 0x59, 0x80, 0xa1, 0xa2, 0x51, 0x5e, 0x9b, 0x9c,
    0x93, 0x44, 0x5d, 0x98, 0xb0, 0x82, 0x3d, 0x6d, 0xa7, 0xa8,
    0x66, 0x57, 0x8e, 0x99, 0x70, 0x70, 0x8f, 0x9b, 0x80, 0x55,
    0x7b, 0x86, 0x85, 0x9e, 0x77, 0x77, 0x77, 0x7a, 0xa3, 0x88,
    0x6a, 0x70, 0x6e, 0x95, 0x8e, 0x4e, 0x70, 0x94, 0x9f, 0x7f,
    0x4d, 0x7e, 0xad, 0x77, 0x5d, 0x72, 0x83, 0x8c, 0x83, 0x71,
    0x80, 0x75, 0x92, 0xa5, 0x5a, 0x71, 0xa2, 0x8a, 0x6b, 0x6b,
    0x96, 0xa3, 0x78, 0x7a, 0x83, 0x86, 0x81, 0x75, 0x73, 0x9a,
    0x8f, 0x5b, 0x79, 0x87, 0x88, 0x69, 0x68, 0x97, 0x8c, 0x69,
    0x6f, 0x84, 0xa4, 0x80, 0x5b, 0x63, 0x7f, 0xa1, 0x69, 0x6e,
    0x88, 0x93, 0x75, 0x6f, 0x95, 0x5f, 0x61, 0xa1, 0x9c, 0x50,
    0x62, 0x99, 0x9c, 0x81, 0x64, 0x69, 0x86, 0xa7, 0x79, 0x4b,
    0x85, 0xb4, 0x82, 0x50, 0x77, 0xb0, 0x8b, 0x5c, 0x73, 0xab,
    0x8c, 0x6d, 0x6a, 0x7a, 0x98, 0xa2, 0x8d, 0x4f, 0x64, 0xa9,
    0xb8, 0x62, 0x4a, 0x90, 0xad, 0x7b, 0x68, 0x93, 0x9e, 0x71,
    0x4f, 0x82, 0xaa, 0x74, 0x71, 0x89, 0x8f, 0x86, 0x65, 0x85,
    0x88, 0x80, 0x88, 0x61, 0x74, 0x8f, 0x6f, 0x7c, 0x7b, 0x83,
    0x8e, 0x69, 0x6e, 0x97, 0x90, 0x63, 0x61, 0x7b, 0x99, 0x84,
    0x63, 0x7b, 0x86, 0x89, 0x98, 0x61, 0x6d, 0xa4, 0x89, 0x65,
    0x6c, 0x93, 0xa3, 0x76, 0x79, 0x88, 0x86, 0x81, 0x74, 0x71,
    0x95, 0x99, 0x5e, 0x70, 0x88, 0x8a, 0x6f, 0x62, 0x8f, 0x95,
    0x6c, 0x6b, 0x7e, 0xa1, 0x8c, 0x5c, 0x63, 0x74, 0xa4, 0x72,
    0x68, 0x86, 0x91, 0x7d, 0x69, 0x97, 0x69, 0x55, 0x95, 0xaa,
    0x5d, 0x56, 0x90, 0x9c, 0x88, 0x6a, 0x67, 0x7e, 0x9f, 0x85,
    0x4d, 0x76, 0xb0, 0x8e, 0x58, 0x6c, 0xaa, 0x8b, 0x62, 0x7a,
    0xa4, 0x91, 0x5f, 0x73, 0x8b, 0x93, 0x95, 0x8c, 0x68, 0x65,
    0x99, 0xb3, 0x70, 0x4d, 0x8a, 0xaa, 0x89, 0x6a, 0x8b, 0x9c,
    0x69, 0x57, 0x83, 0xba, 0x7f, 0x43, 0x86, 0xa5, 0x99, 0x66,
    0x60, 0x76, 0x92, 0xaa, 0x6b, 0x50, 0x74, 0x9b, 0xa9, 0x66,
    0x4d, 0x82, 0xa5, 0x7f, 0x59, 0x9b, 0x8f, 0x54, 0x67, 0xa8,
    0x8c, 0x46, 0x6b, 0xa8, 0x96, 0x4b, 0x5e, 0x93, 0xa7, 0x6d,
    0x46, 0x7a, 0xa7, 0x7f, 0x4d, 0x86, 0xa3, 0x8c, 0x68, 0x60,
    0x7a, 0x98, 0x99, 0x67, 0x5b, 0x7a, 0xa7, 0x8e, 0x4c, 0x70,
    0xa3, 0x8a, 0x64, 0x8a, 0x9c, 0x6d, 0x68, 0x8e, 0x88, 0x7f,
    0x87, 0x81, 0x74, 0x79, 0x7b, 0x8a, 0x9b, 0x6f, 0x64, 0x87,
    0x97, 0x7e, 0x7b, 0x6c, 0x65, 0x85, 0x9a, 0x8f, 0x55, 0x67,
    0x99, 0x9b, 0x5f, 0x77, 0x9b, 0x70, 0x68, 0x85, 0x8e, 0x74,
    0x86, 0x88, 0x7a, 0x72, 0x7b, 0x86, 0x87, 0x7a, 0x76, 0x88,
    0x7c, 0x6c, 0x8e, 0x9e, 0x6c, 0x61, 0x8b, 0x9b, 0x88, 0x78,
    0x85, 0x83, 0x7c, 0x74, 0x75, 0x9c, 0x7f, 0x64, 0x8c, 0x8d,
    0x89, 0x7f, 0x62, 0x64, 0x98, 0xb1, 0x6a, 0x46, 0x70, 0xad,
    0xa5, 0x4e, 0x51, 0x91, 0xa2, 0x76, 0x6a, 0x92, 0x7a, 0x5b,
    0x7b, 0xa4, 0x77, 0x51, 0x7b, 0x9e, 0x8a, 0x57, 0x63, 0x94,
    0xa3, 0x63, 0x4e, 0x86, 0xa1, 0x70, 0x56, 0x8f, 0x9c, 0x84,
    0x6b, 0x64, 0x79, 0x97, 0x97, 0x64, 0x5a, 0x7b, 0xab, 0x87,
    0x4a, 0x77, 0xa2, 0x86, 0x63, 0x91, 0x99, 0x6a, 0x6c, 0x90,
    0x86, 0x7f, 0x87, 0x7f, 0x74, 0x79, 0x7a, 0x8d, 0x9b, 0x69,
    0x69, 0x8b, 0x94, 0x7a, 0x7e, 0x6c, 0x65, 0x83, 0x9e, 0x8e,
    0x53, 0x6a, 0x97, 0x9b, 0x64, 0x7c, 0x8f, 0x6a, 0x73, 0x89,
    0x80, 0x73, 0x92, 0x86, 0x69, 0x6e, 0x88, 0x89, 0x83, 0x6e,
    0x6d, 0x87, 0x86, 0x71, 0x83, 0x8a, 0x71, 0x74, 0x87, 0x87,
    0x88, 0x83, 0x7a, 0x72, 0x92, 0x8a, 0x66, 0x79, 0x88, 0x8b,
    0x84, 0x6c, 0x7c, 0x9f, 0x67, 0x5b, 0x93, 0xa9, 0x74, 0x4e,
    0x72, 0xb0, 0x8a, 0x4a, 0x6e, 0x9a, 0x87, 0x79, 0x91, 0x69,
    0x5e, 0x89, 0x9f, 0x74, 0x5d, 0x8d, 0x93, 0x61, 0x7c, 0x99,
    0x70, 0x7c, 0x7e, 0x69, 0x8a, 0x9f, 0x62, 0x5b, 0x9a, 0x94,
    0x57, 0x6c, 0x9d, 0x8c, 0x59, 0x6a, 0xa0, 0x8a, 0x57, 0x6b,
    0x91, 0x89, 0x74, 0x67, 0x70, 0x87, 0x95, 0x86, 0x5b, 0x69,
    0xa7, 0x8a, 0x56, 0x71, 0x95, 0x82, 0x81, 0x8b, 0x6d, 0x78,
    0xa1, 0x73, 0x5a, 0x96, 0x9d, 0x71, 0x7e, 0x87, 0x6f, 0x76,
    0x96, 0x9c, 0x62, 0x65, 0xa5, 0x96, 0x6a, 0x73, 0x82, 0x7f,
    0x8c, 0x92, 0x6b, 0x6a, 0x98, 0x92, 0x7c, 0x65, 0x77, 0x91,
    0x8d, 0x81, 0x67, 0x78, 0x97, 0x76, 0x74, 0x85, 0x76, 0x89,
    0x8b, 0x6c, 0x81, 0x98, 0x76, 0x6e, 0x8d, 0x73, 0x6b, 0x88,
    0x88, 0x7e, 0x80, 0x7b, 0x7b, 0x88, 0x74, 0x63, 0x88, 0xab,
    0x71, 0x45, 0x7c, 0xb2, 0x78, 0x4f, 0x7d, 0x96, 0x7f, 0x77,
    0x8f, 0x71, 0x5e, 0x88, 0x9e, 0x67, 0x61, 0x9a, 0x8b, 0x5a,
    0x82, 0x96, 0x71, 0x7c, 0x75, 0x6d, 0x92, 0x97, 0x57, 0x60,
    0xa2, 0x8e, 0x51, 0x70, 0xa2, 0x87, 0x54, 0x73, 0xa0, 0x85,
    0x56, 0x6f, 0x91, 0x88, 0x70, 0x67, 0x73, 0x89, 0x95, 0x83,
    0x58, 0x6e, 0xab, 0x83, 0x54, 0x77, 0x94, 0x81, 0x82, 0x8a,
    0x69, 0x7d, 0x9f, 0x6f, 0x5e, 0x9a, 0x99, 0x6e, 0x82, 0x86,
    0x71, 0x76, 0x95, 0x99, 0x63, 0x6c, 0xa5, 0x8f, 0x6d, 0x73,
    0x80, 0x84, 0x91, 0x8f, 0x66, 0x6e, 0x98, 0x92, 0x80, 0x65,
    0x74, 0x92, 0x8f, 0x89, 0x66, 0x77, 0x9b, 0x77, 0x70, 0x81,
    0x7d, 0x93, 0x87, 0x5e, 0x81, 0x9d, 0x72, 0x73, 0x80, 0x67,
    0x79, 0x91, 0x82, 0x72, 0x7e, 0x8f, 0x72, 0x70, 0x90, 0x6e,
    0x77, 0x9e, 0x76, 0x54, 0x88, 0x98, 0x69, 0x73, 0x8c, 0x81,
    0x75, 0x72, 0x8a, 0x90, 0x69, 0x7e, 0x8a, 0x5f, 0x7c, 0xa0,
    0x74, 0x60, 0x83, 0x89, 0x85, 0x76, 0x64, 0x8e, 0x96, 0x6f,
    0x5c, 0x80, 0x9d, 0x7e, 0x5c, 0x79, 0xa3, 0x74, 0x6a, 0x95,
    0x71, 0x74, 0x91, 0x78, 0x89, 0x81, 0x61, 0x87, 0x9b, 0x6f,
    0x6a, 0x9d, 0x79, 0x7b, 0x92, 0x60, 0x82, 0xa1, 0x65, 0x78,
    0x9e, 0x69, 0x6e, 0xa2, 0x86, 0x5b, 0x7f, 0x9f, 0x6c, 0x7f,
    0x8d, 0x6f, 0x85, 0x7a, 0x97, 0x88, 0x52, 0x8d, 0xa2, 0x7e,
    0x67, 0x78, 0x8b, 0x88, 0x8f, 0x6b, 0x75, 0xa3, 0x6d, 0x61,
    0x99, 0x8c, 0x6c, 0x8f, 0x8c, 0x57, 0x8b, 0x95, 0x73, 0x7b,
    0x7d, 0x7d, 0x6a, 0x85, 0x99, 0x66, 0x74, 0x99, 0x6c, 0x7e,
    0x8f, 0x60, 0x82, 0x95, 0x69, 0x6d, 0x8f, 0x80, 0x6f, 0x77,
    0x8b, 0x81, 0x6d, 0x7d, 0x97, 0x7a, 0x68, 0x92, 0x76, 0x5b,
    0x95, 0x98, 0x63, 0x66, 0x8e, 0x86, 0x7e, 0x70, 0x71, 0x91,
    0x8c, 0x6a, 0x5f, 0x89, 0x9c, 0x74, 0x5c, 0x87, 0xa0, 0x66,
    0x78, 0x91, 0x68, 0x81, 0x8c, 0x77, 0x8e, 0x76, 0x66, 0x93,
    0x95, 0x65, 0x79, 0x9b, 0x70, 0x87, 0x88, 0x5d, 0x95, 0x92,
    0x5f, 0x88, 0x95, 0x5f, 0x80, 0xa3, 0x74, 0x5c, 0x94, 0x94,
    0x5e, 0x8d, 0x86, 0x73, 0x85, 0x78, 0x9a, 0x75, 0x60, 0x9d,
    0x92, 0x72, 0x6a, 0x8b, 0x88, 0x85, 0x86, 0x62, 0x96, 0x99,
    0x51, 0x77, 0xa8, 0x81, 0x67, 0x90, 0x87, 0x63, 0x8d, 0x83,
    0x80, 0x7b, 0x89, 0x8b, 0x58, 0x8d, 0xa0, 0x5a, 0x78, 0x97,
    0x73, 0x8d, 0x7e, 0x6a, 0x81, 0x7c, 0x80, 0x96, 0x6c, 0x76,
    0x89, 0x6f, 0x8a, 0x7d, 0x70, 0x95, 0x88, 0x5e, 0x8b, 0x94,
    0x5b, 0x82, 0x9a, 0x77, 0x6a, 0x80, 0x96, 0x72, 0x66, 0x95,
    0x8e, 0x61, 0x7d, 0x91, 0x63, 0x77, 0x93, 0x8c, 0x68, 0x6d,
    0x8e, 0x78, 0x8a, 0x77, 0x67, 0x94, 0x78, 0x62, 0x93, 0x93,
    0x68, 0x7a, 0x8e, 0x6a, 0x7c, 0x89, 0x80, 0x72, 0x82, 0x96,
    0x68, 0x75, 0x8e, 0x86, 0x7d, 0x72, 0x87, 0x92, 0x70, 0x6c,
    0xa7, 0x76, 0x60, 0xac, 0x76, 0x65, 0x99, 0x84, 0x84, 0x73,
    0x72, 0x93, 0x8e, 0x6f, 0x77, 0xa4, 0x68, 0x75, 0x8f, 0x75,
    0x94, 0x78, 0x68, 0x86, 0x96, 0x75, 0x6d, 0x93, 0x71, 0x6e,
    0x9e, 0x77, 0x6c, 0x8d, 0x8a, 0x70, 0x61, 0x99, 0x89, 0x5d,
    0x8a, 0x8a, 0x72, 0x8c, 0x79, 0x6e, 0x80, 0x7a, 0x8e, 0x83,
    0x6a, 0x85, 0x79, 0x76, 0x90, 0x75, 0x78, 0x95, 0x7a, 0x69,
    0x97, 0x7d, 0x5e, 0x8c, 0x95, 0x71, 0x69, 0x8b, 0x92, 0x65,
    0x70, 0x9b, 0x7d, 0x64, 0x8c, 0x83, 0x61, 0x80, 0x94, 0x86,
    0x61, 0x78, 0x8a, 0x77, 0x8d, 0x6b, 0x73, 0x95, 0x6b, 0x6c,
    0x9b, 0x88, 0x65, 0x85, 0x86, 0x67, 0x84, 0x87, 0x7e, 0x70,
    0x8d, 0x8d, 0x62, 0x80, 0x8e, 0x84, 0x79, 0x76, 0x8b, 0x8c,
    0x68, 0x7d, 0xa3, 0x62, 0x77, 0xaa, 0x65, 0x74, 0x9c, 0x7d,
    0x80, 0x73, 0x7b, 0x8e, 0x8a, 0x6d, 0x89, 0x9b, 0x59, 0x7f,
    0x8f, 0x80, 0x86, 0x71, 0x7f, 0x82, 0x89, 0x72, 0x7a, 0x88,
    0x6b, 0x82, 0x9c, 0x64, 0x70, 0x9a, 0x77, 0x6b, 0x7a, 0x8a,
    0x79, 0x76, 0x89, 0x7e, 0x73, 0x87, 0x7c, 0x78, 0x78, 0x88,
    0x87, 0x67, 0x87, 0x80, 0x6c, 0x86, 0x85, 0x78, 0x7a, 0x7c,
    0x7d, 0x8e, 0x77, 0x6d, 0x7b, 0x7b, 0x94, 0x6d, 0x71, 0x92,
    0x7c, 0x68, 0x89, 0x7c, 0x69, 0x9a, 0x83, 0x66, 0x7d, 0x76,
    0x7d, 0x9a, 0x77, 0x71, 0x72, 0x82, 0x8b, 0x72, 0x7f, 0x87,
    0x7a, 0x75, 0x97, 0x74, 0x7c, 0x7f, 0x77, 0x83, 0x73, 0x95,
    0x88, 0x6f, 0x7a, 0x8d, 0x73, 0x82, 0x8f, 0x72, 0x79, 0x89,
    0x82, 0x71, 0x8a, 0x86, 0x7e, 0x74, 0x78, 0x86, 0x89, 0x74,
    0x88, 0x78, 0x6e, 0x92, 0x7e, 0x90, 0x74, 0x6b, 0x79, 0x91,
    0x78, 0x7a, 0x8a, 0x78, 0x86, 0x71, 0x80, 0x7d, 0x8f, 0x6d,
    0x74, 0x90, 0x63, 0x81, 0x93, 0x71, 0x74, 0x7e, 0x83, 0x85,
    0x75, 0x80, 0x79, 0x7b, 0x7f, 0x85, 0x82, 0x6f, 0x7c, 0x88,
    0x81, 0x80, 0x7a, 0x7f, 0x89, 0x78, 0x7f, 0x7b, 0x73, 0x97,
    0x85, 0x6e, 0x7e, 0x8b, 0x7b, 0x7b, 0x8b, 0x6e, 0x88, 0x87,
    0x76, 0x85, 0x78, 0x82, 0x86, 0x77, 0x8b, 0x85, 0x6b, 0x7f,
    0x7d, 0x71, 0x94, 0x7b, 0x71, 0x7f, 0x88, 0x81, 0x6c, 0x7e,
    0x81, 0x83, 0x72, 0x7c, 0x83, 0x7e, 0x78, 0x81, 0x7e, 0x81,
    0x88, 0x76, 0x72, 0x79, 0x8f, 0x91, 0x75, 0x7a, 0x7e, 0x7c,
    0x8d, 0x81, 0x7c, 0x78, 0x80, 0x87, 0x80, 0x82, 0x84, 0x7d,
    0x7e, 0x76, 0x89, 0x89, 0x74, 0x81, 0x87, 0x7a, 0x7e, 0x85,
    0x7f, 0x7d, 0x7f, 0x72, 0x87, 0x94, 0x6d, 0x8b, 0x7a, 0x6d,
    0x7d, 0x83, 0x8a, 0x84, 0x7c, 0x70, 0x78, 0x78, 0x8f, 0x88,
    0x75, 0x72, 0x81, 0x74, 0x82, 0x92, 0x6c, 0x73, 0x7d, 0x72,
    0x82, 0x88, 0x74, 0x83, 0x7f, 0x6c, 0x82, 0x7b, 0x80, 0x7d,
    0x67, 0x81, 0x92, 0x74, 0x72, 0x80, 0x6b, 0x85, 0x96, 0x71,
    0x71, 0x75, 0x7e, 0x8c, 0x83, 0x71, 0x72, 0x81, 0x87, 0x7c,
    0x76, 0x80, 0x8a, 0x72, 0x7c, 0x88, 0x7b, 0x87, 0x72, 0x7b,
    0x77, 0x89, 0x95, 0x77, 0x6c, 0x7d, 0x8d, 0x78, 0x88, 0x81,
    0x73, 0x7f, 0x88, 0x76, 0x7b, 0x91, 0x82, 0x79, 0x6f, 0x78,
    0x90, 0x86, 0x75, 0x88, 0x67, 0x83, 0x8f, 0x82, 0x86, 0x6d,
    0x70, 0x84, 0x8f, 0x72, 0x85, 0x7d, 0x81, 0x7e, 0x73, 0x82,
    0x7f, 0x87, 0x67, 0x8b, 0x7d, 0x64, 0x93, 0x84, 0x6d, 0x7d,
    0x7f, 0x86, 0x7e, 0x75, 0x83, 0x7a, 0x7c, 0x80, 0x86, 0x79,
    0x75, 0x84, 0x82, 0x80, 0x7e, 0x7a, 0x86, 0x82, 0x75, 0x84,
    0x73, 0x7f, 0x98, 0x75, 0x73, 0x84, 0x8a, 0x74, 0x87, 0x80,
    0x71, 0x91, 0x7b, 0x7c, 0x82, 0x77, 0x89, 0x7c, 0x7d, 0x8f,
    0x77, 0x6f, 0x84, 0x72, 0x7f, 0x91, 0x70, 0x77, 0x81, 0x8a,
    0x75, 0x72, 0x80, 0x83, 0x7c, 0x72, 0x81, 0x82, 0x7b, 0x78,
    0x84, 0x7c, 0x88, 0x81, 0x72, 0x74, 0x81, 0x92, 0x88, 0x74,
    0x7b, 0x7b, 0x86, 0x89, 0x7c, 0x7a, 0x7b, 0x87, 0x83, 0x7d,
    0x87, 0x82, 0x77, 0x81, 0x7c, 0x8e, 0x7f, 0x74, 0x8b, 0x83,
    0x78, 0x80, 0x86, 0x80, 0x7c, 0x7f, 0x75, 0x8f, 0x86, 0x79,
    0x88, 0x6a, 0x7c, 0x82, 0x85, 0x8b, 0x87, 0x70, 0x6f, 0x7b,
    0x7e, 0x95, 0x82, 0x72, 0x75, 0x79, 0x7a, 0x94, 0x80, 0x6e,
    0x78, 0x71, 0x76, 0x8f, 0x7f, 0x75, 0x82, 0x6f, 0x7d, 0x87,
    0x7d, 0x77, 0x74, 0x73, 0x8a, 0x88, 0x78, 0x79, 0x71, 0x7a,
    0x90, 0x80, 0x77, 0x76, 0x77, 0x90, 0x7c, 0x77, 0x75, 0x7f,
    0x8e, 0x78, 0x7c, 0x78, 0x84, 0x87, 0x73, 0x76, 0x84, 0x8e,
    0x7b, 0x75, 0x72, 0x84, 0x93, 0x7d, 0x76, 0x6d, 0x7f, 0x91,
    0x7f, 0x7a, 0x7e, 0x7d, 0x7e, 0x7a, 0x78, 0x8d, 0x8d, 0x7d,
    0x76, 0x6e, 0x80, 0x96, 0x83, 0x78, 0x78, 0x75, 0x8f, 0x8a,
    0x77, 0x7f, 0x7a, 0x7f, 0x80, 0x8b, 0x83, 0x72, 0x80, 0x8b,
    0x79, 0x7e, 0x84, 0x78, 0x7f, 0x88, 0x7f, 0x7a, 0x88, 0x7b,
    0x7d, 0x7c, 0x7d, 0x80, 0x83, 0x7f, 0x81, 0x86, 0x70, 0x76,
    0x7b, 0x85, 0x8d, 0x7f, 0x6d, 0x76, 0x7a, 0x8c, 0x8b, 0x6f,
    0x70, 0x78, 0x7c, 0x85, 0x85, 0x72, 0x80, 0x75, 0x79, 0x85,
    0x81, 0x7b, 0x72, 0x72, 0x7f, 0x8c, 0x7a, 0x7d, 0x72, 0x74,
    0x8c, 0x87, 0x76, 0x79, 0x71, 0x8b, 0x84, 0x76, 0x78, 0x78,
    0x8e, 0x7d, 0x79, 0x7a, 0x7e, 0x8b, 0x78, 0x73, 0x7f, 0x8d,
    0x82, 0x74, 0x74, 0x7b, 0x94, 0x84, 0x77, 0x6f, 0x77, 0x91,
    0x85, 0x78, 0x7e, 0x7e, 0x7d, 0x7e, 0x76, 0x86, 0x8e, 0x81,
    0x78, 0x6f, 0x76, 0x93, 0x8b, 0x79, 0x7a, 0x72, 0x86, 0x91,
    0x79, 0x78, 0x7f, 0x7e, 0x7f, 0x88, 0x84, 0x75, 0x7b, 0x86,
    0x81, 0x7a, 0x85, 0x75, 0x7c, 0x8a, 0x8a, 0x78, 0x77, 0x84,
    0x73, 0x81, 0x8a, 0x7f, 0x7f, 0x7b, 0x6e, 0x90, 0x87, 0x73,
    0x7d, 0x75, 0x7d, 0x97, 0x74, 0x70, 0x82, 0x84, 0x86, 0x7d,
    0x6d, 0x76, 0x9b, 0x80, 0x74, 0x79, 0x79, 0x7b, 0x86, 0x7a,
    0x7e, 0x8c, 0x70, 0x7a, 0x77, 0x77, 0x7b, 0x8c, 0x88, 0x6b,
    0x84, 0x77, 0x7e, 0x8c, 0x66, 0x7f, 0x76, 0x78, 0x9a, 0x79,
    0x74, 0x6f, 0x86, 0x87, 0x7b, 0x69, 0x7d, 0x93, 0x74, 0x77,
    0x69, 0x84, 0x90, 0x77, 0x6c, 0x87, 0x82, 0x79, 0x76, 0x6f,
    0x86, 0x86, 0x8b, 0x78, 0x70, 0x6f, 0x80, 0x8f, 0x90, 0x77,
    0x77, 0x74, 0x7c, 0x95, 0x86, 0x78, 0x70, 0x84, 0x85, 0x8b,
    0x7b, 0x76, 0x89, 0x77, 0x84, 0x87, 0x83, 0x7a, 0x6f, 0x8d,
    0x8b, 0x74, 0x88, 0x7a, 0x7a, 0x7e, 0x89, 0x87, 0x77, 0x76,
    0x7a, 0x87, 0x85, 0x7d, 0x80, 0x86, 0x6e, 0x80, 0x85, 0x77,
    0x85, 0x7c, 0x6f, 0x8f, 0x80, 0x72, 0x7e, 0x77, 0x87, 0x89,
    0x73, 0x68, 0x8e, 0x90, 0x74, 0x75, 0x72, 0x7c, 0x87, 0x82,
    0x76, 0x87, 0x76, 0x78, 0x7d, 0x75, 0x78, 0x82, 0x93, 0x71,
    0x7b, 0x7d, 0x74, 0x91, 0x6d, 0x75, 0x7e, 0x6e, 0x98, 0x83,
    0x73, 0x70, 0x7e, 0x8c, 0x7d, 0x6f, 0x70, 0x97, 0x7a, 0x77,
    0x6c, 0x76, 0x94, 0x7e, 0x6d, 0x7e, 0x88, 0x78, 0x7a, 0x6d,
    0x7f, 0x87, 0x8a, 0x80, 0x71, 0x6e, 0x7b, 0x8d, 0x90, 0x7d,
    0x73, 0x79, 0x77, 0x92, 0x87, 0x7c, 0x6e, 0x81, 0x89, 0x84,
    0x81, 0x73, 0x8a, 0x7c, 0x7e, 0x8a, 0x80, 0x7f, 0x6f, 0x84,
    0x94, 0x75, 0x85, 0x7f, 0x7d, 0x79, 0x7f, 0x8c, 0x83, 0x70,
    0x75, 0x90, 0x84, 0x78, 0x7e, 0x8c, 0x7b, 0x77, 0x78, 0x78,
    0x8e, 0x8a, 0x6f, 0x7a, 0x7f, 0x82, 0x84, 0x66, 0x78, 0x99,
    0x80, 0x6f, 0x6e, 0x8c, 0x88, 0x71, 0x66, 0x7d, 0x8f, 0x8b,
    0x81, 0x61, 0x76, 0x85, 0x8e, 0x84, 0x70, 0x6a, 0x88, 0x93,
    0x79, 0x70, 0x6d, 0x87, 0x82, 0x80, 0x76, 0x7c, 0x8b, 0x77,
    0x6e, 0x74, 0x86, 0x87, 0x75, 0x75, 0x81, 0x86, 0x7b, 0x7f,
    0x7d, 0x71, 0x7a, 0x7d, 0x81, 0x78, 0x78, 0x92, 0x85, 0x6e,
    0x6e, 0x84, 0x8b, 0x7c, 0x6f, 0x74, 0x91, 0x86, 0x7b, 0x76,
    0x81, 0x87, 0x78, 0x78, 0x7e, 0x88, 0x8b, 0x7a, 0x79, 0x7b,
    0x89, 0x8b, 0x7c, 0x76, 0x75, 0x89, 0x80, 0x86, 0x81, 0x76,
    0x85, 0x77, 0x90, 0x88, 0x75, 0x73, 0x85, 0x8f, 0x84, 0x71,
    0x74, 0x93, 0x81, 0x77, 0x73, 0x91, 0x89, 0x74, 0x76, 0x75,
    0x89, 0x94, 0x76, 0x71, 0x7b, 0x83, 0x8d, 0x72, 0x6c, 0x8b,
    0x88, 0x73, 0x6e, 0x86, 0x8f, 0x75, 0x66, 0x72, 0x8e, 0x89,
    0x88, 0x69, 0x70, 0x83, 0x88, 0x86, 0x75, 0x6c, 0x7c, 0x95,
    0x7c, 0x75, 0x6d, 0x7f, 0x86, 0x7e, 0x7b, 0x76, 0x8a, 0x7e,
    0x6e, 0x71, 0x80, 0x8b, 0x78, 0x73, 0x7c, 0x86, 0x7f, 0x7c,
    0x80, 0x73, 0x77, 0x7e, 0x7f, 0x7d, 0x73, 0x8c, 0x8e, 0x73,
    0x6c, 0x7c, 0x8d, 0x80, 0x74, 0x70, 0x8d, 0x8c, 0x7b, 0x75,
    0x7e, 0x89, 0x7e, 0x74, 0x79, 0x82, 0x91, 0x81, 0x74, 0x77,
    0x83, 0x91, 0x80, 0x73, 0x73, 0x83, 0x81, 0x82, 0x8c, 0x7a,
    0x7a, 0x74, 0x8d, 0x90, 0x76, 0x6f, 0x82, 0x91, 0x82, 0x77,
    0x75, 0x94, 0x80, 0x77, 0x71, 0x86, 0x96, 0x7a, 0x75, 0x78,
    0x81, 0x90, 0x82, 0x73, 0x73, 0x7e, 0x91, 0x84, 0x7a, 0x71,
    0x7d, 0x7d, 0x7d, 0x85, 0x8b, 0x80, 0x6d, 0x76, 0x80, 0x84,
    0x7e, 0x7f, 0x82, 0x88, 0x73, 0x72, 0x77, 0x84, 0x88, 0x79,
    0x74, 0x80, 0x95, 0x7d, 0x73, 0x73, 0x82, 0x85, 0x71, 0x85,
    0x8f, 0x7e, 0x6f, 0x69, 0x88, 0x99, 0x76, 0x71, 0x6e, 0x7d,
    0x87, 0x86, 0x87, 0x74, 0x69, 0x7a, 0x96, 0x82, 0x6c, 0x68,
    0x8a, 0x9b, 0x7a, 0x6e, 0x75, 0x90, 0x82, 0x7b, 0x73, 0x7c,
    0x7c, 0x88, 0x93, 0x7f, 0x70, 0x71, 0x90, 0x90, 0x77, 0x6d,
    0x87, 0x8e, 0x83, 0x79, 0x7b, 0x85, 0x7f, 0x7a, 0x85, 0x82,
    0x77, 0x76, 0x84, 0x92, 0x7f, 0x6e, 0x76, 0x95, 0x8c, 0x77,
    0x6a, 0x8b, 0x96, 0x7c, 0x6a, 0x77, 0x9c, 0x87, 0x71, 0x6e,
    0x86, 0x96, 0x84, 0x6f, 0x6d, 0x7c, 0x95, 0x86, 0x76, 0x71,
    0x7e, 0x7e, 0x77, 0x82, 0x8d, 0x85, 0x6c, 0x70, 0x82, 0x85,
    0x7e, 0x7d, 0x82, 0x8b, 0x78, 0x6d, 0x75, 0x80, 0x8d, 0x7b,
    0x74, 0x7b, 0x93, 0x85, 0x71, 0x74, 0x7b, 0x89, 0x73, 0x7b,
    0x92, 0x82, 0x74, 0x68, 0x7d, 0x9a, 0x81, 0x6f, 0x6f, 0x76,
    0x88, 0x84, 0x89, 0x79, 0x6a, 0x71, 0x92, 0x8a, 0x71, 0x66,
    0x7e, 0x9f, 0x83, 0x6e, 0x70, 0x8d, 0x88, 0x79, 0x75, 0x79,
    0x80, 0x7f, 0x95, 0x86, 0x76, 0x6d, 0x86, 0x92, 0x81, 0x6d,
    0x7f, 0x8f, 0x81, 0x7f, 0x7c, 0x87, 0x80, 0x7a, 0x7d, 0x86,
    0x7a, 0x79, 0x7f, 0x8a, 0x86, 0x74, 0x73, 0x88, 0x92, 0x7a,
    0x6e, 0x7a, 0x97, 0x8e, 0x6e, 0x6d, 0x8f, 0x8f, 0x79, 0x67,
    0x81, 0x9c, 0x83, 0x71, 0x69, 0x7c, 0x93, 0x86, 0x70, 0x74,
    0x86, 0x84, 0x74, 0x77, 0x8e, 0x83, 0x72, 0x6b, 0x89, 0x8c,
    0x7a, 0x7c, 0x80, 0x8f, 0x7e, 0x68, 0x70, 0x89, 0x90, 0x7d,
    0x70, 0x88, 0x8c, 0x7d, 0x68, 0x80, 0x98, 0x82, 0x6c, 0x72,
    0x96, 0x88, 0x72, 0x67, 0x7d, 0x9a, 0x86, 0x6d, 0x76, 0x7c,
    0x87, 0x72, 0x7c, 0x96, 0x82, 0x67, 0x71, 0x90, 0x88, 0x77,
    0x6c, 0x8e, 0x87, 0x75, 0x6a, 0x77, 0x90, 0x96, 0x83, 0x68,
    0x67, 0x75, 0x95, 0x92, 0x7c, 0x69, 0x6b, 0x86, 0x91, 0x84,
    0x75, 0x6e, 0x74, 0x83, 0x86, 0x92, 0x7c, 0x65, 0x73, 0x93,
    0x8b, 0x70, 0x6b, 0x93, 0x92, 0x6f, 0x6c, 0x7b, 0xa0, 0x84,
    0x6e, 0x66, 0x8f, 0x97, 0x7c, 0x66, 0x7c, 0x9c, 0x82, 0x6c,
    0x70, 0x92, 0x8d, 0x88, 0x77, 0x75, 0x73, 0x8c, 0x8a, 0x87,
    0x7c, 0x70, 0x84, 0x79, 0x85, 0x7e, 0x7b, 0x7f, 0x76, 0x7f,
    0x89, 0x76, 0x7c, 0x85, 0x81, 0x6c, 0x6c, 0x8b, 0x8e, 0x90,
    0x6f, 0x6d, 0x80, 0x85, 0x86, 0x69, 0x77, 0x93, 0x7f, 0x78,
    0x65, 0x86, 0x83, 0x75, 0x70, 0x85, 0x90, 0x6b, 0x82, 0x7b,
    0x7f, 0x63, 0x7f, 0x8b, 0x8b, 0x6a, 0x68, 0x81, 0x99, 0x8d,
    0x59, 0x6b, 0x82, 0x97, 0x67, 0x81, 0x7a, 0x94, 0x7a, 0x70,
    0x73, 0x7c, 0x99, 0x73, 0x82, 0x71, 0x92, 0x83, 0x86, 0x71,
    0x80, 0x83, 0x88, 0x84, 0x7b, 0x8a, 0x70, 0x88, 0x86, 0x8b,
    0x7f, 0x76, 0x7a, 0x8b, 0x80, 0x7f, 0x80, 0x81, 0x80, 0x70,
    0x7b, 0x86, 0x89, 0x80, 0x6e, 0x79, 0x8f, 0x86, 0x7b, 0x75,
    0x89, 0x8b, 0x80, 0x75, 0x74, 0x89, 0x85, 0x79, 0x78, 0x79,
    0x96, 0x73, 0x72, 0x70, 0x86, 0x91, 0x70, 0x7d, 0x75, 0x80,
    0x72, 0x77, 0x86, 0x7b, 0x83, 0x79, 0x6d, 0x90, 0x71, 0x8b,
    0x6e, 0x7e, 0x91, 0x6b, 0x79, 0x6d, 0x8f, 0x7b, 0x7a, 0x75,
    0x93, 0x7c, 0x74, 0x67, 0x82, 0x8d, 0x83, 0x75, 0x76, 0x85,
    0x7e, 0x80, 0x65, 0x8c, 0x83, 0x79, 0x6b, 0x7f, 0x94, 0x7b,
    0x63, 0x8c, 0x8e, 0x7d, 0x66, 0x80, 0x9a, 0x71, 0x72, 0x7d,
    0x97, 0x7b, 0x77, 0x69, 0x8a, 0x8e, 0x90, 0x78, 0x62, 0x7a,
    0x82, 0x99, 0x80, 0x78, 0x6e, 0x81, 0x84, 0x8c, 0x7a, 0x71,
    0x77, 0x82, 0x86, 0x80, 0x89, 0x77, 0x69, 0x7c, 0x97, 0x81,
    0x6c, 0x71, 0x99, 0x7d, 0x72, 0x70, 0x8b, 0x99, 0x79, 0x67,
    0x71, 0x98, 0x91, 0x76, 0x60, 0x8a, 0x96, 0x7f, 0x64, 0x7e,
    0x8d, 0x92, 0x7f, 0x76, 0x6f, 0x78, 0x94, 0x86, 0x88, 0x6a,
    0x7e, 0x7e, 0x7f, 0x81, 0x7b, 0x7e, 0x7d, 0x75, 0x87, 0x82,
    0x74, 0x83, 0x80, 0x7d, 0x63, 0x7f, 0x8a, 0x91, 0x84, 0x66,
    0x78, 0x81, 0x89, 0x7b, 0x64, 0x8b, 0x8b, 0x7d, 0x6d, 0x6e,
    0x8f, 0x77, 0x75, 0x71, 0x96, 0x7b, 0x73, 0x82, 0x7e, 0x73,
    0x68, 0x8b, 0x8b, 0x81, 0x5f, 0x77, 0x87, 0xa1, 0x6f, 0x5e,
    0x71, 0x94, 0x82, 0x6a, 0x84, 0x7f, 0x95, 0x69, 0x7c, 0x69,
    0x95, 0x84, 0x7b, 0x79, 0x7d, 0x92, 0x81, 0x82, 0x6e, 0x8a,
    0x7c, 0x90, 0x77, 0x89, 0x7b, 0x78, 0x8b, 0x87, 0x89, 0x78,
    0x77, 0x81, 0x8a, 0x7b, 0x83, 0x7e, 0x83, 0x78, 0x72, 0x82,
    0x87, 0x87, 0x7a, 0x6e, 0x86, 0x8a, 0x82, 0x77, 0x7e, 0x89,
    0x84, 0x7d, 0x75, 0x77, 0x8a, 0x7e, 0x7f, 0x75, 0x81, 0x8d,
    0x6b, 0x7c, 0x70, 0x94, 0x7b, 0x78, 0x7e, 0x77, 0x7b, 0x6f,
    0x85, 0x7f, 0x77, 0x8c, 0x70, 0x7d, 0x7f, 0x75, 0x8f, 0x5e,
    0x94, 0x76, 0x7d, 0x74, 0x7a, 0x83, 0x77, 0x7b, 0x80, 0x8c,
    0x6f, 0x79, 0x67, 0x88, 0x81, 0x90, 0x72, 0x77, 0x73, 0x91,
    0x79, 0x71, 0x82, 0x6f, 0x81, 0x6a, 0x98, 0x8b, 0x6d, 0x71,
    0x8f, 0x7d, 0x83, 0x6b, 0x96, 0x82, 0x68, 0x86, 0x82, 0x8b,
    0x80, 0x81, 0x79, 0x8a, 0x76, 0x94, 0x6f, 0x81, 0x87, 0x83,
    0x85, 0x70, 0x7e, 0x8a, 0x88, 0x7a, 0x7a, 0x70, 0x8a, 0x89,
    0x89, 0x73, 0x7a, 0x8b, 0x83, 0x73, 0x76, 0x88, 0x86, 0x77,
    0x78, 0x76, 0x8c, 0x81, 0x6f, 0x7a, 0x7e, 0x90, 0x6b, 0x7e,
    0x7b, 0x83, 0x71, 0x6f, 0x87, 0x7d, 0x82, 0x81, 0x6a, 0x8a,
    0x74, 0x88, 0x77, 0x6b, 0x95, 0x6d, 0x84, 0x6b, 0x87, 0x78,
    0x7d, 0x76, 0x8d, 0x7d, 0x75, 0x71, 0x71, 0x89, 0x85, 0x87,
    0x6e, 0x78, 0x79, 0x93, 0x69, 0x84, 0x75, 0x7a, 0x71, 0x7b,
    0x9d, 0x7f, 0x62, 0x80, 0x8a, 0x84, 0x78, 0x72, 0x9e, 0x67,
    0x78, 0x7f, 0x91, 0x80, 0x7f, 0x73, 0x85, 0x86, 0x81, 0x88,
    0x65, 0x91, 0x7e, 0x8d, 0x78, 0x7d, 0x83, 0x8e, 0x79, 0x7c,
    0x80, 0x72, 0x89, 0x89, 0x8c, 0x68, 0x7b, 0x87, 0x7e, 0x6e,
    0x90, 0x83, 0x80, 0x69, 0x7c, 0x7f, 0x80, 0x85, 0x76, 0x89,
    0x83, 0x76, 0x6d, 0x81, 0x91, 0x90, 0x61, 0x6c, 0x86, 0x9c,
    0x6d, 0x71, 0x6f, 0x99, 0x86, 0x7c, 0x71, 0x67, 0x94, 0x84,
    0x8c, 0x5a, 0x88, 0x7a, 0x8d, 0x69, 0x7f, 0x7a, 0x80, 0x84,
    0x75, 0x84, 0x7d, 0x82, 0x67, 0x7b, 0x80, 0x99, 0x6e, 0x73,
    0x86, 0x7a, 0x79, 0x7a, 0x94, 0x8d, 0x53, 0x7f, 0x90, 0x8f,
    0x7c, 0x69, 0x81, 0x88, 0x85, 0x7a, 0x72, 0x87, 0x93, 0x7b,
    0x7c, 0x6e, 0x8f, 0x8d, 0x7d, 0x74, 0x7e, 0x7a, 0x7d, 0x8c,
    0x94, 0x70, 0x69, 0x86, 0x8a, 0x72, 0x79, 0x8c, 0x88, 0x76,
    0x69, 0x7d, 0x7a, 0x93, 0x75, 0x80, 0x83, 0x7e, 0x6f, 0x78,
    0x87, 0x9a, 0x6f, 0x64, 0x7c, 0x9c, 0x7e, 0x6a, 0x71, 0x87,
    0x98, 0x74, 0x82, 0x59, 0x90, 0x82, 0x95, 0x63, 0x79, 0x82,
    0x84, 0x78, 0x6d, 0x89, 0x74, 0x8e, 0x6e, 0x8b, 0x78, 0x8b,
    0x6b, 0x78, 0x79, 0x8d, 0x85, 0x71, 0x81, 0x7c, 0x74, 0x81,
    0x85, 0x96, 0x69, 0x64, 0x94, 0x83, 0x8e, 0x62, 0x82, 0x7d,
    0x8e, 0x71, 0x77, 0x84, 0x92, 0x7f, 0x71, 0x72, 0x80, 0x9b,
    0x71, 0x81, 0x6e, 0x88, 0x7c, 0x7c, 0x95, 0x7d, 0x6e, 0x77,
    0x8c, 0x89, 0x6c, 0x73, 0x96, 0x8e, 0x72, 0x64, 0x76, 0x9c,
    0x8b, 0x72, 0x70, 0x7b, 0x91, 0x75, 0x6d, 0x85, 0x87, 0x7c,
    0x7c, 0x7f, 0x7f, 0x78, 0x83, 0x93, 0x71, 0x65, 0x93, 0x8e,
    0x81, 0x64, 0x81, 0x99, 0x77, 0x74, 0x78, 0x8c, 0x8d, 0x81,
    0x69, 0x75, 0x89, 0x91, 0x84, 0x74, 0x71, 0x8a, 0x86, 0x74,
    0x82, 0x77, 0x81, 0x8c, 0x79, 0x7e, 0x78, 0x83, 0x97, 0x6d,
    0x7d, 0x76, 0x8e, 0x7b, 0x7c, 0x7e, 0x82, 0x84, 0x6a, 0x88,
    0x7d, 0x8c, 0x7f, 0x75, 0x6d, 0x8b, 0x8a, 0x82, 0x73, 0x71,
    0x8b, 0x73, 0x93, 0x8a, 0x6f, 0x6f, 0x84, 0x95, 0x7b, 0x65,
    0x88, 0x93, 0x7d, 0x6a, 0x6a, 0x91, 0x91, 0x7c, 0x70, 0x74,
    0x87, 0x84, 0x6d, 0x7d, 0x88, 0x7f, 0x7c, 0x7f, 0x7f, 0x79,
    0x7d, 0x91, 0x82, 0x5f, 0x85, 0x95, 0x86, 0x6d, 0x6f, 0x9a,
    0x85, 0x72, 0x74, 0x85, 0x92, 0x87, 0x70, 0x6b, 0x84, 0x92,
    0x8a, 0x78, 0x6e, 0x85, 0x91, 0x75, 0x79, 0x7d, 0x7b, 0x8f,
    0x81, 0x7e, 0x79, 0x73, 0x95, 0x8e, 0x73, 0x71, 0x7c, 0x8d,
    0x81, 0x82, 0x76, 0x8a, 0x71, 0x81, 0x7e, 0x74, 0x99, 0x7c,
    0x75, 0x66, 0x91, 0x90, 0x82, 0x63, 0x83, 0x80, 0x7f, 0x91,
    0x79, 0x72, 0x77, 0x8f, 0x95, 0x70, 0x6e, 0x81, 0x7f, 0x88,
    0x75, 0x88, 0x65, 0x94, 0x85, 0x79, 0x6b, 0x72, 0x9b, 0x84,
    0x71, 0x71, 0x8f, 0x8a, 0x79, 0x65, 0x7f, 0x8d, 0x97, 0x72,
    0x70, 0x6d, 0x93, 0x83, 0x80, 0x82, 0x82, 0x77, 0x72, 0x8f,
    0x7f, 0x7b, 0x78, 0x84, 0x81, 0x86, 0x6d, 0x7e, 0x85, 0x83,
    0x7c, 0x72, 0x75, 0x98, 0x6d, 0x7c, 0x7a, 0x76, 0x99, 0x77,
    0x7a, 0x85, 0x73, 0x7c, 0x8c, 0x7b, 0x87, 0x69, 0x83, 0x86,
    0x7e, 0x6e, 0x89, 0x6d, 0x8e, 0x87, 0x79, 0x6e, 0x71, 0x98,
    0x7e, 0x7c, 0x74, 0x84, 0x72, 0x91, 0x8b, 0x78, 0x6c, 0x87,
    0x96, 0x81, 0x65, 0x7d, 0x81, 0x88, 0x77, 0x83, 0x71, 0x80,
    0x96, 0x74, 0x76, 0x64, 0x95, 0x8d, 0x78, 0x6b, 0x89, 0x8d,
    0x82, 0x66, 0x76, 0x88, 0x99, 0x7f, 0x6d, 0x6d, 0x84, 0x91,
    0x7a, 0x86, 0x7d, 0x82, 0x6b, 0x8c, 0x82, 0x7c, 0x76, 0x83,
    0x83, 0x86, 0x70, 0x73, 0x88, 0x89, 0x7a, 0x74, 0x6f, 0x94,
    0x81, 0x6a, 0x82, 0x6a, 0x9a, 0x89, 0x75, 0x77, 0x7a, 0x73,
    0x9b, 0x77, 0x86, 0x68, 0x76, 0x8e, 0x7e, 0x76, 0x78, 0x83,
    0x74, 0x90, 0x75, 0x87, 0x62, 0x87, 0x79, 0x87, 0x89, 0x76,
    0x74, 0x7a, 0x97, 0x91, 0x6b, 0x7a, 0x86, 0x86, 0x7c, 0x6a,
    0x8f, 0x7d, 0x81, 0x75, 0x7c, 0x84, 0x89, 0x7a, 0x7c, 0x77,
    0x80, 0x7e, 0x85, 0x7c, 0x89, 0x7e, 0x79, 0x77, 0x75, 0x87,
    0x92, 0x7f, 0x7d, 0x7b, 0x73, 0x82, 0x78, 0x9b, 0x75, 0x74,
    0x72, 0x7d, 0x88, 0x7b, 0x7b, 0x87, 0x6c, 0x8a, 0x7b, 0x72,
    0x7e, 0x76, 0x91, 0x78, 0x62, 0x80, 0x94, 0x75, 0x8e, 0x5f,
    0x74, 0x92, 0x7b, 0x84, 0x70, 0x6d, 0x9c, 0x6e, 0x88, 0x68,
    0x82, 0x8c, 0x79, 0x7c, 0x5b, 0x9c, 0x6e, 0x95, 0x67, 0x8b,
    0x79, 0x72, 0x87, 0x6f, 0x9c, 0x6c, 0x77, 0x75, 0x8e, 0x9c,
    0x6d, 0x6e, 0x88, 0x89, 0x7d, 0x68, 0x87, 0x8a, 0x80, 0x75,
    0x76, 0x84, 0x85, 0x84, 0x7c, 0x79, 0x7d, 0x7c, 0x84, 0x80,
    0x85, 0x84, 0x77, 0x78, 0x75, 0x80, 0x91, 0x87, 0x79, 0x81,
    0x6f, 0x82, 0x75, 0x92, 0x85, 0x6d, 0x76, 0x76, 0x86, 0x80,
    0x78, 0x8a, 0x72, 0x7d, 0x88, 0x70, 0x81, 0x71, 0x89, 0x8a,
    0x66, 0x72, 0x8f, 0x80, 0x8c, 0x76, 0x5f, 0x87, 0x81, 0x87,
    0x80, 0x63, 0x9a, 0x6e, 0x81, 0x75, 0x7b, 0x9c, 0x69, 0x8b,
    0x56, 0x90, 0x85, 0x84, 0x78, 0x6c, 0x9f, 0x69, 0x8e, 0x66,
    0x91, 0x7b, 0x6c, 0x86, 0x7a, 0x97, 0x6f, 0x74, 0x7d, 0x92,
    0x75, 0x74, 0x82, 0x8d, 0x88, 0x78, 0x6b, 0x88, 0x76, 0x86,
    0x8e, 0x7b, 0x86, 0x76, 0x79, 0x83, 0x8b, 0x7b, 0x84, 0x60,
    0x8c, 0x91, 0x7d, 0x7d, 0x76, 0x8f, 0x78, 0x69, 0x7c, 0x8d,
    0x90, 0x7a, 0x71, 0x7c, 0x75, 0x83, 0x83, 0x7f, 0x89, 0x73,
    0x81, 0x73, 0x7e, 0x8d, 0x7c, 0x78, 0x6d, 0x94, 0x6c, 0x8a,
    0x65, 0x84, 0x88, 0x77, 0x87, 0x65, 0x82, 0x72, 0x91, 0x79,
    0x70, 0x7e, 0x78, 0x8c, 0x88, 0x5b, 0x83, 0x71, 0x95, 0x89,
    0x62, 0x88, 0x75, 0x8a, 0x72, 0x8b, 0x75, 0x82, 0x69, 0x88,
    0x9f, 0x6b, 0x85, 0x64, 0x8d, 0x8a, 0x7b, 0x71, 0x85, 0x77,
    0x86, 0x89, 0x65, 0x98, 0x6a, 0x94, 0x75, 0x71, 0x91, 0x77,
    0x94, 0x70, 0x81, 0x80, 0x7e, 0x80, 0x80, 0x93, 0x6f, 0x86,
    0x7e, 0x84, 0x80, 0x74, 0x90, 0x7e, 0x82, 0x63, 0x8f, 0x87,
    0x7b, 0x78, 0x7a, 0x8c, 0x80, 0x70, 0x75, 0x87, 0x84, 0x94,
    0x72, 0x76, 0x7a, 0x81, 0x8e, 0x76, 0x79, 0x7d, 0x89, 0x7d,
    0x79, 0x75, 0x84, 0x82, 0x79, 0x85, 0x75, 0x83, 0x78, 0x6f,
    0x96, 0x75, 0x75, 0x92, 0x60, 0x93, 0x6d, 0x71, 0x9a, 0x67,
    0x7f, 0x8c, 0x7b, 0x86, 0x6c, 0x70, 0x99, 0x6e, 0x89, 0x5e,
    0x95, 0x88, 0x70, 0x83, 0x6a, 0x95, 0x6e, 0x89, 0x7d, 0x7a,
    0x82, 0x75, 0x79, 0x7c, 0x8a, 0x86, 0x81, 0x72, 0x6b, 0x8c,
    0x90, 0x80, 0x79, 0x70, 0x8f, 0x7f, 0x82, 0x7e, 0x70, 0x9c,
    0x72, 0x7a, 0x87, 0x78, 0x8b, 0x76, 0x7a, 0x87, 0x90, 0x78,
    0x71, 0x79, 0x89, 0x96, 0x77, 0x70, 0x77, 0x8e, 0x89, 0x83,
    0x7b, 0x81, 0x87, 0x71, 0x83, 0x81, 0x8e, 0x7a, 0x79, 0x81,
    0x88, 0x7f, 0x6a, 0x92, 0x87, 0x7b, 0x7d, 0x65, 0x91, 0x85,
    0x84, 0x7b, 0x6c, 0x87, 0x71, 0x88, 0x7d, 0x8e, 0x6c, 0x80,
    0x75, 0x74, 0x90, 0x81, 0x71, 0x76, 0x87, 0x67, 0x91, 0x66,
    0x7d, 0x8c, 0x7e, 0x7b, 0x75, 0x6e, 0x7f, 0x8c, 0x6e, 0x79,
    0x77, 0x84, 0x7d, 0x8c, 0x5a, 0x82, 0x78, 0x8b, 0x8f, 0x5b,
    0x8a, 0x6d, 0x87, 0x7f, 0x86, 0x73, 0x7f, 0x6d, 0x83, 0x9e,
    0x69, 0x80, 0x6d, 0x8c, 0x88, 0x7f, 0x6a, 0x87, 0x75, 0x89,
    0x85, 0x6a, 0x96, 0x66, 0x9a, 0x71, 0x75, 0x8e, 0x78, 0x93,
    0x74, 0x7d, 0x82, 0x7e, 0x81, 0x7f, 0x92, 0x70, 0x86, 0x7e,
    0x84, 0x7e, 0x76, 0x8f, 0x7d, 0x82, 0x65, 0x91, 0x84, 0x7c,
    0x77, 0x7c, 0x8c, 0x7f, 0x71, 0x74, 0x88, 0x82, 0x94, 0x71,
    0x76, 0x7a, 0x81, 0x8d, 0x77, 0x79, 0x7e, 0x88, 0x7d, 0x78,
    0x76, 0x84, 0x81, 0x7a, 0x84, 0x76, 0x84, 0x78, 0x6f, 0x98,
    0x73, 0x77, 0x91, 0x61, 0x94, 0x6b, 0x73, 0x98, 0x68, 0x7f,
    0x8d, 0x7a, 0x88, 0x6a, 0x72, 0x97, 0x6d, 0x8a, 0x5d, 0x97,
    0x86, 0x70, 0x84, 0x6a, 0x95, 0x6d, 0x8a, 0x7c, 0x7b, 0x82,
    0x75, 0x79, 0x7c, 0x8b, 0x85, 0x80, 0x71, 0x6c, 0x8f, 0x8f,
    0x7f, 0x77, 0x72, 0x90, 0x7c, 0x84, 0x7b, 0x74, 0x99, 0x72,
    0x7d, 0x86, 0x78, 0x88, 0x77, 0x7d, 0x89, 0x8d, 0x7a, 0x71,
    0x7a, 0x86, 0x97, 0x76, 0x75, 0x72, 0x93, 0x87, 0x7f, 0x7c,
    0x80, 0x89, 0x72, 0x81, 0x7e, 0x90, 0x78, 0x84, 0x7c, 0x84,
    0x7f, 0x69, 0x99, 0x81, 0x7d, 0x87, 0x60, 0x91, 0x7c, 0x89,
    0x80, 0x69, 0x8e, 0x6a, 0x89, 0x7e, 0x8b, 0x6e, 0x7f, 0x7b,
    0x6f, 0x8e, 0x82, 0x73, 0x80, 0x77, 0x6f, 0x90, 0x70, 0x75,
    0x88, 0x8a, 0x6e, 0x89, 0x5e, 0x8f, 0x7f, 0x6c, 0x88, 0x71,
    0x8d, 0x6b, 0x89, 0x68, 0x81, 0x88, 0x7a, 0x8a, 0x5d, 0x86,
    0x7a, 0x82, 0x8a, 0x73, 0x7c, 0x81, 0x7a, 0x7e, 0x7d, 0x7f,
    0x7f, 0x7a, 0x87, 0x7e, 0x86, 0x74, 0x7c, 0x80, 0x8f, 0x82,
    0x73, 0x7a, 0x77, 0x9c, 0x7e, 0x77, 0x73, 0x81, 0x93, 0x80,
    0x7f, 0x78, 0x8c, 0x77, 0x7c, 0x7e, 0x8a, 0x84, 0x7b, 0x85,
    0x78, 0x8b, 0x68, 0x85, 0x95, 0x74, 0x8e, 0x6a, 0x7a, 0x8f,
    0x78, 0x93, 0x64, 0x88, 0x77, 0x7a, 0x86, 0x83, 0x80, 0x6e,
    0x88, 0x6a, 0x85, 0x89, 0x79, 0x76, 0x87, 0x68, 0x86, 0x81,
    0x6c, 0x86, 0x8c, 0x73, 0x83, 0x71, 0x71, 0x97, 0x64, 0x84,
    0x72, 0x88, 0x77, 0x7d, 0x80, 0x64, 0x94, 0x6e, 0x94, 0x6e,
    0x76, 0x7e, 0x69, 0x97, 0x80, 0x79, 0x72, 0x82, 0x6f, 0x8b,
    0x7d, 0x6b, 0x85, 0x87, 0x7b, 0x8f, 0x6e, 0x79, 0x82, 0x7b,
    0x8c, 0x72, 0x8f, 0x69, 0x8f, 0x80, 0x79, 0x84, 0x79, 0x80,
    0x8d, 0x78, 0x7a, 0x86, 0x79, 0x85, 0x79, 0x86, 0x7b, 0x86,
    0x7d, 0x7f, 0x7c, 0x8a, 0x73, 0x83, 0x7e, 0x8a, 0x7e, 0x7c,
    0x7e, 0x7d, 0x8c, 0x74, 0x8f, 0x64, 0x92, 0x72, 0x7f, 0x89,
    0x7e, 0x7e, 0x78, 0x81, 0x73, 0x87, 0x86, 0x78, 0x72, 0x89,
    0x6a, 0x9d, 0x72, 0x87, 0x7d, 0x64, 0x97, 0x6b, 0x90, 0x77,
    0x73, 0x7e, 0x83, 0x76, 0x80, 0x8a, 0x63, 0x8a, 0x6f, 0x83,
    0x89, 0x66, 0x86, 0x66, 0x87, 0x89, 0x75, 0x7a, 0x7b, 0x7f,
    0x79, 0x7c, 0x7b, 0x76, 0x8d, 0x7e, 0x7d, 0x82, 0x6d, 0x89,
    0x77, 0x92, 0x71, 0x89, 0x7f, 0x6f, 0x94, 0x75, 0x81, 0x80,
    0x7b, 0x85, 0x86, 0x72, 0x87, 0x7c, 0x83, 0x77, 0x86, 0x7d,
    0x80, 0x84, 0x7c, 0x7c, 0x87, 0x7c, 0x79, 0x86, 0x80, 0x8c,
    0x73, 0x87, 0x71, 0x92, 0x74, 0x8c, 0x73, 0x79, 0x8b, 0x6b,
    0x92, 0x79, 0x86, 0x73, 0x83, 0x74, 0x7e, 0x88, 0x83, 0x6b,
    0x8a, 0x70, 0x88, 0x92, 0x6b, 0x95, 0x5a, 0x8f, 0x7e, 0x7e,
    0x88, 0x72, 0x7c, 0x83, 0x7d, 0x76, 0x95, 0x6a, 0x81, 0x79,
    0x74, 0x8f, 0x74, 0x7d, 0x77, 0x75, 0x8b, 0x77, 0x7d, 0x7f,
    0x7d, 0x87, 0x67, 0x86, 0x81, 0x7d, 0x8c, 0x71, 0x7b, 0x7e,
    0x81, 0x7f, 0x8c, 0x7d, 0x72, 0x95, 0x70, 0x74, 0x93, 0x71,
    0x88, 0x85, 0x75, 0x79, 0x86, 0x77, 0x89, 0x86, 0x6c, 0x83,
    0x87, 0x6e, 0x87, 0x88, 0x6e, 0x8a, 0x76, 0x82, 0x7d, 0x8a,
    0x7b, 0x78, 0x73, 0x91, 0x72, 0x8b, 0x8a, 0x5d, 0x90, 0x80,
    0x87, 0x72, 0x88, 0x76, 0x87, 0x91, 0x5f, 0x92, 0x78, 0x7a,
    0xa5, 0x57, 0x9d, 0x65, 0x8f, 0x82, 0x70, 0x9c, 0x58, 0xa0,
    0x72, 0x85, 0x88, 0x6d, 0x96, 0x7a, 0x73, 0x8e, 0x69, 0x96,
    0x7f, 0x78, 0x6f, 0x9c, 0x70, 0x82, 0x8f, 0x64, 0x8d, 0x68,
    0x9b, 0x62, 0x8c, 0x90, 0x64, 0x84, 0x87, 0x6f, 0x8d, 0x6f,
    0x7c, 0x92, 0x72, 0x85, 0x73, 0x74, 0x84, 0x7e, 0x8a, 0x80,
    0x71, 0x81, 0x8b, 0x6a, 0x7b, 0x96, 0x67, 0x8a, 0x83, 0x6e,
    0x7b, 0x89, 0x78, 0x86, 0x7a, 0x73, 0x88, 0x79, 0x74, 0x90,
    0x75, 0x7b, 0x83, 0x75, 0x81, 0x84, 0x84, 0x76, 0x74, 0x7f,
    0x8a, 0x6f, 0xa0, 0x62, 0x7b, 0x8a, 0x84, 0x7d, 0x79, 0x86,
    0x73, 0x99, 0x72, 0x70, 0x98, 0x62, 0xa3, 0x77, 0x74, 0x91,
    0x62, 0xa6, 0x5d, 0x9c, 0x6e, 0x79, 0x92, 0x6d, 0x92, 0x78,
    0x7e, 0x95, 0x65, 0x8a, 0x79, 0x7e, 0x94, 0x76, 0x77, 0x77,
    0xa2, 0x5b, 0xa9, 0x69, 0x7d, 0x78, 0x86, 0x8b, 0x66, 0xa1,
    0x73, 0x6e, 0x93, 0x73, 0x75, 0x9c, 0x59, 0x98, 0x80, 0x6c,
    0x8f, 0x69, 0x80, 0x7f, 0x87, 0x81, 0x6f, 0x82, 0x74, 0x95,
    0x5c, 0x91, 0x8c, 0x58, 0x98, 0x79, 0x69, 0x85, 0x93, 0x64,
    0x80, 0x87, 0x76, 0x73, 0x83, 0x77, 0x7e, 0x7e, 0x78, 0x81,
    0x68, 0x8f, 0x7e, 0x73, 0x79, 0x7e, 0x6d, 0x89, 0x8a, 0x58,
    0xa2, 0x66, 0x81, 0x8c, 0x5d, 0x94, 0x64, 0x90, 0x93, 0x4b,
    0x9c, 0x70, 0x6b, 0xa6, 0x74, 0x70, 0x92, 0x57, 0x93, 0x93,
    0x52, 0xa8, 0x5a, 0x83, 0x8e, 0x75, 0x77, 0x8d, 0x73, 0x76,
    0x95, 0x6d, 0x7b, 0x8b, 0x73, 0x81, 0x84, 0x6d, 0x9d, 0x66,
    0x85, 0x8b, 0x67, 0x91, 0x87, 0x6f, 0x96, 0x6d, 0x87, 0x83,
    0x73, 0x98, 0x6d, 0x84, 0x8b, 0x69, 0x8d, 0x80, 0x68, 0x92,
    0x72, 0x8e, 0x77, 0x83, 0x6b, 0x88, 0x81, 0x6b, 0xa0, 0x67,
    0x7a, 0x88, 0x73, 0x72, 0x94, 0x79, 0x6f, 0x86, 0x81, 0x73,
    0x79, 0x83, 0x71, 0x8a, 0x74, 0x7e, 0x75, 0x75, 0x91, 0x72,
    0x77, 0x7a, 0x7c, 0x6c, 0x9f, 0x60, 0x7e, 0x93, 0x5c, 0x9e,
    0x66, 0x7a, 0x86, 0x65, 0xad, 0x5e, 0x70, 0x99, 0x56, 0x94,
    0x93, 0x64, 0x89, 0x7a, 0x5c, 0xb7, 0x55, 0x89, 0x88, 0x5a,
    0x9a, 0x7b, 0x75, 0x81, 0x86, 0x69, 0x90, 0x82, 0x6c, 0x85,
    0x84, 0x73, 0x93, 0x5f, 0x99, 0x79, 0x6b, 0x9d, 0x73, 0x70,
    0x9c, 0x77, 0x77, 0x8e, 0x75, 0x8d, 0x70, 0x99, 0x72, 0x84,
    0x8a, 0x6b, 0x84, 0x92, 0x6c, 0x88, 0x82, 0x73, 0x8b, 0x88,
    0x77, 0x6d, 0x8c, 0x7f, 0x85, 0x7e, 0x86, 0x6e, 0x7f, 0x87,
    0x7d, 0x80, 0x85, 0x7f, 0x75, 0x93, 0x6d, 0x89, 0x72, 0x7e,
    0x9a, 0x5c, 0x8a, 0x87, 0x71, 0x8e, 0x78, 0x5d, 0xa7, 0x6d,
    0x7d, 0x8f, 0x52, 0xa9, 0x66, 0x79, 0x95, 0x58, 0x9f, 0x88,
    0x54, 0x9f, 0x5c, 0x8b, 0x82, 0x67, 0x8f, 0x6f, 0x8c, 0x63,
    0x84, 0x7b, 0x7b, 0x8e, 0x74, 0x6f, 0x82, 0x68, 0x99, 0x63,
    0x82, 0x86, 0x63, 0xa5, 0x73, 0x6a, 0x8a, 0x68, 0x85, 0xa1,
    0x54, 0x9c, 0x64, 0x88, 0x8d, 0x69, 0x89, 0x87, 0x80, 0x70,
    0x9b, 0x6e, 0x85, 0x89, 0x82, 0x70, 0x92, 0x83, 0x64, 0xa6,
    0x75, 0x70, 0x93, 0x74, 0x79, 0x9a, 0x7c, 0x71, 0x7f, 0x80,
    0x82, 0x86, 0x80, 0x7b, 0x76, 0x7e, 0x83, 0x7e, 0x83, 0x84,
    0x79, 0x82, 0x83, 0x74, 0x89, 0x68, 0x98, 0x7b, 0x64, 0x9a,
    0x74, 0x80, 0x8c, 0x61, 0x80, 0x9b, 0x5d, 0x9f, 0x5f, 0x7e,
    0x99, 0x54, 0x9d, 0x6d, 0x71, 0xac, 0x58, 0x7e, 0x89, 0x5e,
    0xa0, 0x5f, 0x87, 0x79, 0x81, 0x7a, 0x6a, 0x8c, 0x6e, 0x8d,
    0x84, 0x69, 0x81, 0x6f, 0x7f, 0x8d, 0x5a, 0x9e, 0x62, 0x89,
    0x95, 0x65, 0x7b, 0x7e, 0x64, 0xa8, 0x77, 0x68, 0x96, 0x5f,
    0xa0, 0x69, 0x87, 0x76, 0x95, 0x6b, 0x88, 0x91, 0x62, 0xa1,
    0x72, 0x81, 0x73, 0xa0, 0x64, 0x8b, 0x96, 0x65, 0x85, 0x89,
    0x6d, 0x8b, 0x96, 0x67, 0x90, 0x6d, 0x82, 0x85, 0x8c, 0x6e,
    0x94, 0x6f, 0x79, 0x85, 0x81, 0x7f, 0x81, 0x8b, 0x5f, 0x99,
    0x68, 0x9b, 0x60, 0x9a, 0x69, 0x7a, 0x99, 0x7a, 0x73, 0x77,
    0x9e, 0x57, 0xa1, 0x65, 0x87, 0x83, 0x81, 0x7a, 0x7f, 0x83,
    0x76, 0x86, 0x82, 0x7f, 0x81, 0x70, 0x94, 0x75, 0x69, 0x9b,
    0x6b, 0x8c, 0x73, 0x7f, 0x6e, 0x95, 0x79, 0x77, 0x98, 0x49,
    0x95, 0x77, 0x79, 0x92, 0x5d, 0x8f, 0x6c, 0x7f, 0x82, 0x84,
    0x64, 0x7b, 0x9e, 0x51, 0x92, 0x71, 0x82, 0x84, 0x79, 0x72,
    0x7f, 0x9d, 0x4f, 0xa6, 0x6c, 0x7a, 0x99, 0x6e, 0x7d, 0x80,
    0x95, 0x5c, 0xa4, 0x7e, 0x64, 0x95, 0x7c, 0x72, 0xa1, 0x70,
    0x7d, 0x84, 0x75, 0x84, 0x89, 0x79, 0x7c, 0x92, 0x60, 0x98,
    0x6f, 0x8c, 0x72, 0x9a, 0x62, 0x88, 0x80, 0x7e, 0x83, 0x72,
    0x9c, 0x4d, 0xa9, 0x78, 0x86, 0x5e, 0xa1, 0x6f, 0x7b, 0x8f,
    0x68, 0x91, 0x79, 0x86, 0x72, 0x8b, 0x75, 0x80, 0x84, 0x7f,
    0x81, 0x78, 0x7c, 0x97, 0x58, 0x91, 0x7f, 0x79, 0x85, 0x74,
    0x7a, 0x78, 0x99, 0x61, 0x9f, 0x68, 0x66, 0x9d, 0x5d, 0xa3,
    0x64, 0x7d, 0x84, 0x62, 0x93, 0x7f, 0x7e, 0x62, 0x97, 0x70,
    0x71, 0x8a, 0x74, 0x85, 0x7b, 0x7c, 0x66, 0x9e, 0x72, 0x6a,
    0x9c, 0x5f, 0x93, 0x7e, 0x78, 0x7b, 0x88, 0x81, 0x6c, 0x9f,
    0x6b, 0x7a, 0x91, 0x72, 0x8a, 0x80, 0x74, 0x83, 0x85, 0x7e,
    0x7f, 0x82, 0x70, 0x94, 0x71, 0x91, 0x82, 0x70, 0x87, 0x81,
    0x82, 0x7a, 0x8f, 0x7e, 0x76, 0x7b, 0x9f, 0x63, 0x87, 0x92,
    0x6d, 0x92, 0x66, 0x8d, 0x82, 0x69, 0xae, 0x60, 0x77, 0x9a,
    0x5b, 0xa4, 0x6e, 0x67, 0xaf, 0x45, 0x98, 0x8a, 0x5e, 0xaa,
    0x55, 0x94, 0x7e, 0x69, 0x91, 0x62, 0x8c, 0x88, 0x69, 0x79,
    0xa1, 0x5d, 0x7a, 0x94, 0x58, 0x99, 0x6e, 0x8d, 0x7f, 0x5f,
    0x91, 0x88, 0x5c, 0x8e, 0x8c, 0x61, 0x94, 0x61, 0x9f, 0x7d,
    0x6c, 0x90, 0x6e, 0x82, 0x93, 0x6b, 0x82, 0x8a, 0x6d, 0x8c,
    0x7f, 0x8a, 0x68, 0x85, 0x91, 0x69, 0x9e, 0x79, 0x67, 0x86,
    0x8f, 0x7e, 0x7a, 0x81, 0x76, 0x89, 0x84, 0x81, 0x79, 0x76,
    0x8e, 0x82, 0x6c, 0x91, 0x7d, 0x77, 0x78, 0x8a, 0x70, 0x90,
    0x85, 0x61, 0x9d, 0x56, 0xa0, 0x80, 0x74, 0x92, 0x5f, 0x8c,
    0x81, 0x77, 0x80, 0x88, 0x67, 0xa9, 0x66, 0x78, 0x9b, 0x5c,
    0x98, 0x68, 0x82, 0x7c, 0x8c, 0x6c, 0x8d, 0x79, 0x60, 0xa4,
    0x75, 0x7a, 0x6e, 0x9e, 0x65, 0x6a, 0xa3, 0x77, 0x61, 0xa4,
    0x68, 0x6e, 0xaf, 0x54, 0x85, 0x90, 0x69, 0x90, 0x7f, 0x66,
    0x8c, 0x7c, 0x79, 0x96, 0x68, 0x7d, 0x92, 0x5c, 0x9d, 0x90,
    0x55, 0x93, 0x77, 0x84, 0x84, 0x76, 0x8d, 0x71, 0x86, 0x74,
    0x8b, 0x85, 0x68, 0x96, 0x7d, 0x67, 0xa0, 0x69, 0x76, 0x93,
    0x7a, 0x7d, 0x7d, 0x82, 0x7e, 0x78, 0x7e, 0x92, 0x64, 0x82,
    0x80, 0x7e, 0x86, 0x78, 0x7c, 0x78, 0x73, 0x8b, 0x8d, 0x65,
    0x84, 0x7c, 0x82, 0x75, 0x7d, 0x80, 0x79, 0x82, 0x8c, 0x69,
    0x78, 0x95, 0x63, 0xa4, 0x62, 0x7e, 0x8a, 0x60, 0xa8, 0x59,
    0x95, 0x87, 0x55, 0xa6, 0x6c, 0x79, 0x8f, 0x64, 0x91, 0x78,
    0x6e, 0x92, 0x83, 0x64, 0x92, 0x71, 0x72, 0x8d, 0x73, 0x97,
    0x68, 0x74, 0x93, 0x73, 0x67, 0xa3, 0x6b, 0x82, 0x7c, 0x71,
    0x9e, 0x6a, 0x86, 0x7f, 0x74, 0x8d, 0x83, 0x6a, 0x97, 0x73,
    0x7a, 0x8a, 0x83, 0x83, 0x69, 0x98, 0x76, 0x7e, 0x99, 0x65,
    0x79, 0x8c, 0x8a, 0x77, 0x81, 0x79, 0x7d, 0x8a, 0x82, 0x7c,
    0x72, 0x80, 0x90, 0x6e, 0x7c, 0x8f, 0x74, 0x77, 0x7e, 0x85,
    0x6f, 0xa0, 0x5f, 0x87, 0x7e, 0x66, 0xac, 0x60, 0x94, 0x74,
    0x70, 0x8f, 0x7a, 0x77, 0x8b, 0x73, 0x81, 0xa0, 0x50, 0xa2,
    0x71, 0x77, 0x8a, 0x68, 0x88, 0x7e, 0x86, 0x6c, 0x9a, 0x57,
    0x89, 0x91, 0x74, 0x72, 0x83, 0x92, 0x52, 0x8d, 0x99, 0x61,
    0x7c, 0x9e, 0x4a, 0xa0, 0x89, 0x56, 0xa0, 0x75, 0x76, 0x95,
    0x6d, 0x74, 0x8e, 0x74, 0x8a, 0x89, 0x60, 0x97, 0x77, 0x6e,
    0xaf, 0x63, 0x74, 0x8d, 0x75, 0x90, 0x70, 0x8a, 0x7f, 0x77,
    0x81, 0x7a, 0x90, 0x70, 0x7e, 0x95, 0x65, 0x82, 0x95, 0x5c,
    0x90, 0x84, 0x7a, 0x7d, 0x7d, 0x86, 0x76, 0x76, 0x8c, 0x79,
    0x6b, 0x8b, 0x75, 0x89, 0x7f, 0x72, 0x77, 0x79, 0x7a, 0x8b,
    0x7e, 0x6d, 0x75, 0x89, 0x74, 0x7b, 0x83, 0x6d, 0x94, 0x66,
    0x97, 0x60, 0x84, 0x90, 0x62, 0xa9, 0x5c, 0x7f, 0x81, 0x87,
    0x79, 0x76, 0x9b, 0x67, 0x71, 0xa1, 0x68, 0x89, 0x8e, 0x63,
    0x8d, 0x72, 0x8f, 0x79, 0x7f, 0x84, 0x78, 0x7c, 0x7b, 0x83,
    0x84, 0x85, 0x77, 0x7c, 0x82, 0x74, 0x84, 0x88, 0x7f, 0x85,
    0x75, 0x7d, 0x84, 0x89, 0x7d, 0x82, 0x82, 0x7f, 0x79, 0x88,
    0x8c, 0x6e, 0x86, 0x86, 0x81, 0x87, 0x7a, 0x83, 0x7c, 0x7d,
    0x81, 0x84, 0x80, 0x80, 0x7a, 0x79, 0x81, 0x75, 0x7d, 0x87,
    0x81, 0x65, 0x83, 0x82, 0x7a, 0x6e, 0x7b, 0x84, 0x73, 0x73,
    0x8a, 0x74, 0x77, 0x7e, 0x73, 0x8c, 0x5c, 0x9b, 0x6e, 0x6d,
    0x96, 0x5d, 0x8f, 0x83, 0x61, 0x94, 0x69, 0x7e, 0x99, 0x4d,
    0x92, 0x8a, 0x67, 0x84, 0x72, 0x84, 0x8b, 0x63, 0x96, 0x76,
    0x62, 0x8d, 0x75, 0x96, 0x71, 0x73, 0x82, 0x6d, 0x86, 0x8c,
    0x75, 0x72, 0x7f, 0x80, 0x7a, 0x77, 0x7e, 0x84, 0x83, 0x69,
    0x9a, 0x5e, 0x8e, 0x7f, 0x72, 0xa3, 0x5a, 0x8a, 0x7b, 0x88,
    0x79, 0x7d, 0x94, 0x68, 0x79, 0x9d, 0x67, 0x90, 0x86, 0x6b,
    0x8a, 0x70, 0x91, 0x79, 0x81, 0x81, 0x7b, 0x7c, 0x7c, 0x82,
    0x86, 0x83, 0x78, 0x7c, 0x81, 0x73, 0x88, 0x85, 0x81, 0x82,
    0x75, 0x7e, 0x84, 0x89, 0x7b, 0x84, 0x80, 0x80, 0x79, 0x8b,
    0x88, 0x6f, 0x88, 0x85, 0x82, 0x85, 0x7a, 0x82, 0x7a, 0x81,
    0x7f, 0x84, 0x85, 0x7b, 0x7a, 0x7e, 0x79, 0x7a, 0x7d, 0x86,
    0x81, 0x67, 0x83, 0x85, 0x73, 0x6c, 0x86, 0x79, 0x7a, 0x72,
    0x7e, 0x7d, 0x79, 0x75, 0x7a, 0x81, 0x62, 0x9a, 0x65, 0x76,
    0x95, 0x56, 0x92, 0x85, 0x5b, 0x90, 0x71, 0x7d, 0x91, 0x56,
    0x90, 0x85, 0x65, 0x8b, 0x69, 0x88, 0x92, 0x5f, 0x97, 0x77,
    0x67, 0x89, 0x7b, 0x97, 0x66, 0x83, 0x86, 0x6e, 0x8f, 0x80,
    0x72, 0x85, 0x86, 0x73, 0x8c, 0x69, 0x85, 0x9a, 0x67, 0x81,
    0x88, 0x80, 0x7d, 0x74, 0x8d, 0x80, 0x7d, 0x89, 0x79, 0x7a,
    0x8c, 0x80, 0x78, 0x8d, 0x7a, 0x81, 0x88, 0x81, 0x83, 0x8a,
    0x77, 0x79, 0x8a, 0x8d, 0x74, 0x7b, 0x91, 0x83, 0x7a, 0x79,
    0x88, 0x7b, 0x8f, 0x7c, 0x74, 0x8b, 0x83, 0x73, 0x7b, 0x83,
    0x77, 0x7a, 0x8b, 0x73, 0x7c, 0x7d, 0x7e, 0x73, 0x6b, 0x86,
    0x7b, 0x83, 0x62, 0x7e, 0x7e, 0x7f, 0x65, 0x84, 0x8b, 0x4c,
    0xa1, 0x77, 0x63, 0x96, 0x5d, 0x83, 0x8b, 0x5b, 0x8b, 0x69,
    0x8b, 0x89, 0x53, 0x98, 0x79, 0x68, 0x8c, 0x66, 0x83, 0x97,
    0x5f, 0x8a, 0x7a, 0x6b, 0x88, 0x72, 0xa2, 0x64, 0x74, 0x97,
    0x66, 0x87, 0x85, 0x75, 0x85, 0x83, 0x72, 0x90, 0x6a, 0x81,
    0x9d, 0x69, 0x7d, 0x8d, 0x7e, 0x7e, 0x77, 0x8c, 0x82, 0x7c,
    0x89, 0x79, 0x7a, 0x8c, 0x80, 0x77, 0x8e, 0x7b, 0x80, 0x88,
    0x81, 0x83, 0x8a, 0x77, 0x79, 0x87, 0x8d, 0x75, 0x79, 0x8f,
    0x84, 0x78, 0x7a, 0x87, 0x7c, 0x8f, 0x7c, 0x71, 0x8a, 0x85,
    0x75, 0x7a, 0x87, 0x78, 0x7a, 0x8b, 0x6f, 0x88, 0x7b, 0x7c,
    0x76, 0x73, 0x85, 0x7c, 0x89, 0x63, 0x7f, 0x7e, 0x85, 0x63,
    0x8a, 0x8e, 0x52, 0x95, 0x8b, 0x62, 0x89, 0x74, 0x76, 0x88,
    0x6f, 0x80, 0x6a, 0x95, 0x79, 0x64, 0x97, 0x69, 0x79, 0x89,
    0x6f, 0x7a, 0x8c, 0x76, 0x6e, 0x7d, 0x83, 0x80, 0x69, 0x9e,
    0x77, 0x58, 0xad, 0x6e, 0x64, 0x91, 0x80, 0x84, 0x6c, 0x7d,
    0x8f, 0x7c, 0x73, 0x8b, 0x82, 0x6e, 0x94, 0x74, 0x7d, 0x96,
    0x75, 0x8a, 0x80, 0x72, 0x87, 0x8e, 0x7e, 0x77, 0x86, 0x8c,
    0x7e, 0x77, 0x86, 0x8f, 0x7f, 0x69, 0x91, 0x86, 0x79, 0x8b,
    0x8b, 0x6c, 0x83, 0x7b, 0x84, 0x98, 0x5f, 0xa2, 0x77, 0x5a,
    0xb6, 0x75, 0x61, 0xa0, 0x72, 0x90, 0x6a, 0x7d, 0x93, 0x5d,
    0xab, 0x5b, 0x7c, 0x9f, 0x53, 0x85, 0x8b, 0x66, 0x94, 0x70,
    0x6c, 0x9c, 0x61, 0x8f, 0x77, 0x63, 0xa1, 0x70, 0x6e, 0x80,
    0x7d, 0x74, 0x81, 0x85, 0x69, 0x7e, 0x8a, 0x6d, 0x6d, 0x92,
    0x7a, 0x66, 0x88, 0x87, 0x6e, 0x7f, 0x8a, 0x67, 0x7b, 0x8e,
    0x71, 0x6e, 0x9d, 0x79, 0x5f, 0x9e, 0x76, 0x6c, 0x88, 0x7d,
    0x8c, 0x6e, 0x76, 0x90, 0x81, 0x6d, 0x8e, 0x84, 0x6a, 0x97,
    0x74, 0x7b, 0x99, 0x75, 0x88, 0x81, 0x72, 0x87, 0x8f, 0x7f,
    0x76, 0x86, 0x8c, 0x7f, 0x77, 0x86, 0x8e, 0x81, 0x68, 0x90,
    0x87, 0x78, 0x88, 0x8d, 0x6c, 0x81, 0x7c, 0x82, 0x9d, 0x5b,
    0xa4, 0x77, 0x56, 0xba, 0x77, 0x59, 0xa8, 0x72, 0x90, 0x6a,
    0x7c, 0x94, 0x5b, 0xb0, 0x59, 0x78, 0xac, 0x52, 0x7f, 0x93,
    0x59, 0xa8, 0x71, 0x62, 0xa5, 0x69, 0x8c, 0x69, 0x75, 0xa4,
    0x5c, 0x7e, 0x7a, 0x83, 0x7b, 0x76, 0x9d, 0x58, 0x96, 0x7c,
    0x5f, 0x84, 0x7f, 0x94, 0x56, 0x7d, 0xad, 0x65, 0x62, 0xa7,
    0x6d, 0x72, 0xa7, 0x50, 0x86, 0x8f, 0x78, 0x8d, 0x62, 0x88,
    0xa0, 0x64, 0x6c, 0xa2, 0x7e, 0x62, 0x88, 0x9d, 0x5e, 0x94,
    0x92, 0x58, 0xa2, 0x78, 0x69, 0xab, 0x69, 0x7b, 0x91, 0x75,
    0x93, 0x6b, 0x84, 0x86, 0x74, 0x9a, 0x71, 0x6d, 0x95, 0x7b,
    0x8a, 0x6f, 0x86, 0x84, 0x6f, 0x92, 0x81, 0x6b, 0x7e, 0x99,
    0x67, 0x94, 0x76, 0x6b, 0x9f, 0x71, 0x77, 0x72, 0x86, 0x82,
    0x6b, 0xa6, 0x5f, 0x7c, 0x98, 0x49, 0x94, 0x76, 0x7d, 0x8e,
    0x58, 0x92, 0x6c, 0x61, 0xaa, 0x6e, 0x5d, 0x98, 0x6b, 0x7e,
    0x89, 0x59, 0x86, 0x85, 0x67, 0x83, 0x82, 0x66, 0x8b, 0x88,
    0x5a, 0x93, 0x6c, 0x73, 0x88, 0x71, 0x93, 0x59, 0x79, 0xab,
    0x60, 0x65, 0xa4, 0x6e, 0x70, 0xab, 0x56, 0x79, 0x9b, 0x76,
    0x85, 0x6e, 0x83, 0x9b, 0x6f, 0x6a, 0x9e, 0x82, 0x62, 0x86,
    0xa0, 0x5b, 0x92, 0x99, 0x56, 0x9f, 0x7c, 0x68, 0xaa, 0x6c,
    0x7a, 0x92, 0x74, 0x94, 0x6c, 0x83, 0x87, 0x74, 0x99, 0x73,
    0x6c, 0x95, 0x7c, 0x8a, 0x71, 0x82, 0x86, 0x6d, 0x92, 0x81,
    0x6d, 0x7c, 0x9b, 0x67, 0x8e, 0x7e, 0x63, 0xa1, 0x7c, 0x6a,
    0x72, 0x8f, 0x7b, 0x6a, 0xa5, 0x65, 0x78, 0x98, 0x4d, 0x85,
    0x83, 0x81, 0x7d, 0x64, 0x96, 0x5f, 0x6a, 0xa1, 0x70, 0x66,
    0x88, 0x75, 0x72, 0x9c, 0x55, 0x66, 0xa7, 0x5d, 0x88, 0x82,
    0x57, 0x9f, 0x6e, 0x69, 0x8b, 0x5b, 0x93, 0x8d, 0x62, 0x88,
    0x6b, 0x7a, 0x94, 0x64, 0x7b, 0x8e, 0x76, 0x79, 0x98, 0x78,
    0x64, 0xa6, 0x7e, 0x60, 0x9c, 0x7a, 0x72, 0x9d, 0x73, 0x77,
    0x89, 0x7b, 0x8b, 0x8f, 0x62, 0x83, 0xa4, 0x6a, 0x66, 0x97,
    0x80, 0x78, 0x90, 0x7f, 0x70, 0x71, 0x91, 0x8b, 0x69, 0x7c,
    0x96, 0x5f, 0x81, 0xa3, 0x5f, 0x8b, 0x8c, 0x70, 0x91, 0x89,
    0x61, 0x82, 0x9a, 0x63, 0x80, 0x93, 0x6a, 0x8f, 0x7f, 0x65,
    0xa9, 0x6b, 0x69, 0xa9, 0x5a, 0x70, 0x9c, 0x82, 0x62, 0x83,
    0xa3, 0x47, 0x85, 0xa3, 0x4f, 0xa3, 0x85, 0x5f, 0xa3, 0x60,
    0x7a, 0xa2, 0x48, 0x8f, 0xa4, 0x4d, 0x93, 0x8a, 0x6c, 0x8c,
    0x70, 0x71, 0x8a, 0x9a, 0x53, 0x7a, 0xae, 0x4a, 0x68, 0x98,
    0x93, 0x79, 0x62, 0x93, 0x90, 0x68, 0x67, 0x97, 0x87, 0x5e,
    0x9a, 0x71, 0x71, 0xaa, 0x5b, 0x75, 0x93, 0x6c, 0x99, 0x77,
    0x61, 0xa0, 0x75, 0x69, 0x85, 0x81, 0x86, 0x6f, 0x73, 0x96,
    0x8c, 0x69, 0x75, 0x9c, 0x77, 0x6a, 0x99, 0x7c, 0x75, 0x8e,
    0x7d, 0x76, 0x88, 0x7d, 0x7d, 0x8f, 0x6b, 0x80, 0xa2, 0x5f,
    0x6b, 0xa3, 0x75, 0x72, 0x92, 0x82, 0x6e, 0x73, 0x90, 0x8d,
    0x6b, 0x7b, 0x91, 0x61, 0x88, 0x99, 0x63, 0x90, 0x83, 0x73,
    0x95, 0x82, 0x61, 0x88, 0x97, 0x61, 0x86, 0x8e, 0x6a, 0x92,
    0x7a, 0x6a, 0xaa, 0x64, 0x72, 0xa6, 0x54, 0x76, 0x9b, 0x7e,
    0x60, 0x8c, 0x9c, 0x44, 0x92, 0x9a, 0x4e, 0xac, 0x79, 0x66,
    0xa5, 0x55, 0x85, 0x9e, 0x46, 0x97, 0x9f, 0x4b, 0x95, 0x8a,
    0x6d, 0x89, 0x78, 0x6e, 0x90, 0x96, 0x4c, 0x8d, 0xa5, 0x4d,
    0x6e, 0x91, 0x9f, 0x7b, 0x59, 0xa4, 0x90, 0x54, 0x81, 0xa4,
    0x71, 0x6d, 0x99, 0x6c, 0x8a, 0x9f, 0x5a, 0x82, 0x94, 0x7f,
    0x91, 0x66, 0x72, 0xaa, 0x7e, 0x5b, 0x7c, 0xa3, 0x86, 0x50,
    0x80, 0xad, 0x70, 0x6b, 0x8a, 0x7b, 0x7a, 0x80, 0x81, 0x8f,
    0x6e, 0x74, 0x96, 0x73, 0x83, 0x80, 0x58, 0x95, 0x8e, 0x67,
    0x94, 0x5a, 0x7d, 0xab, 0x61, 0x59, 0x97, 0x8b, 0x7d, 0x71,
    0x7a, 0x9c, 0x8b, 0x5d, 0x79, 0xa1, 0x6a, 0x6f, 0xa2, 0x82,
    0x4f, 0x9d, 0x97, 0x5c, 0x74, 0x92, 0x7b, 0x85, 0x70, 0x6a,
    0x9f, 0x7e, 0x55, 0x91, 0x91, 0x4e, 0x87, 0x90, 0x8b, 0x7b,
    0x54, 0x85, 0xa9, 0x67, 0x62, 0x86, 0x81, 0x8f, 0x8b, 0x5b,
    0x74, 0xb1, 0x60, 0x4e, 0xa5, 0x88, 0x5f, 0x8e, 0x79, 0x68,
    0x9a, 0x73, 0x66, 0xaa, 0x83, 0x56, 0xa6, 0x8e, 0x50, 0x96,
    0x8c, 0x4f, 0x86, 0x9d, 0x7a, 0x66, 0x7d, 0xa8, 0x7a, 0x54,
    0x88, 0x9f, 0x73, 0x74, 0x84, 0x68, 0x97, 0x93, 0x55, 0x7d,
    0x89, 0x8e, 0x8d, 0x5a, 0x79, 0xa9, 0x74, 0x6f, 0x7c, 0x84,
    0x90, 0x6d, 0x6a, 0x9f, 0x80, 0x6f, 0x8f, 0x70, 0x77, 0x8b,
    0x80, 0x7f, 0x75, 0x7b, 0x8f, 0x79, 0x7f, 0x76, 0x60, 0x9b,
    0x7f, 0x69, 0x97, 0x5b, 0x81, 0xa8, 0x5f, 0x5a, 0x96, 0x8a,
    0x78, 0x74, 0x81, 0x95, 0x87, 0x5c, 0x7e, 0xa0, 0x66, 0x6d,
    0xa6, 0x7e, 0x52, 0x9f, 0x91, 0x5d, 0x7b, 0x8f, 0x7a, 0x86,
    0x6e, 0x6e, 0xa1, 0x78, 0x57, 0x98, 0x89, 0x50, 0x8b, 0x8e,
    0x8c, 0x76, 0x55, 0x8c, 0xa6, 0x61, 0x66, 0x89, 0x80, 0x92,
    0x89, 0x55, 0x7d, 0xb3, 0x53, 0x5a, 0xa6, 0x7e, 0x69, 0x8a,
    0x72, 0x74, 0x97, 0x6c, 0x6c, 0xaf, 0x7b, 0x5b, 0xa7, 0x83,
    0x5d, 0x95, 0x7e, 0x5c, 0x92, 0x96, 0x6a, 0x68, 0x90, 0x9b,
    0x70, 0x5f, 0x8b, 0x92, 0x7a, 0x78, 0x75, 0x70, 0x97, 0x83,
    0x61, 0x77, 0x82, 0x93, 0x82, 0x60, 0x80, 0x98, 0x71, 0x8d,
    0x74, 0x61, 0xa2, 0x90, 0x4d, 0x8b, 0x95, 0x79, 0x8c, 0x68,
    0x77, 0x9b, 0x73, 0x67, 0x8f, 0x7e, 0x82, 0x87, 0x71, 0x6c,
    0x87, 0x84, 0x6b, 0x75, 0x9a, 0x7b, 0x72, 0x91, 0x82, 0x64,
    0x7f, 0x8f, 0x68, 0x94, 0x87, 0x5d, 0x86, 0x7c, 0x74, 0x9f,
    0x70, 0x52, 0x9c, 0xa1, 0x5e, 0x65, 0x88, 0x9f, 0x84, 0x62,
    0x72, 0x97, 0x92, 0x74, 0x7b, 0x70, 0x73, 0x9f, 0x91, 0x65,
    0x75, 0x91, 0x8a, 0x71, 0x71, 0x95, 0xa6, 0x71, 0x70, 0x92,
    0x79, 0x6e, 0x98, 0x86, 0x75, 0x7e, 0x78, 0x7b, 0x8a, 0x94,
    0x7a, 0x67, 0x72, 0x99, 0x8f, 0x71, 0x74, 0x84, 0x83, 0x8b,
    0x6b, 0x68, 0x8c, 0x91, 0x7f, 0x6b, 0x70, 0x9a, 0x89, 0x62,
    0x90, 0x7b, 0x6f, 0x95, 0x82, 0x56, 0x94, 0x90, 0x77, 0x81,
    0x68, 0x85, 0x9a, 0x65, 0x6c, 0x90, 0x77, 0x81, 0x87, 0x74,
    0x69, 0x85, 0x84, 0x6a, 0x79, 0x97, 0x73, 0x76, 0x94, 0x7d,
    0x60, 0x85, 0x8a, 0x6a, 0x99, 0x7e, 0x5f, 0x8b, 0x77, 0x7c,
    0x9e, 0x66, 0x57, 0xa8, 0x9b, 0x56, 0x68, 0x92, 0xa1, 0x7c,
    0x60, 0x73, 0x9b, 0x97, 0x6b, 0x73, 0x7d, 0x7a, 0x99, 0x90,
    0x67, 0x75, 0x9b, 0x86, 0x66, 0x80, 0xa0, 0x8e, 0x77, 0x7b,
    0x7f, 0x7b, 0x7e, 0x8e, 0x8e, 0x84, 0x6a, 0x6f, 0x8f, 0x9d,
    0x81, 0x65, 0x71, 0x89, 0x93, 0x84, 0x6e, 0x78, 0x94, 0x90,
    0x6d, 0x67, 0x7e, 0x9f, 0x92, 0x5d, 0x64, 0x96, 0xa1, 0x6c,
    0x62, 0x88, 0x9a, 0x7f, 0x66, 0x7d, 0x84, 0x83, 0x89, 0x6f,
    0x6d, 0x84, 0x92, 0x80, 0x62, 0x7d, 0x7c, 0x71, 0x71, 0x90,
    0x8e, 0x5c, 0x75, 0x8b, 0x84, 0x77, 0x6d, 0x70, 0x78, 0x99,
    0x7a, 0x4f, 0x75, 0x9f, 0x8f, 0x50, 0x6b, 0x8f, 0x85, 0x6f,
    0x6d, 0x8b, 0x7d, 0x81, 0x7b, 0x6d, 0x80, 0x82, 0x83, 0x7c,
    0x75, 0x7b, 0x7e, 0x85, 0x7e, 0x80, 0x7e, 0x69, 0x8b, 0xa0,
    0x7a, 0x62, 0x87, 0xa5, 0x78, 0x68, 0x89, 0xa0, 0x8c, 0x6a,
    0x70, 0x8a, 0x97, 0x7e, 0x72, 0x8c, 0x98, 0x71, 0x61, 0x8a,
    0xa9, 0x83, 0x57, 0x74, 0xa3, 0x92, 0x6b, 0x71, 0x92, 0x95,
    0x7b, 0x70, 0x79, 0x86, 0x8c, 0x81, 0x69, 0x7a, 0x92, 0x8f,
    0x70, 0x73, 0x86, 0x86, 0x77, 0x72, 0x88, 0x77, 0x77, 0x8b,
    0x79, 0x6c, 0x7a, 0x94, 0x84, 0x60, 0x78, 0x79, 0x74, 0x74,
    0x90, 0x84, 0x5c, 0x7d, 0x89, 0x82, 0x74, 0x6c, 0x6f, 0x7c,
    0x9b, 0x70, 0x4f, 0x7d, 0xa1, 0x86, 0x4d, 0x73, 0x90, 0x82,
    0x6d, 0x70, 0x8b, 0x7b, 0x83, 0x74, 0x70, 0x83, 0x83, 0x80,
    0x79, 0x77, 0x80, 0x7f, 0x81, 0x7b, 0x87, 0x7a, 0x6a, 0x93,
    0x98, 0x73, 0x67, 0x91, 0x9d, 0x72, 0x70, 0x8c, 0x98, 0x86,
    0x65, 0x72, 0x91, 0x9d, 0x75, 0x68, 0x8d, 0x9d, 0x74, 0x5f,
    0x89, 0xa3, 0x81, 0x57, 0x82, 0xab, 0x82, 0x5e, 0x81, 0xa3,
    0x84, 0x6b, 0x7f, 0x92, 0x81, 0x6a, 0x75, 0x8e, 0x91, 0x76,
    0x75, 0x8a, 0x91, 0x6e, 0x60, 0x7d, 0x94, 0x91, 0x5a, 0x5c,
    0x99, 0x99, 0x64, 0x59, 0x96, 0xa1, 0x63, 0x60, 0x7d, 0x8d,
    0x7b, 0x69, 0x70, 0x7f, 0x8a, 0x73, 0x7b, 0x79, 0x68, 0x72,
    0x86, 0x9b, 0x6c, 0x59, 0x85, 0x92, 0x7c, 0x5f, 0x71, 0x90,
    0x94, 0x72, 0x68, 0x7e, 0x8b, 0x85, 0x6e, 0x80, 0x8d, 0x6f,
    0x68, 0x84, 0x96, 0x78, 0x6d, 0x7e, 0x86, 0x81, 0x80, 0x8e,
    0x84, 0x70, 0x75, 0x8c, 0x89, 0x7a, 0x7a, 0x82, 0x8b, 0x81,
    0x7c, 0x7d, 0x76, 0x7d, 0x86, 0x80, 0x74, 0x76, 0x92, 0x84,
    0x7a, 0x87, 0x8e, 0x83, 0x6f, 0x7e, 0x83, 0x8b, 0x8d, 0x87,
    0x73, 0x63, 0x8e, 0x9f, 0x79, 0x6f, 0x84, 0x9e, 0x77, 0x5f,
    0x9b, 0xa7, 0x85, 0x65, 0x7f, 0x8e, 0x7e, 0x7e, 0x93, 0x95,
    0x79, 0x74, 0x8b, 0x94, 0x7b, 0x65, 0x74, 0x82, 0x96, 0x85,
    0x59, 0x70, 0x99, 0x8c, 0x59, 0x59, 0x9d, 0xa0, 0x66, 0x60,
    0x75, 0x7f, 0x73, 0x6e, 0x71, 0x85, 0x83, 0x70, 0x7c, 0x6e,
    0x6a, 0x77, 0x90, 0x95, 0x60, 0x65, 0x8f, 0x90, 0x72, 0x5f,
    0x79, 0x93, 0x8e, 0x6a, 0x6d, 0x81, 0x8b, 0x7d, 0x6f, 0x88,
    0x87, 0x6a, 0x6c, 0x8e, 0x91, 0x70, 0x71, 0x80, 0x86, 0x80,
    0x83, 0x90, 0x7c, 0x6f, 0x7a, 0x8f, 0x84, 0x79, 0x7d, 0x84,
    0x8a, 0x80, 0x7d, 0x77, 0x75, 0x85, 0x86, 0x77, 0x6e, 0x83,
    0x93, 0x7a, 0x76, 0x8e, 0x96, 0x7b, 0x65, 0x7c, 0x8d, 0x92,
    0x80, 0x7f, 0x77, 0x6d, 0x8e, 0x8e, 0x7e, 0x7f, 0x7b, 0x90,
    0x70, 0x75, 0x9e, 0x97, 0x82, 0x69, 0x81, 0x83, 0x85, 0x96,
    0x9e, 0x83, 0x69, 0x84, 0x99, 0x86, 0x66, 0x7f, 0x88, 0x80,
    0x89, 0x7e, 0x7e, 0x7d, 0x7f, 0x7f, 0x69, 0x62, 0x8a, 0xa3,
    0x81, 0x62, 0x61, 0x68, 0x84, 0x7f, 0x7c, 0x80, 0x78, 0x7a,
    0x74, 0x6f, 0x80, 0x87, 0x85, 0x81, 0x81, 0x86, 0x8b, 0x81,
    0x76, 0x7b, 0x78, 0x81, 0x84, 0x81, 0x79, 0x6a, 0x6c, 0x83,
    0x90, 0x6e, 0x57, 0x5e, 0x75, 0x8b, 0x72, 0x72, 0x88, 0x7c,
    0x84, 0x94, 0x88, 0x7f, 0x75, 0x6b, 0x79, 0x75, 0x67, 0x7a,
    0x87, 0x82, 0x80, 0x79, 0x7b, 0x77, 0x7d, 0x80, 0x7b, 0x78,
    0x7c, 0x7e, 0x7f, 0x7c, 0x81, 0x86, 0x80, 0x7c, 0x80, 0x85,
    0x8d, 0x84, 0x82, 0x80, 0x7c, 0x90, 0x8a, 0x84, 0x86, 0x85,
    0x93, 0x81, 0x80, 0x97, 0x94, 0x83, 0x78, 0x85, 0x88, 0x8c,
    0x91, 0x8f, 0x81, 0x6b, 0x7f, 0x8f, 0x84, 0x6e, 0x7e, 0x85,
    0x7f, 0x86, 0x7c, 0x7d, 0x7d, 0x7d, 0x7f, 0x6c, 0x68, 0x86,
    0x9d, 0x80, 0x67, 0x64, 0x6b, 0x83, 0x80, 0x7c, 0x80, 0x78,
    0x7b, 0x73, 0x71, 0x7e, 0x87, 0x84, 0x80, 0x80, 0x84, 0x8c,
    0x81, 0x77, 0x7a, 0x78, 0x80, 0x85, 0x81, 0x7a, 0x6a, 0x6c,
    0x84, 0x91, 0x70, 0x57, 0x5e, 0x75, 0x8b, 0x73, 0x72, 0x88,
    0x7d, 0x84, 0x94, 0x88, 0x7e, 0x76, 0x6b, 0x78, 0x75, 0x67,
    0x7a, 0x87, 0x81, 0x80, 0x7a, 0x7b, 0x78, 0x7b, 0x80, 0x7b,
    0x7c, 0x7b, 0x7a, 0x80, 0x7d, 0x7e, 0x80, 0x81, 0x83, 0x81,
    0x80, 0x89, 0x83, 0x84, 0x82, 0x84, 0x8d, 0x86, 0x85, 0x87,
    0x89, 0x8f, 0x8a, 0x86, 0x8c, 0x8b, 0x82, 0x85, 0x87, 0x87,
    0x8e, 0x85, 0x7d, 0x7b, 0x76, 0x78, 0x7f, 0x7e, 0x7f, 0x7c,
    0x7c, 0x7e, 0x80, 0x7c, 0x7c, 0x7d, 0x7e, 0x7c, 0x7e, 0x7d,
    0x7d, 0x7d, 0x7c, 0x7d, 0x7d, 0x7c, 0x7d, 0x7c, 0x7d, 0x7d,
    0x7c, 0x7d, 0x7b, 0x7d, 0x7b, 0x7c, 0x7c, 0x7c, 0x7c, 0x7c,
    0x7d, 0x7c, 0x7d, 0x7c, 0x7d, 0x7c, 0x7d, 0x7c, 0x7c, 0x7d,
    0x7b, 0x7d, 0x7c, 0x7d, 0x7b, 0x7d, 0x7c, 0x7d, 0x7d, 0x7d,
    0x7e, 0x7d, 0x7e, 0x7e, 0x7c, 0x7e, 0x7d, 0x7e, 0x7d, 0x7e,
    0x7c, 0x7e, 0x7d, 0x7e, 0x7f, 0x7d, 0x7e, 0x7e, 0x7d, 0x7f,
    0x7d, 0x7e, 0x7d, 0x7e, 0x7d, 0x7e, 0x7d, 0x7f, 0x7f, 0x7f,
    0x7f, 0x7e, 0x81, 0x80, 0x80, 0x80, 0x80, 0x84, 0x81, 0x81,
    0x81, 0x83, 0x85, 0x84, 0x81, 0x86, 0x84, 0x81, 0x81, 0x83,
    0x84, 0x88, 0x83, 0x7d, 0x7d, 0x79, 0x7b, 0x7e, 0x7e, 0x7f,
    0x7d, 0x7d, 0x7e, 0x7f, 0x7d, 0x7c, 0x7e, 0x7d, 0x7e, 0x7d,
    0x7e, 0x7d, 0x7d, 0x7e, 0x7e, 0x7c, 0x7d, 0x7c, 0x7d, 0x7d,
    0x7d, 0x7d, 0x7d, 0x7c, 0x7c, 0x7c, 0x7b, 0x7d, 0x7c, 0x7b,
    0x7d, 0x7c, 0x7d, 0x7c, 0x7d, 0x7d, 0x7c, 0x7d, 0x7b, 0x7d,
    0x7d, 0x7b, 0x7d, 0x7c, 0x7d, 0x7d, 0x7c, 0x7d, 0x7c, 0x7d,
    0x7d, 0x7d, 0x7e, 0x7d, 0x7e, 0x7d, 0x7e, 0x7e, 0x7d, 0x7e,
    0x7e, 0x7e, 0x7d, 0x7e, 0x7d, 0x7f, 0x7e, 0x7f, 0x7f, 0x7e,
    0x7f, 0x7e, 0x7e, 0x7e, 0x7d, 0x7e, 0x7e, 0x7d, 0x7e, 0x7e,
    0x7f, 0x7d, 0x7e, 0x7d, 0x7e, 0x7d, 0x7f, 0x7d, 0x7f, 0x7e,
    0x7e, 0x7e, 0x7e, 0x7f, 0x7e, 0x7f, 0x7e, 0x7f, 0x7e, 0x7f,
    0x7e, 0x7e, 0x7f, 0x7e, 0x7f, 0x7e, 0x7f, 0x7e, 0x7f, 0x7f,
    0x7e, 0x7f, 0x7e, 0x7f, 0x7e, 0x7f, 0x7e, 0x7f, 0x7f, 0x7e,
    0x7f, 0x7e, 0x7f, 0x7e, 0x7f, 0x7e, 0x7f, 0x7e, 0x7f, 0x7f,
    0x7f, 0x7d, 0x7e, 0x7d, 0x7e, 0x7e, 0x7f, 0x7e, 0x7e, 0x7e,
    0x7d, 0x7e, 0x7e, 0x7d, 0x7e, 0x7d, 0x7e, 0x7d, 0x7e, 0x7d,
    0x7e, 0x7d, 0x7e, 0x7e, 0x7d, 0x7e, 0x7d, 0x7e, 0x7c, 0x7d,
    0x7d, 0x7d, 0x7e, 0x7d, 0x7e, 0x7d, 0x7e, 0x7d, 0x7d, 0x7c,
    0x7d, 0x7e, 0x7d, 0x7e, 0x7d, 0x7d, 0x7e, 0x7d, 0x7e, 0x7d,
    0x7e, 0x7e, 0x7e, 0x7e, 0x7e, 0x7d, 0x7e, 0x7d, 0x7e, 0x7d,
    0x7e, 0x7e, 0x7d, 0x7e, 0x7d, 0x7e, 0x7e, 0x7d, 0x7e, 0x7d,
    0x7e, 0x7d, 0x7f, 0x7d, 0x7e, 0x7e, 0x7f, 0x7e, 0x7e, 0x7e,
    0x7d, 0x7f, 0x7e, 0x7f, 0x7e, 0x7f, 0x7e, 0x7f, 0x7f, 0x7e,
    0x7f, 0x7f, 0x7e, 0x7f, 0x7e, 0x7e, 0x7e, 0x7e, 0x7d, 0x7f,
    0x7f, 0x7e, 0x7f, 0x7f, 0x7e, 0x7f, 0x7e, 0x7f, 0x7e, 0x7f,
    0x7e, 0x7f, 0x7e, 0x7e, 0x7d, 0x7e, 0x7e, 0x7e, 0x7d, 0x7e,
    0x7d, 0x7f, 0x7e, 0x7d, 0x7e, 0x7d, 0x7d, 0x7e, 0x7d, 0x7e,
    0x7d, 0x7e, 0x7d, 0x7e, 0x7d, 0x7e, 0x7e, 0x7d, 0x7e, 0x7d,
    0x7e, 0x7c, 0x7d, 0x7e, 0x7d, 0x7c, 0x7d, 0x7c, 0x7e, 0x7d,
    0x7e, 0x7d, 0x7e, 0x7e, 0x7d, 0x7e, 0x7d, 0x7e, 0x7d, 0x7e,
    0x7d, 0x7e, 0x7d, 0x7e, 0x7e, 0x7e, 0x7d, 0x7e, 0x7d, 0x7e,
    0x7e, 0x7d, 0x7e, 0x7e, 0x7d, 0x7e, 0x7d, 0x7e, 0x7e, 0x7e,
    0x7f, 0x7e, 0x7d, 0x7e, 0x7d, 0x7e, 0x7e, 0x7f, 0x7e, 0x7f,
    0x7f, 0x7e, 0x7f, 0x7e, 0x7f, 0x7e, 0x7f, 0x7e, 0x7f, 0x7e,
    0x7f, 0x7e, 0x7e, 0x7f, 0x7f, 0x7f, 0x7f, 0x7f, 0x7e, 0x7f,
    0x7e, 0x7f, 0x7f, 0x7f, 0x7e, 0x7f, 0x7e, 0x7f, 0x7e, 0x7e,
    0x7f, 0x7f, 0x7e, 0x7f, 0x7e, 0x7f, 0x7f, 0x7e, 0x7f, 0x7e,
    0x7f, 0x7e, 0x7f, 0x7f, 0x7e, 0x7f, 0x7e, 0x7f, 0x7e, 0x7e,
    0x7e, 0x7f, 0x7f, 0x7e, 0x7f, 0x7f, 0x7f, 0x7f, 0x7e, 0x7f,
    0x7e, 0x7f, 0x7e, 0x7f, 0x7e, 0x7f, 0x7e, 0x7f, 0x7e, 0x7e,
    0x7e, 0x7f, 0x7e, 0x7e, 0x7f, 0x7e, 0x7f, 0x7e, 0x7f, 0x7f,
    0x7d, 0x7e, 0x7e, 0x7f, 0x7f, 0x7f, 0x7e, 0x7f, 0x7e, 0x7f,
    0x7e, 0x7f, 0x7e, 0x7e, 0x7e, 0x7e, 0x7d, 0x7e, 0x7d, 0x7e,
    0x7d, 0x7e, 0x7d, 0x7e, 0x7d, 0x7e, 0x7d, 0x7f, 0x7d, 0x7e,
    0x7d, 0x7f, 0x7d, 0x7f, 0x7e, 0x7f, 0x7e, 0x7d, 0x7e, 0x7f,
    0x7e, 0x7f, 0x7e, 0x7f, 0x7f, 0x7e, 0x7f, 0x7e, 0x7f, 0x7f,
    0x7e, 0x7f, 0x7e, 0x7e, 0x7e, 0x7e, 0x7d, 0x7e, 0x7e, 0x7d,
    0x7e, 0x7d, 0x7e, 0x7d, 0x7e, 0x7e, 0x7e, 0x7e, 0x7d, 0x7e,
    0x7d, 0x7e, 0x7d, 0x7e, 0x7e, 0x7d, 0x7e, 0x7d, 0x7e, 0x7f,
    0x7e, 0x7f, 0x7e, 0x7f, 0x7e, 0x7f, 0x7e, 0x7f, 0x7e, 0x7f,
    0x7e, 0x7f, 0x7e, 0x7f, 0x7e, 0x7f, 0x7e, 0x7f, 0x7e, 0x7f,
    0x7e, 0x7f, 0x7e, 0x7e, 0x7e, 0x7e, 0x7f, 0x7e, 0x7f, 0x7e,
    0x7f, 0x7e, 0x7f, 0x7d, 0x7f, 0x7e, 0x7f, 0x7e, 0x7f, 0x7e,
    0x7f, 0x7e, 0x7f, 0x7e, 0x7f, 0x7d, 0x7e, 0x7e, 0x7d, 0x7e,
    0x7d, 0x7e, 0x7e, 0x7d, 0x7e, 0x7e, 0x7e, 0x7f, 0x7e, 0x7f,
    0x7e, 0x7f, 0x7e, 0x7f, 0x7e, 0x7f, 0x7e, 0x7f, 0x7e, 0x7f,
    0x7e, 0x7f, 0x7e, 0x7f, 0x7e, 0x7f, 0x7e, 0x7f, 0x7e, 0x7f,
    0x7f, 0x7f, 0x7f, 0x7f, 0x7e, 0x7f, 0x7e, 0x7e, 0x7e, 0x7e,
    0x7e, 0x7e, 0x7e, 0x7d, 0x7e, 0x7d, 0x7e, 0x7e, 0x7d, 0x7e,
    0x7d, 0x7e, 0x7d, 0x7e, 0x7e, 0x7e, 0x7d, 0x7e, 0x7d, 0x7e,
    0x7f, 0x7e, 0x7f, 0x7e, 0x7f, 0x7e, 0x7f, 0x7e, 0x7f, 0x7e,
    0x7f, 0x7e, 0x7f, 0x7e, 0x7f, 0x7e, 0x7f, 0x7e, 0x7f, 0x7e,
    0x7f, 0x7f, 0x7e, 0x7f, 0x7e, 0x7f, 0x7f, 0x7f, 0x7e, 0x7f,
    0x7e, 0x7e, 0x7e, 0x7d, 0x7e, 0x7d, 0x7e, 0x7d, 0x7e, 0x7e,
    0x7d, 0x7e, 0x7d, 0x7e, 0x7e, 0x7e, 0x7d, 0x7e, 0x7d, 0x7e,
    0x7d, 0x7e, 0x7d, 0x7e, 0x7f, 0x7f, 0x80, 0x7f, 0x7f, 0x80,
    0x7e, 0x80, 0x7e, 0x80, 0x7f, 0x7f, 0x7f, 0x80, 0x7e, 0x80,
    0x7e, 0x80, 0x7f, 0x80, 0x7e, 0x80, 0x7e, 0x80, 0x7f, 0x7f,
    0x7f, 0x7f, 0x7e, 0x7f, 0x7f, 0x7e, 0x7f, 0x7e,
};


unsigned char PROGMEM sound_idle[14042] = {
    0x52, 0x49, 0x46, 0x46, 0xd2, 0x36, 0x0, 0x0, 0x57, 0x41,
    0x56, 0x45, 0x66, 0x6d, 0x74, 0x20, 0x10, 0x0, 0x0, 0x0,
    0x1, 0x0, 0x1, 0x0, 0x80, 0x3e, 0x0, 0x0, 0x80, 0x3e,
    0x0, 0x0, 0x1, 0x0, 0x8, 0x0, 0x64, 0x61, 0x74, 0x61,
    0xae, 0x36, 0x0, 0x0, 0x7f, 0x7f, 0x7f, 0x7e, 0x7e, 0x7d,
    0x7c, 0x7c, 0x7b, 0x7a, 0x7a, 0x79, 0x78, 0x78, 0x77, 0x77,
    0x76, 0x76, 0x75, 0x75, 0x75, 0x74, 0x75, 0x74, 0x74, 0x73,
    0x72, 0x73, 0x71, 0x71, 0x70, 0x70, 0x6f, 0x6e, 0x6d, 0x6b,
    0x69, 0x69, 0x67, 0x68, 0x66, 0x67, 0x66, 0x67, 0x67, 0x66,
    0x68, 0x67, 0x69, 0x68, 0x6a, 0x6a, 0x6b, 0x6c, 0x6c, 0x6e,
    0x6e, 0x71, 0x71, 0x73, 0x74, 0x74, 0x75, 0x75, 0x77, 0x77,
    0x76, 0x78, 0x78, 0x79, 0x7b, 0x7b, 0x7e, 0x7f, 0x80, 0x80,
    0x82, 0x82, 0x84, 0x85, 0x84, 0x86, 0x85, 0x86, 0x86, 0x86,
    0x87, 0x87, 0x89, 0x89, 0x8a, 0x8a, 0x8c, 0x8d, 0x8e, 0x8f,
    0x90, 0x90, 0x92, 0x93, 0x93, 0x93, 0x95, 0x94, 0x95, 0x95,
    0x97, 0x95, 0x97, 0x97, 0x97, 0x97, 0x97, 0x97, 0x98, 0x97,
    0x97, 0x97, 0x98, 0x98, 0x97, 0x98, 0x97, 0x97, 0x96, 0x96,
    0x95, 0x94, 0x93, 0x93, 0x91, 0x92, 0x90, 0x90, 0x8f, 0x8e,
    0x8d, 0x8c, 0x8b, 0x89, 0x89, 0x88, 0x89, 0x87, 0x89, 0x88,
    0x88, 0x88, 0x89, 0x88, 0x8a, 0x8b, 0x8a, 0x8c, 0x8c, 0x8a,
    0x8b, 0x8b, 0x89, 0x8a, 0x8a, 0x8a, 0x88, 0x88, 0x87, 0x87,
    0x86, 0x84, 0x84, 0x83, 0x81, 0x80, 0x7e, 0x7e, 0x7c, 0x7b,
    0x7a, 0x78, 0x78, 0x76, 0x76, 0x75, 0x75, 0x73, 0x74, 0x72,
    0x74, 0x74, 0x73, 0x72, 0x73, 0x72, 0x73, 0x73, 0x72, 0x73,
    0x73, 0x73, 0x74, 0x73, 0x74, 0x73, 0x73, 0x73, 0x72, 0x72,
    0x71, 0x6f, 0x6f, 0x6e, 0x6c, 0x6c, 0x6a, 0x6b, 0x69, 0x69,
    0x67, 0x65, 0x64, 0x67, 0x70, 0x74, 0x75, 0x75, 0x77, 0x74,
    0x6c, 0x66, 0x61, 0x5d, 0x59, 0x58, 0x58, 0x57, 0x58, 0x5b,
    0x5d, 0x62, 0x66, 0x6a, 0x71, 0x76, 0x7b, 0x7e, 0x80, 0x82,
    0x82, 0x82, 0x81, 0x82, 0x83, 0x83, 0x85, 0x84, 0x86, 0x86,
    0x86, 0x85, 0x84, 0x82, 0x80, 0x7d, 0x7c, 0x7a, 0x78, 0x78,
    0x77, 0x76, 0x78, 0x78, 0x7b, 0x7c, 0x7f, 0x80, 0x80, 0x82,
    0x82, 0x84, 0x85, 0x84, 0x85, 0x84, 0x85, 0x85, 0x85, 0x86,
    0x86, 0x89, 0x8a, 0x89, 0x8b, 0x8a, 0x8b, 0x89, 0x89, 0x88,
    0x86, 0x87, 0x86, 0x87, 0x87, 0x86, 0x86, 0x86, 0x85, 0x86,
    0x83, 0x84, 0x84, 0x84, 0x84, 0x82, 0x83, 0x82, 0x83, 0x83,
    0x84, 0x83, 0x84, 0x84, 0x85, 0x84, 0x83, 0x85, 0x84, 0x86,
    0x85, 0x87, 0x86, 0x88, 0x88, 0x89, 0x8a, 0x8b, 0x8d, 0x8c,
    0x8d, 0x8c, 0x8d, 0x8c, 0x8d, 0x8c, 0x8b, 0x8a, 0x88, 0x88,
    0x86, 0x86, 0x85, 0x85, 0x84, 0x85, 0x85, 0x85, 0x85, 0x87,
    0x86, 0x88, 0x88, 0x8a, 0x89, 0x8a, 0x89, 0x89, 0x88, 0x87,
    0x87, 0x87, 0x85, 0x86, 0x85, 0x86, 0x84, 0x85, 0x83, 0x83,
    0x81, 0x81, 0x7f, 0x7f, 0x7e, 0x7c, 0x7c, 0x7a, 0x7b, 0x7a,
    0x78, 0x78, 0x76, 0x76, 0x74, 0x74, 0x72, 0x73, 0x72, 0x73,
    0x72, 0x73, 0x73, 0x72, 0x73, 0x73, 0x74, 0x74, 0x76, 0x77,
    0x76, 0x79, 0x79, 0x7a, 0x7b, 0x7a, 0x7c, 0x7b, 0x7c, 0x7c,
    0x7d, 0x7c, 0x7d, 0x7d, 0x7c, 0x7d, 0x7b, 0x7b, 0x7a, 0x7b,
    0x7a, 0x79, 0x79, 0x78, 0x79, 0x78, 0x78, 0x79, 0x78, 0x79,
    0x79, 0x7a, 0x79, 0x7a, 0x79, 0x7b, 0x7a, 0x7c, 0x7c, 0x7c,
    0x7d, 0x7c, 0x7e, 0x7e, 0x7f, 0x7f, 0x7f, 0x80, 0x80, 0x82,
    0x81, 0x82, 0x82, 0x83, 0x82, 0x83, 0x82, 0x83, 0x82, 0x83,
    0x82, 0x83, 0x81, 0x82, 0x81, 0x82, 0x81, 0x81, 0x7f, 0x7f,
    0x7f, 0x7d, 0x7e, 0x7d, 0x7d, 0x7d, 0x7c, 0x7c, 0x7b, 0x7c,
    0x7b, 0x79, 0x79, 0x79, 0x78, 0x79, 0x79, 0x7a, 0x7b, 0x7b,
    0x7d, 0x7f, 0x80, 0x82, 0x84, 0x84, 0x86, 0x86, 0x88, 0x87,
    0x89, 0x88, 0x89, 0x89, 0x8a, 0x8a, 0x89, 0x8b, 0x8b, 0x89,
    0x8a, 0x89, 0x8a, 0x89, 0x88, 0x88, 0x87, 0x86, 0x86, 0x84,
    0x85, 0x83, 0x84, 0x83, 0x83, 0x83, 0x82, 0x83, 0x83, 0x82,
    0x83, 0x83, 0x81, 0x83, 0x82, 0x83, 0x83, 0x85, 0x84, 0x86,
    0x86, 0x87, 0x87, 0x85, 0x86, 0x86, 0x86, 0x85, 0x84, 0x85,
    0x83, 0x83, 0x81, 0x81, 0x80, 0x7f, 0x7e, 0x7d, 0x7d, 0x7c,
    0x7d, 0x7c, 0x7c, 0x7d, 0x7b, 0x7c, 0x7d, 0x7d, 0x7e, 0x7e,
    0x80, 0x7f, 0x80, 0x7f, 0x80, 0x7f, 0x80, 0x7f, 0x81, 0x80,
    0x81, 0x81, 0x82, 0x81, 0x82, 0x82, 0x80, 0x81, 0x80, 0x80,
    0x7f, 0x80, 0x7f, 0x7f, 0x7e, 0x7e, 0x7e, 0x7c, 0x7d, 0x7d,
    0x7c, 0x7d, 0x7d, 0x7c, 0x7e, 0x7d, 0x7f, 0x7f, 0x7e, 0x80,
    0x7f, 0x81, 0x80, 0x82, 0x82, 0x84, 0x84, 0x85, 0x86, 0x86,
    0x86, 0x87, 0x86, 0x87, 0x86, 0x87, 0x86, 0x87, 0x87, 0x85,
    0x86, 0x84, 0x85, 0x82, 0x82, 0x7f, 0x7d, 0x7a, 0x7f, 0x86,
    0x87, 0x87, 0x85, 0x86, 0x80, 0x77, 0x71, 0x6b, 0x67, 0x62,
    0x60, 0x5c, 0x5a, 0x5b, 0x5b, 0x5e, 0x60, 0x65, 0x68, 0x6f,
    0x74, 0x79, 0x7c, 0x7f, 0x80, 0x81, 0x82, 0x81, 0x83, 0x82,
    0x84, 0x86, 0x85, 0x87, 0x87, 0x86, 0x85, 0x83, 0x81, 0x7e,
    0x7d, 0x7a, 0x75, 0x73, 0x6f, 0x6d, 0x6b, 0x6b, 0x6c, 0x6b,
    0x6c, 0x6c, 0x6d, 0x6d, 0x6c, 0x6d, 0x6d, 0x6e, 0x6d, 0x6e,
    0x6d, 0x6e, 0x6d, 0x6e, 0x6e, 0x70, 0x72, 0x73, 0x75, 0x76,
    0x76, 0x78, 0x77, 0x77, 0x77, 0x77, 0x79, 0x79, 0x7a, 0x7b,
    0x7b, 0x7a, 0x7b, 0x7a, 0x7a, 0x79, 0x79, 0x78, 0x79, 0x78,
    0x78, 0x77, 0x76, 0x77, 0x78, 0x79, 0x78, 0x7a, 0x7a, 0x7a,
    0x79, 0x7b, 0x7b, 0x7c, 0x7d, 0x7e, 0x7e, 0x80, 0x80, 0x83,
    0x84, 0x86, 0x88, 0x8a, 0x8a, 0x8d, 0x8d, 0x8f, 0x90, 0x91,
    0x91, 0x91, 0x90, 0x91, 0x90, 0x91, 0x91, 0x92, 0x91, 0x93,
    0x93, 0x94, 0x94, 0x96, 0x95, 0x97, 0x98, 0x99, 0x99, 0x9b,
    0x9b, 0x99, 0x9a, 0x99, 0x97, 0x98, 0x96, 0x96, 0x96, 0x97,
    0x96, 0x97, 0x95, 0x96, 0x95, 0x95, 0x94, 0x95, 0x93, 0x94,
    0x94, 0x94, 0x93, 0x94, 0x94, 0x92, 0x93, 0x92, 0x8f, 0x8f,
    0x8d, 0x8b, 0x8b, 0x89, 0x89, 0x86, 0x86, 0x85, 0x83, 0x82,
    0x80, 0x80, 0x7e, 0x7f, 0x7e, 0x7d, 0x7e, 0x7d, 0x7d, 0x7d,
    0x7c, 0x7c, 0x7b, 0x7c, 0x7c, 0x7b, 0x7c, 0x7b, 0x7c, 0x7c,
    0x7b, 0x7b, 0x7a, 0x7b, 0x7b, 0x7b, 0x7a, 0x7b, 0x79, 0x7a,
    0x78, 0x79, 0x78, 0x78, 0x77, 0x77, 0x75, 0x74, 0x72, 0x71,
    0x70, 0x70, 0x6f, 0x6e, 0x6c, 0x6c, 0x6b, 0x6b, 0x6a, 0x69,
    0x6a, 0x6a, 0x69, 0x6b, 0x6a, 0x6b, 0x6a, 0x6b, 0x6b, 0x6b,
    0x6b, 0x6c, 0x6b, 0x6c, 0x6c, 0x6d, 0x6d, 0x6e, 0x6f, 0x6e,
    0x70, 0x6f, 0x70, 0x6e, 0x6f, 0x6f, 0x6e, 0x6f, 0x6e, 0x6f,
    0x6e, 0x6d, 0x6e, 0x6d, 0x6e, 0x6e, 0x6c, 0x6d, 0x6c, 0x6c,
    0x6e, 0x6d, 0x6f, 0x71, 0x71, 0x73, 0x74, 0x76, 0x77, 0x7a,
    0x7a, 0x7d, 0x7d, 0x80, 0x81, 0x81, 0x83, 0x83, 0x85, 0x86,
    0x87, 0x87, 0x89, 0x89, 0x8b, 0x8a, 0x8c, 0x8d, 0x8c, 0x8d,
    0x8e, 0x8d, 0x8e, 0x8d, 0x8f, 0x8e, 0x8f, 0x8f, 0x90, 0x90,
    0x8f, 0x91, 0x90, 0x91, 0x90, 0x92, 0x91, 0x93, 0x93, 0x94,
    0x94, 0x95, 0x96, 0x98, 0x98, 0x9a, 0x9a, 0x9b, 0x9b, 0x9d,
    0x9c, 0x9d, 0x9d, 0x9e, 0x9e, 0x9d, 0x9e, 0x9c, 0x9b, 0x9a,
    0x97, 0x97, 0x94, 0x94, 0x92, 0x90, 0x90, 0x8e, 0x8e, 0x8b,
    0x8a, 0x89, 0x88, 0x88, 0x87, 0x87, 0x86, 0x84, 0x84, 0x81,
    0x80, 0x81, 0x7f, 0x80, 0x80, 0x7f, 0x80, 0x80, 0x81, 0x80,
    0x80, 0x81, 0x80, 0x81, 0x81, 0x80, 0x81, 0x80, 0x80, 0x7f,
    0x80, 0x7e, 0x7f, 0x7e, 0x7d, 0x7d, 0x7b, 0x7b, 0x79, 0x79,
    0x78, 0x77, 0x76, 0x74, 0x74, 0x73, 0x72, 0x72, 0x70, 0x71,
    0x70, 0x71, 0x70, 0x71, 0x71, 0x70, 0x71, 0x71, 0x70, 0x71,
    0x72, 0x70, 0x71, 0x71, 0x72, 0x72, 0x71, 0x72, 0x71, 0x70,
    0x71, 0x6f, 0x6f, 0x6c, 0x6c, 0x6a, 0x6f, 0x74, 0x77, 0x77,
    0x77, 0x77, 0x71, 0x69, 0x62, 0x5d, 0x57, 0x54, 0x50, 0x4f,
    0x4c, 0x4e, 0x4e, 0x51, 0x54, 0x58, 0x5c, 0x64, 0x6a, 0x70,
    0x75, 0x77, 0x79, 0x7a, 0x7c, 0x7b, 0x7d, 0x7e, 0x80, 0x81,
    0x84, 0x84, 0x86, 0x85, 0x86, 0x84, 0x83, 0x81, 0x7f, 0x7d,
    0x79, 0x78, 0x75, 0x75, 0x74, 0x75, 0x76, 0x76, 0x79, 0x7a,
    0x7a, 0x7c, 0x7c, 0x7c, 0x7e, 0x7f, 0x7e, 0x7f, 0x7f, 0x7e,
    0x7f, 0x80, 0x7f, 0x82, 0x84, 0x84, 0x87, 0x88, 0x88, 0x8a,
    0x8a, 0x8b, 0x8b, 0x8c, 0x8d, 0x8e, 0x90, 0x90, 0x92, 0x92,
    0x93, 0x91, 0x92, 0x90, 0x90, 0x8f, 0x8f, 0x8d, 0x8e, 0x8b,
    0x8c, 0x8b, 0x8a, 0x8a, 0x89, 0x8a, 0x89, 0x87, 0x87, 0x86,
    0x85, 0x85, 0x84, 0x85, 0x84, 0x86, 0x85, 0x86, 0x86, 0x88,
    0x88, 0x8b, 0x8a, 0x8c, 0x8c, 0x8e, 0x8f, 0x8f, 0x90, 0x8f,
    0x91, 0x90, 0x91, 0x90, 0x91, 0x91, 0x90, 0x91, 0x91, 0x91,
    0x92, 0x91, 0x92, 0x91, 0x92, 0x91, 0x91, 0x8f, 0x8e, 0x8c,
    0x8b, 0x88, 0x87, 0x85, 0x83, 0x83, 0x81, 0x82, 0x80, 0x81,
    0x7f, 0x7f, 0x7e, 0x7e, 0x7e, 0x7d, 0x7e, 0x7e, 0x7e, 0x7d,
    0x7f, 0x7d, 0x7e, 0x7d, 0x7e, 0x7e, 0x7c, 0x7c, 0x7a, 0x7a,
    0x79, 0x78, 0x76, 0x76, 0x75, 0x75, 0x73, 0x73, 0x72, 0x72,
    0x71, 0x72, 0x72, 0x73, 0x73, 0x72, 0x74, 0x73, 0x74, 0x74,
    0x75, 0x74, 0x76, 0x75, 0x76, 0x76, 0x77, 0x77, 0x77, 0x76,
    0x77, 0x77, 0x78, 0x77, 0x78, 0x77, 0x78, 0x78, 0x77, 0x78,
    0x77, 0x79, 0x78, 0x79, 0x78, 0x77, 0x77, 0x76, 0x75, 0x76,
    0x75, 0x76, 0x76, 0x76, 0x76, 0x77, 0x76, 0x78, 0x78, 0x7a,
    0x7a, 0x7c, 0x7c, 0x7d, 0x7d, 0x7e, 0x7e, 0x7f, 0x7f, 0x81,
    0x81, 0x82, 0x83, 0x84, 0x84, 0x86, 0x87, 0x87, 0x89, 0x88,
    0x8a, 0x8a, 0x89, 0x8a, 0x88, 0x89, 0x88, 0x86, 0x86, 0x85,
    0x84, 0x83, 0x81, 0x81, 0x7e, 0x7d, 0x7b, 0x7b, 0x79, 0x7a,
    0x79, 0x7a, 0x79, 0x7a, 0x7a, 0x7b, 0x7b, 0x7d, 0x7d, 0x80,
    0x80, 0x82, 0x81, 0x83, 0x83, 0x85, 0x86, 0x86, 0x88, 0x88,
    0x8a, 0x8b, 0x8b, 0x8c, 0x8c, 0x8d, 0x8d, 0x8c, 0x8d, 0x8c,
    0x8c, 0x8b, 0x8b, 0x8a, 0x89, 0x87, 0x87, 0x85, 0x85, 0x83,
    0x83, 0x82, 0x7f, 0x80, 0x7d, 0x7e, 0x7c, 0x7d, 0x7e, 0x7e,
    0x7e, 0x80, 0x81, 0x81, 0x82, 0x82, 0x83, 0x83, 0x84, 0x86,
    0x86, 0x87, 0x86, 0x87, 0x86, 0x86, 0x84, 0x85, 0x83, 0x83,
    0x82, 0x81, 0x80, 0x7e, 0x7e, 0x7d, 0x7c, 0x7b, 0x79, 0x79,
    0x78, 0x79, 0x77, 0x78, 0x78, 0x77, 0x77, 0x76, 0x76, 0x75,
    0x76, 0x76, 0x76, 0x77, 0x76, 0x78, 0x78, 0x79, 0x79, 0x79,
    0x7b, 0x7b, 0x7c, 0x7c, 0x7d, 0x7d, 0x7f, 0x7e, 0x7f, 0x7f,
    0x80, 0x80, 0x80, 0x80, 0x7f, 0x80, 0x7f, 0x80, 0x80, 0x7f,
    0x80, 0x7f, 0x7f, 0x7e, 0x80, 0x7f, 0x80, 0x81, 0x81, 0x82,
    0x81, 0x82, 0x81, 0x82, 0x81, 0x83, 0x82, 0x83, 0x83, 0x84,
    0x83, 0x84, 0x84, 0x84, 0x83, 0x84, 0x84, 0x85, 0x84, 0x85,
    0x84, 0x83, 0x82, 0x86, 0x8b, 0x8f, 0x8f, 0x90, 0x90, 0x8d,
    0x86, 0x7f, 0x78, 0x74, 0x6e, 0x6c, 0x66, 0x65, 0x63, 0x61,
    0x63, 0x63, 0x66, 0x69, 0x6f, 0x72, 0x77, 0x7a, 0x7d, 0x7e,
    0x7d, 0x7e, 0x7d, 0x7d, 0x7f, 0x7f, 0x81, 0x83, 0x83, 0x85,
    0x84, 0x85, 0x85, 0x84, 0x82, 0x80, 0x7f, 0x7c, 0x7b, 0x79,
    0x77, 0x76, 0x76, 0x76, 0x77, 0x78, 0x77, 0x78, 0x77, 0x78,
    0x77, 0x77, 0x76, 0x76, 0x75, 0x73, 0x72, 0x70, 0x71, 0x6f,
    0x71, 0x71, 0x71, 0x74, 0x73, 0x75, 0x76, 0x76, 0x77, 0x76,
    0x77, 0x77, 0x79, 0x7a, 0x7c, 0x7c, 0x7e, 0x7d, 0x7e, 0x7d,
    0x7c, 0x7c, 0x7b, 0x7c, 0x7b, 0x7b, 0x7b, 0x79, 0x7a, 0x79,
    0x7a, 0x79, 0x7a, 0x7a, 0x79, 0x79, 0x78, 0x78, 0x78, 0x79,
    0x78, 0x79, 0x7b, 0x7b, 0x7d, 0x7e, 0x7d, 0x80, 0x80, 0x82,
    0x82, 0x85, 0x85, 0x88, 0x88, 0x8a, 0x8b, 0x8a, 0x8c, 0x8b,
    0x8d, 0x8d, 0x8e, 0x8f, 0x8f, 0x91, 0x91, 0x92, 0x93, 0x95,
    0x94, 0x96, 0x96, 0x97, 0x95, 0x96, 0x95, 0x95, 0x94, 0x93,
    0x93, 0x92, 0x92, 0x91, 0x91, 0x90, 0x91, 0x90, 0x91, 0x90,
    0x90, 0x91, 0x91, 0x92, 0x92, 0x93, 0x93, 0x94, 0x94, 0x95,
    0x94, 0x95, 0x94, 0x95, 0x93, 0x93, 0x92, 0x92, 0x90, 0x90,
    0x8e, 0x8d, 0x8a, 0x8a, 0x87, 0x87, 0x84, 0x84, 0x83, 0x81,
    0x81, 0x7f, 0x7f, 0x7e, 0x7c, 0x7c, 0x7a, 0x7a, 0x78, 0x78,
    0x76, 0x77, 0x75, 0x76, 0x75, 0x73, 0x74, 0x73, 0x74, 0x75,
    0x74, 0x75, 0x74, 0x76, 0x75, 0x75, 0x76, 0x76, 0x76, 0x77,
    0x75, 0x75, 0x73, 0x73, 0x71, 0x72, 0x70, 0x70, 0x6f, 0x6f,
    0x6d, 0x6d, 0x6b, 0x6b, 0x69, 0x6a, 0x69, 0x68, 0x69, 0x69,
    0x67, 0x68, 0x67, 0x67, 0x68, 0x68, 0x67, 0x69, 0x69, 0x6a,
    0x6a, 0x6d, 0x6c, 0x6f, 0x6f, 0x71, 0x73, 0x74, 0x73, 0x75,
    0x74, 0x76, 0x75, 0x76, 0x75, 0x75, 0x74, 0x75, 0x73, 0x73,
    0x71, 0x70, 0x6e, 0x6e, 0x6c, 0x6b, 0x6c, 0x6b, 0x6c, 0x6c,
    0x6e, 0x6e, 0x70, 0x72, 0x72, 0x74, 0x75, 0x76, 0x79, 0x79,
    0x7b, 0x7d, 0x7d, 0x80, 0x81, 0x83, 0x84, 0x86, 0x87, 0x89,
    0x89, 0x8c, 0x8d, 0x8d, 0x8f, 0x8f, 0x8f, 0x90, 0x90, 0x92,
    0x92, 0x91, 0x92, 0x92, 0x92, 0x91, 0x91, 0x90, 0x91, 0x91,
    0x90, 0x8f, 0x90, 0x90, 0x90, 0x91, 0x91, 0x93, 0x93, 0x95,
    0x95, 0x97, 0x97, 0x98, 0x99, 0x98, 0x9a, 0x9a, 0x9b, 0x9b,
    0x9c, 0x9c, 0x9c, 0x9c, 0x9c, 0x9b, 0x9c, 0x9c, 0x9c, 0x9b,
    0x9b, 0x99, 0x9a, 0x98, 0x97, 0x96, 0x95, 0x94, 0x94, 0x92,
    0x91, 0x90, 0x8e, 0x8d, 0x8a, 0x89, 0x87, 0x87, 0x84, 0x84,
    0x82, 0x83, 0x81, 0x81, 0x7f, 0x7f, 0x7f, 0x7f, 0x7f, 0x7e,
    0x80, 0x7f, 0x80, 0x7f, 0x80, 0x80, 0x81, 0x81, 0x80, 0x82,
    0x82, 0x82, 0x83, 0x82, 0x80, 0x81, 0x7f, 0x80, 0x7e, 0x7e,
    0x7c, 0x7c, 0x7a, 0x7a, 0x7a, 0x79, 0x78, 0x77, 0x75, 0x74,
    0x72, 0x71, 0x71, 0x70, 0x6f, 0x6f, 0x6d, 0x6e, 0x6c, 0x6d,
    0x6c, 0x6c, 0x6c, 0x6b, 0x69, 0x69, 0x69, 0x70, 0x76, 0x78,
    0x76, 0x79, 0x78, 0x73, 0x6c, 0x66, 0x63, 0x5c, 0x59, 0x55,
    0x53, 0x50, 0x50, 0x51, 0x51, 0x54, 0x56, 0x5c, 0x60, 0x65,
    0x68, 0x6c, 0x6e, 0x6e, 0x6f, 0x6e, 0x6f, 0x6e, 0x6f, 0x72,
    0x73, 0x76, 0x76, 0x78, 0x77, 0x79, 0x77, 0x77, 0x77, 0x75,
    0x75, 0x72, 0x71, 0x6e, 0x6e, 0x6e, 0x6e, 0x70, 0x71, 0x73,
    0x75, 0x76, 0x77, 0x77, 0x79, 0x79, 0x7a, 0x79, 0x79, 0x78,
    0x77, 0x78, 0x76, 0x78, 0x7a, 0x7a, 0x7c, 0x7d, 0x7f, 0x7f,
    0x81, 0x81, 0x82, 0x82, 0x85, 0x86, 0x88, 0x8b, 0x8d, 0x8f,
    0x8f, 0x92, 0x91, 0x93, 0x93, 0x94, 0x95, 0x96, 0x94, 0x95,
    0x94, 0x96, 0x95, 0x96, 0x95, 0x95, 0x95, 0x94, 0x92, 0x91,
    0x8f, 0x8e, 0x8d, 0x8c, 0x8a, 0x8a, 0x88, 0x88, 0x88, 0x87,
    0x88, 0x89, 0x89, 0x89, 0x8a, 0x89, 0x8b, 0x8b, 0x8d, 0x8d,
    0x8c, 0x8e, 0x8d, 0x8f, 0x8e, 0x8f, 0x8f, 0x91, 0x91, 0x93,
    0x93, 0x96, 0x97, 0x98, 0x98, 0x99, 0x99, 0x99, 0x98, 0x98,
    0x96, 0x96, 0x93, 0x93, 0x90, 0x8f, 0x8c, 0x8c, 0x89, 0x89,
    0x88, 0x85, 0x84, 0x82, 0x81, 0x80, 0x80, 0x7e, 0x7f, 0x7e,
    0x7f, 0x7e, 0x7f, 0x7e, 0x7f, 0x7e, 0x7f, 0x7e, 0x7f, 0x7e,
    0x7f, 0x7f, 0x80, 0x7f, 0x80, 0x7e, 0x7f, 0x7e, 0x7c, 0x7c,
    0x7a, 0x7b, 0x7a, 0x79, 0x78, 0x78, 0x76, 0x76, 0x74, 0x74,
    0x73, 0x71, 0x70, 0x6e, 0x6e, 0x6e, 0x6c, 0x6d, 0x6b, 0x6c,
    0x6c, 0x6b, 0x6c, 0x6b, 0x6b, 0x6d, 0x6c, 0x6e, 0x6f, 0x6e,
    0x70, 0x72, 0x72, 0x72, 0x73, 0x72, 0x73, 0x73, 0x74, 0x74,
    0x75, 0x74, 0x76, 0x76, 0x76, 0x75, 0x76, 0x75, 0x76, 0x75,
    0x76, 0x76, 0x76, 0x77, 0x76, 0x76, 0x76, 0x77, 0x77, 0x77,
    0x76, 0x78, 0x77, 0x79, 0x7a, 0x7b, 0x7c, 0x7e, 0x7e, 0x80,
    0x80, 0x82, 0x82, 0x82, 0x83, 0x83, 0x85, 0x86, 0x86, 0x87,
    0x88, 0x88, 0x89, 0x88, 0x88, 0x87, 0x87, 0x85, 0x85, 0x84,
    0x83, 0x83, 0x81, 0x82, 0x80, 0x81, 0x80, 0x81, 0x81, 0x80,
    0x81, 0x81, 0x80, 0x7f, 0x80, 0x7f, 0x80, 0x7f, 0x80, 0x7f,
    0x80, 0x81, 0x82, 0x82, 0x84, 0x83, 0x85, 0x86, 0x87, 0x87,
    0x89, 0x88, 0x89, 0x8b, 0x8b, 0x8d, 0x8c, 0x8d, 0x8d, 0x8d,
    0x8c, 0x8c, 0x8a, 0x8b, 0x89, 0x89, 0x87, 0x87, 0x86, 0x85,
    0x84, 0x84, 0x84, 0x83, 0x84, 0x83, 0x83, 0x83, 0x81, 0x82,
    0x82, 0x81, 0x82, 0x82, 0x83, 0x82, 0x83, 0x82, 0x83, 0x82,
    0x83, 0x82, 0x83, 0x83, 0x82, 0x84, 0x82, 0x83, 0x82, 0x83,
    0x82, 0x82, 0x81, 0x82, 0x81, 0x81, 0x7f, 0x7f, 0x7d, 0x7b,
    0x7b, 0x79, 0x78, 0x78, 0x76, 0x76, 0x76, 0x74, 0x75, 0x75,
    0x74, 0x75, 0x75, 0x76, 0x75, 0x77, 0x76, 0x78, 0x78, 0x78,
    0x7a, 0x79, 0x7b, 0x7c, 0x7c, 0x7d, 0x7d, 0x7e, 0x7f, 0x80,
    0x80, 0x81, 0x81, 0x81, 0x80, 0x81, 0x80, 0x81, 0x80, 0x80,
    0x81, 0x80, 0x81, 0x80, 0x81, 0x80, 0x80, 0x80, 0x80, 0x7f,
    0x7f, 0x7e, 0x80, 0x80, 0x80, 0x80, 0x80, 0x80, 0x80, 0x7f,
    0x80, 0x84, 0x8a, 0x8f, 0x8e, 0x8f, 0x93, 0x8f, 0x8b, 0x85,
    0x83, 0x7f, 0x7b, 0x78, 0x76, 0x74, 0x74, 0x74, 0x74, 0x76,
    0x77, 0x7c, 0x7f, 0x82, 0x85, 0x87, 0x89, 0x87, 0x87, 0x85,
    0x85, 0x84, 0x83, 0x83, 0x83, 0x83, 0x82, 0x83, 0x81, 0x81,
    0x80, 0x7d, 0x7d, 0x7a, 0x7a, 0x77, 0x75, 0x73, 0x71, 0x72,
    0x71, 0x73, 0x74, 0x75, 0x77, 0x78, 0x7a, 0x7a, 0x7b, 0x7b,
    0x7c, 0x7b, 0x7b, 0x78, 0x79, 0x77, 0x76, 0x77, 0x76, 0x77,
    0x77, 0x76, 0x77, 0x75, 0x74, 0x74, 0x72, 0x72, 0x71, 0x72,
    0x73, 0x74, 0x74, 0x76, 0x75, 0x77, 0x77, 0x77, 0x78, 0x78,
    0x7a, 0x7a, 0x7b, 0x7a, 0x7c, 0x7c, 0x7c, 0x7e, 0x7d, 0x7f,
    0x80, 0x7f, 0x7f, 0x7d, 0x7d, 0x7d, 0x7c, 0x7b, 0x79, 0x7a,
    0x78, 0x79, 0x77, 0x78, 0x77, 0x79, 0x79, 0x79, 0x7a, 0x7a,
    0x7b, 0x7b, 0x7d, 0x7c, 0x7d, 0x7e, 0x7d, 0x7f, 0x7e, 0x7f,
    0x80, 0x81, 0x82, 0x84, 0x85, 0x86, 0x89, 0x89, 0x8c, 0x8d,
    0x8e, 0x8f, 0x90, 0x91, 0x90, 0x91, 0x90, 0x90, 0x90, 0x8e,
    0x8d, 0x8e, 0x8d, 0x8d, 0x8c, 0x8c, 0x8a, 0x8a, 0x88, 0x89,
    0x88, 0x89, 0x87, 0x89, 0x89, 0x89, 0x8a, 0x89, 0x8a, 0x8a,
    0x8b, 0x8a, 0x8b, 0x8a, 0x8c, 0x8c, 0x8b, 0x8d, 0x8c, 0x8d,
    0x8d, 0x8d, 0x8d, 0x8c, 0x8d, 0x8d, 0x8e, 0x8e, 0x8d, 0x8e,
    0x8d, 0x8e, 0x8d, 0x8b, 0x8b, 0x89, 0x89, 0x87, 0x85, 0x84,
    0x82, 0x81, 0x7f, 0x7e, 0x7c, 0x7b, 0x79, 0x79, 0x77, 0x76,
    0x76, 0x75, 0x73, 0x73, 0x72, 0x73, 0x72, 0x74, 0x73, 0x73,
    0x74, 0x73, 0x74, 0x74, 0x75, 0x75, 0x77, 0x76, 0x77, 0x78,
    0x78, 0x79, 0x78, 0x79, 0x79, 0x79, 0x78, 0x79, 0x78, 0x79,
    0x78, 0x76, 0x76, 0x74, 0x74, 0x73, 0x73, 0x71, 0x72, 0x72,
    0x71, 0x71, 0x70, 0x71, 0x70, 0x71, 0x71, 0x70, 0x71, 0x71,
    0x71, 0x73, 0x72, 0x74, 0x73, 0x75, 0x75, 0x75, 0x76, 0x75,
    0x75, 0x75, 0x73, 0x74, 0x73, 0x74, 0x74, 0x74, 0x74, 0x75,
    0x74, 0x75, 0x76, 0x75, 0x76, 0x76, 0x75, 0x76, 0x75, 0x76,
    0x76, 0x76, 0x76, 0x77, 0x77, 0x78, 0x78, 0x7a, 0x7a, 0x7d,
    0x7d, 0x7f, 0x80, 0x80, 0x82, 0x82, 0x84, 0x85, 0x85, 0x87,
    0x87, 0x89, 0x8a, 0x89, 0x8b, 0x8a, 0x8b, 0x8b, 0x8c, 0x8b,
    0x8c, 0x8b, 0x8c, 0x8b, 0x8d, 0x8d, 0x8e, 0x8e, 0x8e, 0x8f,
    0x8f, 0x90, 0x90, 0x90, 0x90, 0x91, 0x92, 0x93, 0x93, 0x93,
    0x94, 0x94, 0x95, 0x94, 0x95, 0x95, 0x95, 0x96, 0x97, 0x97,
    0x98, 0x97, 0x98, 0x98, 0x99, 0x99, 0x99, 0x9a, 0x9b, 0x9a,
    0x9b, 0x99, 0x99, 0x99, 0x97, 0x95, 0x95, 0x93, 0x92, 0x90,
    0x8f, 0x8d, 0x8b, 0x8a, 0x88, 0x86, 0x85, 0x83, 0x83, 0x82,
    0x80, 0x7f, 0x7f, 0x7d, 0x7d, 0x7b, 0x7c, 0x7a, 0x7b, 0x7b,
    0x7a, 0x7b, 0x7a, 0x7c, 0x7c, 0x7b, 0x7c, 0x7c, 0x7c, 0x7d,
    0x7d, 0x7e, 0x7e, 0x7e, 0x7e, 0x7f, 0x7e, 0x7e, 0x7c, 0x7c,
    0x7b, 0x7b, 0x7a, 0x7a, 0x78, 0x77, 0x76, 0x75, 0x73, 0x73,
    0x70, 0x6f, 0x6b, 0x6a, 0x6d, 0x73, 0x78, 0x76, 0x77, 0x79,
    0x75, 0x6e, 0x69, 0x65, 0x62, 0x5e, 0x5b, 0x57, 0x56, 0x55,
    0x55, 0x58, 0x5a, 0x5e, 0x64, 0x68, 0x6e, 0x73, 0x77, 0x78,
    0x79, 0x77, 0x78, 0x76, 0x76, 0x74, 0x75, 0x75, 0x76, 0x74,
    0x74, 0x72, 0x72, 0x6f, 0x6f, 0x6c, 0x6b, 0x68, 0x67, 0x65,
    0x62, 0x60, 0x5f, 0x5f, 0x61, 0x62, 0x65, 0x67, 0x68, 0x6b,
    0x6c, 0x6d, 0x70, 0x72, 0x71, 0x72, 0x71, 0x72, 0x71, 0x73,
    0x73, 0x75, 0x76, 0x78, 0x79, 0x7a, 0x7a, 0x7a, 0x7b, 0x7c,
    0x7b, 0x7d, 0x7d, 0x7f, 0x81, 0x82, 0x84, 0x84, 0x85, 0x85,
    0x86, 0x85, 0x88, 0x88, 0x8a, 0x8a, 0x8a, 0x8c, 0x8c, 0x8e,
    0x8f, 0x90, 0x90, 0x91, 0x91, 0x93, 0x91, 0x92, 0x91, 0x93,
    0x92, 0x93, 0x93, 0x94, 0x93, 0x95, 0x95, 0x95, 0x96, 0x96,
    0x98, 0x98, 0x97, 0x98, 0x97, 0x98, 0x96, 0x97, 0x95, 0x94,
    0x92, 0x92, 0x91, 0x8f, 0x8f, 0x8d, 0x8f, 0x8f, 0x8f, 0x90,
    0x91, 0x91, 0x91, 0x91, 0x92, 0x92, 0x93, 0x92, 0x93, 0x92,
    0x93, 0x91, 0x92, 0x90, 0x92, 0x91, 0x90, 0x92, 0x91, 0x91,
    0x8f, 0x8f, 0x8e, 0x8e, 0x8c, 0x8d, 0x8b, 0x8c, 0x8b, 0x89,
    0x89, 0x87, 0x87, 0x86, 0x84, 0x83, 0x81, 0x81, 0x80, 0x7e,
    0x7e, 0x7d, 0x7d, 0x7c, 0x7c, 0x7a, 0x7b, 0x7a, 0x7b, 0x7b,
    0x7a, 0x7b, 0x7b, 0x7c, 0x7c, 0x7b, 0x7c, 0x7a, 0x7b, 0x79,
    0x7a, 0x78, 0x78, 0x76, 0x76, 0x74, 0x73, 0x71, 0x71, 0x6f,
    0x6f, 0x6d, 0x6d, 0x6a, 0x6a, 0x68, 0x68, 0x68, 0x67, 0x68,
    0x67, 0x68, 0x67, 0x67, 0x67, 0x68, 0x67, 0x69, 0x68, 0x6a,
    0x6b, 0x6b, 0x6c, 0x6c, 0x6d, 0x6e, 0x6d, 0x6f, 0x6f, 0x71,
    0x70, 0x72, 0x71, 0x73, 0x73, 0x72, 0x73, 0x74, 0x73, 0x73,
    0x74, 0x73, 0x75, 0x75, 0x75, 0x76, 0x77, 0x76, 0x78, 0x77,
    0x78, 0x78, 0x79, 0x79, 0x7b, 0x7c, 0x7c, 0x7e, 0x7f, 0x7f,
    0x81, 0x80, 0x82, 0x81, 0x82, 0x81, 0x83, 0x83, 0x83, 0x85,
    0x86, 0x87, 0x88, 0x8a, 0x8a, 0x8c, 0x8c, 0x8e, 0x8e, 0x8e,
    0x8f, 0x8e, 0x8f, 0x8e, 0x8d, 0x8e, 0x8c, 0x8d, 0x8c, 0x8b,
    0x8c, 0x8a, 0x8b, 0x8a, 0x8a, 0x89, 0x88, 0x89, 0x88, 0x88,
    0x87, 0x88, 0x87, 0x87, 0x86, 0x87, 0x87, 0x88, 0x86, 0x88,
    0x88, 0x87, 0x89, 0x88, 0x89, 0x88, 0x8a, 0x89, 0x8b, 0x8b,
    0x8d, 0x8e, 0x8e, 0x8e, 0x8e, 0x8e, 0x8e, 0x8d, 0x8e, 0x8d,
    0x8e, 0x8c, 0x8d, 0x8b, 0x89, 0x89, 0x87, 0x87, 0x85, 0x83,
    0x83, 0x82, 0x82, 0x82, 0x80, 0x81, 0x80, 0x81, 0x81, 0x80,
    0x82, 0x81, 0x83, 0x81, 0x82, 0x81, 0x82, 0x81, 0x81, 0x80,
    0x81, 0x80, 0x81, 0x7f, 0x80, 0x7f, 0x7e, 0x7d, 0x7c, 0x7c,
    0x7b, 0x79, 0x78, 0x77, 0x76, 0x74, 0x74, 0x73, 0x73, 0x72,
    0x71, 0x71, 0x70, 0x6f, 0x70, 0x6f, 0x71, 0x71, 0x71, 0x72,
    0x72, 0x71, 0x73, 0x73, 0x75, 0x75, 0x77, 0x77, 0x79, 0x79,
    0x7a, 0x7b, 0x7c, 0x7b, 0x7c, 0x7c, 0x7d, 0x7d, 0x7e, 0x7d,
    0x7d, 0x7c, 0x7c, 0x7c, 0x7a, 0x7a, 0x77, 0x7c, 0x83, 0x87,
    0x87, 0x86, 0x8a, 0x85, 0x7e, 0x79, 0x76, 0x71, 0x6d, 0x6b,
    0x67, 0x64, 0x64, 0x63, 0x66, 0x68, 0x6d, 0x72, 0x78, 0x7e,
    0x84, 0x88, 0x8b, 0x8b, 0x8c, 0x8d, 0x8c, 0x8d, 0x8c, 0x8e,
    0x8f, 0x91, 0x90, 0x90, 0x90, 0x8d, 0x8d, 0x89, 0x88, 0x85,
    0x81, 0x7f, 0x7a, 0x77, 0x73, 0x71, 0x6f, 0x70, 0x6f, 0x70,
    0x70, 0x71, 0x71, 0x72, 0x73, 0x74, 0x73, 0x74, 0x71, 0x72,
    0x70, 0x70, 0x6f, 0x70, 0x72, 0x72, 0x75, 0x75, 0x76, 0x78,
    0x77, 0x79, 0x79, 0x7b, 0x7c, 0x7d, 0x7f, 0x80, 0x83, 0x84,
    0x83, 0x84, 0x83, 0x83, 0x83, 0x82, 0x83, 0x83, 0x83, 0x81,
    0x81, 0x80, 0x80, 0x7f, 0x7f, 0x7f, 0x7e, 0x7e, 0x7e, 0x7b,
    0x7c, 0x7a, 0x7b, 0x7a, 0x7b, 0x7b, 0x7a, 0x7c, 0x7d, 0x7c,
    0x7f, 0x80, 0x80, 0x82, 0x82, 0x84, 0x85, 0x86, 0x87, 0x87,
    0x87, 0x87, 0x85, 0x86, 0x84, 0x84, 0x82, 0x82, 0x82, 0x82,
    0x82, 0x83, 0x83, 0x84, 0x85, 0x85, 0x86, 0x85, 0x87, 0x87,
    0x87, 0x87, 0x88, 0x87, 0x87, 0x87, 0x86, 0x87, 0x86, 0x87,
    0x88, 0x87, 0x88, 0x88, 0x88, 0x88, 0x88, 0x88, 0x88, 0x8a,
    0x8a, 0x89, 0x8a, 0x8a, 0x8b, 0x8b, 0x8a, 0x8a, 0x8a, 0x89,
    0x89, 0x89, 0x88, 0x89, 0x89, 0x88, 0x89, 0x89, 0x88, 0x89,
    0x88, 0x89, 0x89, 0x8a, 0x89, 0x8b, 0x8b, 0x8c, 0x8c, 0x8d,
    0x8c, 0x8e, 0x8d, 0x8e, 0x8c, 0x8d, 0x8c, 0x8d, 0x8b, 0x8c,
    0x8b, 0x8b, 0x89, 0x8a, 0x88, 0x88, 0x87, 0x87, 0x86, 0x83,
    0x83, 0x81, 0x81, 0x80, 0x7d, 0x7c, 0x7b, 0x78, 0x78, 0x75,
    0x75, 0x75, 0x73, 0x73, 0x72, 0x72, 0x72, 0x70, 0x70, 0x6f,
    0x6e, 0x6f, 0x6e, 0x6f, 0x6e, 0x70, 0x6e, 0x70, 0x70, 0x70,
    0x71, 0x70, 0x72, 0x72, 0x73, 0x74, 0x74, 0x76, 0x76, 0x77,
    0x76, 0x77, 0x76, 0x77, 0x77, 0x76, 0x77, 0x77, 0x76, 0x76,
    0x75, 0x76, 0x74, 0x75, 0x73, 0x73, 0x72, 0x71, 0x70, 0x6f,
    0x6f, 0x6f, 0x6f, 0x6f, 0x6f, 0x71, 0x71, 0x73, 0x75, 0x75,
    0x77, 0x77, 0x79, 0x7b, 0x7a, 0x7d, 0x7c, 0x7e, 0x7f, 0x7e,
    0x7f, 0x80, 0x7f, 0x81, 0x80, 0x81, 0x80, 0x80, 0x7f, 0x7f,
    0x7e, 0x7e, 0x7d, 0x7d, 0x7d, 0x7d, 0x7c, 0x7c, 0x7c, 0x7b,
    0x7c, 0x7b, 0x7b, 0x7b, 0x7c, 0x7b, 0x7d, 0x7c, 0x7e, 0x7e,
    0x80, 0x80, 0x83, 0x84, 0x85, 0x87, 0x87, 0x8a, 0x8a, 0x8a,
    0x8c, 0x8c, 0x8e, 0x8e, 0x8f, 0x90, 0x90, 0x8f, 0x90, 0x8e,
    0x8f, 0x8f, 0x8e, 0x8e, 0x8e, 0x8e, 0x8f, 0x8e, 0x8f, 0x8d,
    0x8f, 0x8e, 0x8f, 0x8f, 0x8f, 0x90, 0x8f, 0x8f, 0x8e, 0x8e,
    0x8d, 0x8e, 0x8e, 0x8d, 0x8e, 0x8d, 0x8e, 0x8e, 0x8e, 0x8e,
    0x8f, 0x8e, 0x8f, 0x8e, 0x8f, 0x8f, 0x8f, 0x8e, 0x8f, 0x8e,
    0x8d, 0x8d, 0x8c, 0x8c, 0x8a, 0x8a, 0x88, 0x87, 0x86, 0x85,
    0x83, 0x83, 0x80, 0x80, 0x7d, 0x7d, 0x7b, 0x7c, 0x7a, 0x7b,
    0x7a, 0x7b, 0x7b, 0x79, 0x7a, 0x79, 0x7a, 0x7a, 0x7a, 0x7a,
    0x7a, 0x7a, 0x79, 0x79, 0x79, 0x7a, 0x79, 0x7a, 0x79, 0x79,
    0x77, 0x79, 0x7f, 0x83, 0x85, 0x85, 0x87, 0x87, 0x7f, 0x79,
    0x74, 0x6f, 0x69, 0x64, 0x5e, 0x5c, 0x58, 0x58, 0x58, 0x59,
    0x5a, 0x5f, 0x63, 0x68, 0x6d, 0x71, 0x75, 0x76, 0x77, 0x76,
    0x78, 0x76, 0x77, 0x76, 0x79, 0x79, 0x7a, 0x7b, 0x7a, 0x7a,
    0x78, 0x78, 0x75, 0x75, 0x72, 0x6f, 0x6e, 0x6b, 0x66, 0x65,
    0x63, 0x64, 0x64, 0x64, 0x66, 0x66, 0x68, 0x67, 0x69, 0x69,
    0x69, 0x6a, 0x68, 0x69, 0x67, 0x67, 0x68, 0x67, 0x69, 0x6a,
    0x6c, 0x6e, 0x6f, 0x6f, 0x71, 0x71, 0x74, 0x74, 0x76, 0x78,
    0x7a, 0x7c, 0x80, 0x82, 0x83, 0x83, 0x85, 0x85, 0x86, 0x86,
    0x86, 0x88, 0x87, 0x89, 0x88, 0x89, 0x88, 0x89, 0x89, 0x8a,
    0x8b, 0x8a, 0x8b, 0x8a, 0x8a, 0x89, 0x8a, 0x8a, 0x8a, 0x8b,
    0x8b, 0x8d, 0x8e, 0x8f, 0x91, 0x92, 0x94, 0x95, 0x97, 0x99,
    0x9a, 0x9b, 0x9d, 0x9e, 0x9f, 0x9f, 0xa0, 0x9f, 0xa0, 0x9f,
    0x9f, 0x9f, 0x9e, 0x9d, 0x9e, 0x9e, 0x9d, 0x9e, 0x9d, 0x9d,
    0x9d, 0x9b, 0x9b, 0x99, 0x98, 0x95, 0x95, 0x93, 0x91, 0x90,
    0x8d, 0x8d, 0x8b, 0x8a, 0x88, 0x88, 0x86, 0x87, 0x85, 0x86,
    0x85, 0x84, 0x85, 0x86, 0x85, 0x86, 0x86, 0x86, 0x88, 0x87,
    0x88, 0x88, 0x88, 0x88, 0x87, 0x88, 0x87, 0x86, 0x86, 0x85,
    0x85, 0x84, 0x83, 0x81, 0x81, 0x7e, 0x7f, 0x7d, 0x7d, 0x7c,
    0x7b, 0x7b, 0x79, 0x79, 0x78, 0x76, 0x76, 0x74, 0x74, 0x74,
    0x73, 0x73, 0x71, 0x72, 0x70, 0x71, 0x70, 0x6f, 0x70, 0x70,
    0x70, 0x70, 0x6f, 0x70, 0x6f, 0x6f, 0x6e, 0x6e, 0x6e, 0x6c,
    0x6d, 0x6c, 0x6b, 0x6a, 0x68, 0x68, 0x66, 0x67, 0x65, 0x65,
    0x65, 0x63, 0x64, 0x63, 0x62, 0x63, 0x63, 0x62, 0x64, 0x63,
    0x65, 0x64, 0x66, 0x65, 0x67, 0x68, 0x68, 0x6a, 0x6a, 0x6d,
    0x6e, 0x70, 0x72, 0x73, 0x73, 0x76, 0x76, 0x77, 0x7a, 0x79,
    0x7b, 0x7b, 0x7d, 0x7d, 0x7e, 0x7e, 0x7f, 0x80, 0x80, 0x80,
    0x7f, 0x7e, 0x7f, 0x7d, 0x7f, 0x7d, 0x7f, 0x80, 0x80, 0x82,
    0x82, 0x84, 0x84, 0x86, 0x88, 0x88, 0x8a, 0x8b, 0x8b, 0x8e,
    0x8e, 0x8e, 0x90, 0x8f, 0x91, 0x92, 0x93, 0x94, 0x96, 0x97,
    0x98, 0x97, 0x99, 0x99, 0x98, 0x99, 0x98, 0x99, 0x98, 0x99,
    0x96, 0x96, 0x94, 0x94, 0x91, 0x91, 0x90, 0x8e, 0x8c, 0x8c,
    0x8a, 0x8a, 0x88, 0x87, 0x87, 0x86, 0x86, 0x88, 0x87, 0x88,
    0x89, 0x88, 0x89, 0x8a, 0x89, 0x8b, 0x8b, 0x8c, 0x8c, 0x8e,
    0x8e, 0x8f, 0x8f, 0x8e, 0x8f, 0x8e, 0x8e, 0x8d, 0x8e, 0x8d,
    0x8e, 0x8c, 0x8c, 0x8b, 0x8c, 0x8b, 0x8b, 0x89, 0x89, 0x88,
    0x88, 0x86, 0x83, 0x83, 0x82, 0x7f, 0x7e, 0x7c, 0x7c, 0x7b,
    0x7b, 0x79, 0x7a, 0x79, 0x79, 0x78, 0x79, 0x79, 0x79, 0x78,
    0x79, 0x78, 0x79, 0x79, 0x77, 0x79, 0x77, 0x78, 0x78, 0x76,
    0x77, 0x75, 0x76, 0x74, 0x75, 0x73, 0x73, 0x71, 0x71, 0x6f,
    0x70, 0x6e, 0x6e, 0x6d, 0x6e, 0x6e, 0x6d, 0x6e, 0x6e, 0x6d,
    0x6d, 0x6d, 0x6d, 0x6e, 0x6e, 0x6e, 0x6e, 0x6e, 0x6f, 0x6e,
    0x70, 0x6f, 0x71, 0x70, 0x71, 0x70, 0x70, 0x70, 0x77, 0x7c,
    0x80, 0x7f, 0x83, 0x83, 0x7f, 0x79, 0x73, 0x71, 0x6a, 0x68,
    0x64, 0x61, 0x60, 0x5f, 0x5f, 0x62, 0x63, 0x68, 0x6d, 0x72,
    0x78, 0x7d, 0x82, 0x83, 0x85, 0x85, 0x87, 0x86, 0x87, 0x87,
    0x8a, 0x8b, 0x8d, 0x8d, 0x8e, 0x8d, 0x8e, 0x8c, 0x8c, 0x8b,
    0x8a, 0x88, 0x87, 0x83, 0x81, 0x80, 0x7e, 0x7f, 0x7e, 0x80,
    0x80, 0x82, 0x81, 0x81, 0x81, 0x81, 0x80, 0x7f, 0x7e, 0x7c,
    0x7a, 0x78, 0x76, 0x76, 0x74, 0x75, 0x75, 0x74, 0x75, 0x73,
    0x75, 0x73, 0x75, 0x76, 0x77, 0x77, 0x7a, 0x7b, 0x7e, 0x7f,
    0x80, 0x82, 0x82, 0x84, 0x83, 0x84, 0x84, 0x85, 0x86, 0x85,
    0x86, 0x85, 0x86, 0x85, 0x86, 0x85, 0x86, 0x86, 0x84, 0x84,
    0x83, 0x81, 0x81, 0x7f, 0x7f, 0x7d, 0x7e, 0x7d, 0x7d, 0x7d,
    0x7d, 0x7e, 0x7e, 0x7f, 0x7f, 0x81, 0x81, 0x84, 0x84, 0x86,
    0x86, 0x87, 0x87, 0x87, 0x88, 0x87, 0x88, 0x89, 0x88, 0x8a,
    0x8a, 0x8a, 0x8c, 0x8c, 0x8e, 0x8d, 0x8e, 0x8e, 0x8c, 0x8c,
    0x8a, 0x8a, 0x89, 0x86, 0x86, 0x84, 0x82, 0x82, 0x7f, 0x80,
    0x7e, 0x7e, 0x7d, 0x7d, 0x7b, 0x7c, 0x7c, 0x7b, 0x7d, 0x7d,
    0x7f, 0x7f, 0x80, 0x82, 0x81, 0x83, 0x83, 0x85, 0x85, 0x85,
    0x86, 0x86, 0x87, 0x88, 0x88, 0x88, 0x88, 0x88, 0x86, 0x87,
    0x86, 0x86, 0x85, 0x86, 0x85, 0x87, 0x87, 0x86, 0x87, 0x85,
    0x86, 0x85, 0x86, 0x84, 0x85, 0x85, 0x84, 0x84, 0x82, 0x83,
    0x81, 0x82, 0x80, 0x81, 0x80, 0x81, 0x81, 0x82, 0x81, 0x82,
    0x81, 0x82, 0x82, 0x83, 0x82, 0x84, 0x83, 0x84, 0x84, 0x83,
    0x84, 0x82, 0x83, 0x81, 0x81, 0x80, 0x80, 0x7d, 0x7d, 0x7b,
    0x79, 0x79, 0x78, 0x76, 0x77, 0x75, 0x75, 0x73, 0x73, 0x71,
    0x72, 0x71, 0x6f, 0x70, 0x70, 0x71, 0x72, 0x71, 0x73, 0x74,
    0x74, 0x76, 0x76, 0x78, 0x78, 0x7a, 0x7b, 0x7b, 0x7d, 0x7e,
    0x7e, 0x80, 0x7f, 0x80, 0x81, 0x7f, 0x7f, 0x7d, 0x7e, 0x7d,
    0x7d, 0x7c, 0x7c, 0x7b, 0x7b, 0x7b, 0x7b, 0x7a, 0x79, 0x7a,
    0x7a, 0x79, 0x7a, 0x7a, 0x79, 0x7a, 0x79, 0x7a, 0x7a, 0x7b,
    0x7b, 0x7c, 0x7c, 0x7e, 0x7e, 0x7f, 0x7f, 0x81, 0x81, 0x80,
    0x81, 0x81, 0x82, 0x82, 0x81, 0x83, 0x81, 0x82, 0x80, 0x81,
    0x7f, 0x7f, 0x7e, 0x7c, 0x7c, 0x7a, 0x7a, 0x78, 0x78, 0x77,
    0x78, 0x78, 0x79, 0x79, 0x7c, 0x7d, 0x7c, 0x7e, 0x7f, 0x7f,
    0x81, 0x81, 0x81, 0x83, 0x83, 0x85, 0x84, 0x86, 0x85, 0x87,
    0x88, 0x87, 0x88, 0x88, 0x89, 0x89, 0x8a, 0x8b, 0x8a, 0x8b,
    0x8b, 0x8b, 0x8b, 0x8b, 0x8c, 0x8b, 0x8c, 0x8b, 0x8a, 0x8a,
    0x88, 0x89, 0x87, 0x88, 0x88, 0x87, 0x86, 0x88, 0x87, 0x87,
    0x87, 0x88, 0x88, 0x89, 0x88, 0x8a, 0x89, 0x8a, 0x8a, 0x8b,
    0x8a, 0x8b, 0x8c, 0x8b, 0x8d, 0x8c, 0x8d, 0x8c, 0x8d, 0x8d,
    0x8c, 0x8d, 0x8c, 0x8c, 0x8a, 0x8a, 0x88, 0x87, 0x87, 0x85,
    0x85, 0x84, 0x81, 0x81, 0x7f, 0x7f, 0x7d, 0x7a, 0x7b, 0x79,
    0x79, 0x77, 0x76, 0x76, 0x73, 0x73, 0x72, 0x72, 0x71, 0x71,
    0x72, 0x70, 0x70, 0x6f, 0x74, 0x7a, 0x80, 0x80, 0x82, 0x86,
    0x81, 0x7b, 0x76, 0x71, 0x6e, 0x68, 0x65, 0x62, 0x60, 0x5f,
    0x5e, 0x60, 0x61, 0x64, 0x67, 0x6d, 0x71, 0x76, 0x7a, 0x7b,
    0x7b, 0x79, 0x79, 0x78, 0x77, 0x76, 0x75, 0x78, 0x78, 0x79,
    0x79, 0x78, 0x79, 0x77, 0x77, 0x75, 0x75, 0x72, 0x71, 0x6e,
    0x6d, 0x6a, 0x6a, 0x6a, 0x6a, 0x6c, 0x6d, 0x6f, 0x6f, 0x70,
    0x71, 0x71, 0x72, 0x71, 0x71, 0x70, 0x6e, 0x6d, 0x6a, 0x6a,
    0x69, 0x69, 0x68, 0x6a, 0x69, 0x6b, 0x6b, 0x6a, 0x6c, 0x6c,
    0x6e, 0x6f, 0x72, 0x73, 0x77, 0x78, 0x7b, 0x7c, 0x7e, 0x7e,
    0x80, 0x81, 0x81, 0x83, 0x84, 0x85, 0x85, 0x87, 0x87, 0x89,
    0x89, 0x8b, 0x8c, 0x8b, 0x8c, 0x8b, 0x8c, 0x8b, 0x8b, 0x8b,
    0x8c, 0x8c, 0x8b, 0x8d, 0x8c, 0x8e, 0x8d, 0x90, 0x8f, 0x91,
    0x91, 0x93, 0x93, 0x95, 0x97, 0x97, 0x98, 0x99, 0x98, 0x99,
    0x98, 0x99, 0x98, 0x9a, 0x9a, 0x9b, 0x9c, 0x9c, 0x9f, 0x9f,
    0xa2, 0xa2, 0xa3, 0xa5, 0xa4, 0xa5, 0xa3, 0xa3, 0xa2, 0xa0,
    0x9f, 0x9c, 0x9b, 0x98, 0x97, 0x94, 0x93, 0x90, 0x8f, 0x8c,
    0x8b, 0x89, 0x87, 0x86, 0x85, 0x85, 0x84, 0x84, 0x82, 0x83,
    0x81, 0x81, 0x82, 0x80, 0x81, 0x80, 0x81, 0x80, 0x81, 0x81,
    0x81, 0x82, 0x82, 0x81, 0x82, 0x81, 0x82, 0x81, 0x81, 0x80,
    0x81, 0x80, 0x81, 0x81, 0x80, 0x80, 0x7f, 0x7e, 0x7c, 0x7c,
    0x7b, 0x79, 0x78, 0x75, 0x74, 0x73, 0x71, 0x6e, 0x6e, 0x6c,
    0x6c, 0x6b, 0x6a, 0x6b, 0x69, 0x6a, 0x69, 0x6b, 0x69, 0x6b,
    0x6a, 0x6c, 0x6a, 0x6c, 0x6b, 0x6b, 0x6b, 0x6a, 0x6a, 0x6b,
    0x69, 0x6a, 0x6a, 0x68, 0x69, 0x68, 0x68, 0x67, 0x68, 0x66,
    0x66, 0x67, 0x66, 0x66, 0x64, 0x65, 0x63, 0x64, 0x63, 0x64,
    0x66, 0x65, 0x68, 0x67, 0x69, 0x6a, 0x6c, 0x6c, 0x6e, 0x70,
    0x71, 0x72, 0x74, 0x75, 0x75, 0x78, 0x78, 0x79, 0x7a, 0x7a,
    0x7b, 0x7c, 0x7c, 0x7c, 0x7d, 0x7c, 0x7d, 0x7c, 0x7d, 0x7e,
    0x7f, 0x7f, 0x7f, 0x80, 0x81, 0x82, 0x82, 0x83, 0x84, 0x85,
    0x85, 0x86, 0x87, 0x88, 0x8a, 0x8a, 0x8c, 0x8d, 0x8e, 0x8f,
    0x91, 0x91, 0x93, 0x93, 0x95, 0x95, 0x96, 0x97, 0x99, 0x98,
    0x9b, 0x9a, 0x9c, 0x9b, 0x9c, 0x9b, 0x9c, 0x9b, 0x9b, 0x9a,
    0x98, 0x98, 0x95, 0x94, 0x94, 0x91, 0x91, 0x90, 0x90, 0x8f,
    0x90, 0x8f, 0x8f, 0x8e, 0x8d, 0x8c, 0x8c, 0x8b, 0x8b, 0x8b,
    0x8a, 0x8a, 0x88, 0x89, 0x88, 0x89, 0x88, 0x89, 0x89, 0x89,
    0x8a, 0x8a, 0x8a, 0x8b, 0x8c, 0x8c, 0x8c, 0x8c, 0x8d, 0x8c,
    0x8d, 0x8c, 0x8c, 0x8b, 0x8b, 0x8a, 0x89, 0x88, 0x86, 0x85,
    0x83, 0x83, 0x81, 0x7f, 0x7f, 0x7e, 0x7b, 0x7b, 0x78, 0x78,
    0x78, 0x75, 0x76, 0x75, 0x74, 0x74, 0x73, 0x74, 0x74, 0x73,
    0x74, 0x75, 0x74, 0x74, 0x75, 0x74, 0x76, 0x75, 0x77, 0x75,
    0x77, 0x75, 0x76, 0x74, 0x75, 0x75, 0x75, 0x74, 0x73, 0x72,
    0x71, 0x70, 0x6f, 0x6f, 0x6d, 0x6d, 0x6c, 0x6a, 0x6b, 0x69,
    0x69, 0x68, 0x68, 0x68, 0x67, 0x67, 0x67, 0x65, 0x66, 0x6c,
    0x73, 0x77, 0x79, 0x7c, 0x7e, 0x7a, 0x73, 0x6f, 0x6c, 0x67,
    0x64, 0x60, 0x60, 0x5e, 0x5f, 0x60, 0x61, 0x66, 0x69, 0x6f,
    0x74, 0x7a, 0x7f, 0x85, 0x86, 0x87, 0x85, 0x86, 0x85, 0x85,
    0x84, 0x86, 0x87, 0x89, 0x89, 0x8a, 0x8a, 0x89, 0x89, 0x88,
    0x87, 0x86, 0x84, 0x81, 0x80, 0x7c, 0x7c, 0x7a, 0x7b, 0x7d,
    0x7e, 0x80, 0x83, 0x83, 0x86, 0x86, 0x88, 0x89, 0x8a, 0x89,
    0x8a, 0x88, 0x87, 0x86, 0x85, 0x85, 0x84, 0x84, 0x84, 0x83,
    0x82, 0x81, 0x81, 0x80, 0x7f, 0x80, 0x7f, 0x80, 0x80, 0x82,
    0x82, 0x83, 0x83, 0x83, 0x82, 0x83, 0x81, 0x83, 0x82, 0x84,
    0x83, 0x85, 0x84, 0x86, 0x85, 0x87, 0x88, 0x88, 0x8a, 0x89,
    0x8b, 0x8b, 0x89, 0x8a, 0x89, 0x8a, 0x89, 0x8a, 0x8a, 0x8a,
    0x8a, 0x8a, 0x8a, 0x8a, 0x8a, 0x8a, 0x89, 0x8a, 0x89, 0x89,
    0x88, 0x88, 0x87, 0x85, 0x85, 0x83, 0x83, 0x82, 0x81, 0x81,
    0x82, 0x82, 0x83, 0x83, 0x86, 0x86, 0x88, 0x89, 0x88, 0x8a,
    0x89, 0x89, 0x89, 0x87, 0x87, 0x85, 0x85, 0x84, 0x82, 0x82,
    0x7f, 0x7e, 0x7e, 0x7b, 0x7b, 0x79, 0x78, 0x76, 0x75, 0x73,
    0x74, 0x73, 0x74, 0x73, 0x73, 0x72, 0x73, 0x72, 0x74, 0x73,
    0x74, 0x74, 0x75, 0x75, 0x76, 0x76, 0x77, 0x78, 0x78, 0x79,
    0x79, 0x7a, 0x7a, 0x7b, 0x7b, 0x7c, 0x7d, 0x7e, 0x7f, 0x7f,
    0x7e, 0x80, 0x7f, 0x80, 0x7f, 0x80, 0x7e, 0x7e, 0x7e, 0x7c,
    0x7c, 0x7c, 0x7a, 0x7a, 0x7a, 0x79, 0x7a, 0x79, 0x7b, 0x7a,
    0x7b, 0x7b, 0x7c, 0x7c, 0x7e, 0x7e, 0x7e, 0x7f, 0x7f, 0x81,
    0x80, 0x81, 0x80, 0x82, 0x83, 0x83, 0x84, 0x84, 0x85, 0x84,
    0x85, 0x85, 0x85, 0x84, 0x85, 0x84, 0x84, 0x83, 0x82, 0x82,
    0x7f, 0x7f, 0x7e, 0x7b, 0x7c, 0x7a, 0x7a, 0x79, 0x79, 0x78,
    0x79, 0x78, 0x79, 0x78, 0x78, 0x77, 0x78, 0x77, 0x79, 0x78,
    0x7a, 0x7a, 0x7b, 0x7b, 0x7c, 0x7c, 0x7c, 0x7d, 0x7d, 0x7d,
    0x7d, 0x7d, 0x7c, 0x7e, 0x7e, 0x7f, 0x80, 0x80, 0x81, 0x81,
    0x83, 0x83, 0x83, 0x84, 0x83, 0x84, 0x83, 0x83, 0x83, 0x82,
    0x82, 0x81, 0x82, 0x81, 0x82, 0x81, 0x81, 0x81, 0x80, 0x81,
    0x80, 0x82, 0x82, 0x81, 0x83, 0x83, 0x85, 0x86, 0x86, 0x86,
    0x87, 0x86, 0x87, 0x86, 0x87, 0x86, 0x87, 0x86, 0x86, 0x85,
    0x85, 0x83, 0x84, 0x84, 0x85, 0x85, 0x84, 0x84, 0x82, 0x83,
    0x82, 0x80, 0x81, 0x7f, 0x80, 0x7f, 0x7f, 0x7f, 0x7f, 0x7e,
    0x7e, 0x7d, 0x7e, 0x7e, 0x7e, 0x7f, 0x7f, 0x81, 0x80, 0x82,
    0x82, 0x83, 0x84, 0x85, 0x86, 0x86, 0x87, 0x87, 0x87, 0x86,
    0x87, 0x86, 0x86, 0x85, 0x86, 0x84, 0x85, 0x84, 0x85, 0x84,
    0x84, 0x83, 0x84, 0x82, 0x83, 0x83, 0x82, 0x82, 0x81, 0x82,
    0x81, 0x82, 0x81, 0x82, 0x81, 0x83, 0x82, 0x83, 0x82, 0x83,
    0x83, 0x84, 0x84, 0x85, 0x85, 0x86, 0x85, 0x86, 0x85, 0x87,
    0x86, 0x88, 0x87, 0x89, 0x88, 0x88, 0x87, 0x88, 0x86, 0x87,
    0x85, 0x85, 0x84, 0x83, 0x81, 0x80, 0x7f, 0x7c, 0x7b, 0x79,
    0x76, 0x74, 0x78, 0x7e, 0x80, 0x81, 0x81, 0x83, 0x7d, 0x77,
    0x6f, 0x6b, 0x66, 0x61, 0x5d, 0x5b, 0x5a, 0x58, 0x5a, 0x5c,
    0x60, 0x63, 0x6a, 0x70, 0x77, 0x7d, 0x80, 0x84, 0x85, 0x84,
    0x85, 0x84, 0x84, 0x83, 0x84, 0x85, 0x86, 0x86, 0x85, 0x83,
    0x83, 0x80, 0x7f, 0x7d, 0x79, 0x77, 0x73, 0x71, 0x6d, 0x6a,
    0x67, 0x68, 0x67, 0x68, 0x68, 0x6b, 0x6b, 0x6d, 0x6f, 0x6f,
    0x71, 0x71, 0x71, 0x72, 0x70, 0x71, 0x6f, 0x70, 0x71, 0x70,
    0x72, 0x72, 0x71, 0x72, 0x70, 0x71, 0x71, 0x71, 0x70, 0x71,
    0x71, 0x74, 0x75, 0x77, 0x77, 0x77, 0x78, 0x77, 0x78, 0x77,
    0x78, 0x78, 0x7a, 0x7b, 0x7a, 0x7c, 0x7b, 0x7d, 0x7e, 0x7e,
    0x7f, 0x81, 0x80, 0x82, 0x81, 0x82, 0x81, 0x82, 0x82, 0x82,
    0x83, 0x83, 0x85, 0x85, 0x87, 0x88, 0x8a, 0x8b, 0x8b, 0x8e,
    0x8e, 0x90, 0x90, 0x91, 0x90, 0x91, 0x90, 0x90, 0x8f, 0x90,
    0x8e, 0x8f, 0x8e, 0x90, 0x8f, 0x91, 0x93, 0x94, 0x96, 0x98,
    0x98, 0x9a, 0x9a, 0x9b, 0x9b, 0x9c, 0x9c, 0x9d, 0x9b, 0x9d,
    0x9c, 0x9b, 0x9c, 0x9b, 0x9c, 0x9a, 0x9b, 0x99, 0x98, 0x97,
    0x96, 0x94, 0x94, 0x92, 0x92, 0x90, 0x90, 0x8e, 0x8c, 0x8c,
    0x8a, 0x89, 0x87, 0x87, 0x84, 0x84, 0x83, 0x81, 0x81, 0x80,
    0x7f, 0x7f, 0x7e, 0x7e, 0x7e, 0x7c, 0x7d, 0x7c, 0x7d, 0x7c,
    0x7e, 0x7e, 0x7e, 0x7f, 0x7e, 0x80, 0x7f, 0x81, 0x7f, 0x80,
    0x80, 0x80, 0x7f, 0x7d, 0x7d, 0x7a, 0x7a, 0x78, 0x79, 0x78,
    0x77, 0x76, 0x75, 0x75, 0x73, 0x71, 0x71, 0x6f, 0x6f, 0x6c,
    0x6c, 0x6b, 0x6b, 0x69, 0x68, 0x69, 0x67, 0x68, 0x68, 0x68,
    0x69, 0x69, 0x6a, 0x6b, 0x6a, 0x6a, 0x6b, 0x6b, 0x6c, 0x6c,
    0x6f, 0x6e, 0x6f, 0x6f, 0x6e, 0x6e, 0x6d, 0x6d, 0x6d, 0x6c,
    0x6d, 0x6c, 0x6d, 0x6c, 0x6d, 0x6c, 0x6d, 0x6b, 0x6c, 0x6b,
    0x6d, 0x6c, 0x6d, 0x6d, 0x6e, 0x6e, 0x6f, 0x6f, 0x6e, 0x70,
    0x70, 0x71, 0x72, 0x71, 0x73, 0x72, 0x74, 0x75, 0x76, 0x77,
    0x79, 0x7a, 0x7c, 0x7d, 0x7e, 0x81, 0x81, 0x84, 0x85, 0x86,
    0x86, 0x87, 0x87, 0x89, 0x88, 0x8a, 0x8a, 0x8b, 0x8b, 0x8c,
    0x8c, 0x8d, 0x8d, 0x8e, 0x8e, 0x8f, 0x8f, 0x90, 0x90, 0x92,
    0x92, 0x92, 0x93, 0x93, 0x94, 0x93, 0x95, 0x95, 0x94, 0x95,
    0x94, 0x95, 0x95, 0x96, 0x95, 0x97, 0x97, 0x98, 0x99, 0x99,
    0x9b, 0x9a, 0x9b, 0x9a, 0x9b, 0x9a, 0x98, 0x99, 0x97, 0x97,
    0x95, 0x95, 0x92, 0x92, 0x90, 0x8f, 0x8d, 0x8c, 0x8a, 0x8a,
    0x89, 0x89, 0x88, 0x88, 0x87, 0x87, 0x86, 0x87, 0x86, 0x87,
    0x86, 0x87, 0x85, 0x86, 0x85, 0x85, 0x84, 0x85, 0x84, 0x86,
    0x85, 0x86, 0x86, 0x85, 0x86, 0x85, 0x86, 0x85, 0x85, 0x84,
    0x84, 0x83, 0x83, 0x81, 0x81, 0x7f, 0x7f, 0x7d, 0x7d, 0x7a,
    0x7a, 0x79, 0x76, 0x76, 0x75, 0x74, 0x75, 0x73, 0x73, 0x72,
    0x70, 0x71, 0x70, 0x71, 0x72, 0x72, 0x73, 0x73, 0x72, 0x73,
    0x73, 0x74, 0x74, 0x73, 0x74, 0x72, 0x73, 0x72, 0x72, 0x71,
    0x70, 0x70, 0x6e, 0x6e, 0x6c, 0x69, 0x6d, 0x72, 0x76, 0x77,
    0x79, 0x79, 0x76, 0x6d, 0x67, 0x62, 0x5d, 0x57, 0x53, 0x52,
    0x50, 0x50, 0x50, 0x54, 0x57, 0x5b, 0x62, 0x68, 0x6d, 0x74,
    0x78, 0x7c, 0x7c, 0x7e, 0x7d, 0x7f, 0x7e, 0x7f, 0x7f, 0x82,
    0x83, 0x85, 0x84, 0x85, 0x84, 0x83, 0x82, 0x80, 0x7e, 0x7c,
    0x7a, 0x77, 0x75, 0x73, 0x72, 0x71, 0x73, 0x74, 0x75, 0x78,
    0x79, 0x7b, 0x7c, 0x7e, 0x80, 0x81, 0x81, 0x80, 0x81, 0x80,
    0x80, 0x80, 0x81, 0x82, 0x82, 0x84, 0x84, 0x85, 0x85, 0x84,
    0x86, 0x87, 0x88, 0x89, 0x89, 0x8c, 0x8d, 0x8f, 0x8f, 0x8f,
    0x8e, 0x8e, 0x8d, 0x8a, 0x8a, 0x89, 0x89, 0x88, 0x88, 0x86,
    0x86, 0x84, 0x84, 0x84, 0x82, 0x83, 0x83, 0x80, 0x80, 0x7e,
    0x7e, 0x7e, 0x7d, 0x7d, 0x7d, 0x7e, 0x7f, 0x7f, 0x82, 0x82,
    0x85, 0x87, 0x88, 0x8a, 0x8b, 0x8b, 0x8d, 0x8e, 0x8d, 0x8e,
    0x8d, 0x8e, 0x8c, 0x8c, 0x8a, 0x89, 0x8a, 0x88, 0x88, 0x88,
    0x87, 0x89, 0x88, 0x8a, 0x8a, 0x89, 0x89, 0x87, 0x88, 0x86,
    0x86, 0x84, 0x85, 0x84, 0x84, 0x84, 0x83, 0x84, 0x83, 0x84,
    0x82, 0x83, 0x82, 0x82, 0x81, 0x81, 0x80, 0x81, 0x81, 0x81,
    0x80, 0x80, 0x80, 0x80, 0x80, 0x7f, 0x7e, 0x7d, 0x7c, 0x7b,
    0x79, 0x7a, 0x78, 0x78, 0x78, 0x76, 0x77, 0x76, 0x75, 0x75,
    0x74, 0x75, 0x74, 0x76, 0x76, 0x78, 0x78, 0x79, 0x79, 0x7b,
    0x7b, 0x7c, 0x7c, 0x7e, 0x7d, 0x7f, 0x7d, 0x7e, 0x7e, 0x7d,
    0x7e, 0x7c, 0x7d, 0x7c, 0x7d, 0x7d, 0x7d, 0x7c, 0x7d, 0x7c,
    0x7c, 0x7c, 0x7b, 0x7c, 0x7c, 0x7c, 0x7b, 0x7c, 0x7c, 0x7d,
    0x7c, 0x7d, 0x7c, 0x7e, 0x7d, 0x7e, 0x7e, 0x7d, 0x7e, 0x7d,
    0x7e, 0x7f, 0x7e, 0x7f, 0x7f, 0x80, 0x7f, 0x80, 0x80, 0x81,
    0x81, 0x81, 0x82, 0x83, 0x84, 0x85, 0x85, 0x87, 0x86, 0x88,
    0x87, 0x88, 0x86, 0x87, 0x86, 0x86, 0x85, 0x86, 0x84, 0x84,
    0x82, 0x82, 0x81, 0x7e, 0x7e, 0x7b, 0x7a, 0x7a, 0x78, 0x78,
    0x76, 0x77, 0x77, 0x78, 0x78, 0x79, 0x7b, 0x7b, 0x7d, 0x7e,
    0x80, 0x80, 0x82, 0x83, 0x84, 0x85, 0x85, 0x87, 0x88, 0x89,
    0x8a, 0x8b, 0x8c, 0x8c, 0x8c, 0x8c, 0x8c, 0x8c, 0x8c, 0x8b,
    0x8a, 0x8a, 0x89, 0x89, 0x88, 0x87, 0x86, 0x85, 0x84, 0x82,
    0x81, 0x7f, 0x7f, 0x7d, 0x7d, 0x7b, 0x7b, 0x79, 0x7b, 0x7a,
    0x7b, 0x7b, 0x7d, 0x7e, 0x7d, 0x7f, 0x7f, 0x80, 0x7f, 0x80,
    0x80, 0x7f, 0x81, 0x80, 0x81, 0x81, 0x7f, 0x7f, 0x7e, 0x7d,
    0x7d, 0x7b, 0x7b, 0x7a, 0x7b, 0x79, 0x79, 0x79, 0x78, 0x79,
    0x7a, 0x79, 0x7a, 0x7a, 0x7a, 0x7a, 0x7b, 0x79, 0x7a, 0x79,
    0x7a, 0x7a, 0x7a, 0x7c, 0x7a, 0x7d, 0x7d, 0x7c, 0x7e, 0x7d,
    0x7e, 0x7e, 0x7f, 0x7f, 0x7f, 0x80, 0x7f, 0x7e, 0x7f, 0x7e,
    0x7f, 0x7e, 0x7f, 0x7e, 0x7f, 0x7e, 0x7e, 0x7e, 0x7d, 0x7f,
    0x7e, 0x7f, 0x7e, 0x7f, 0x7f, 0x80, 0x7f, 0x81, 0x82, 0x82,
    0x84, 0x85, 0x85, 0x86, 0x86, 0x86, 0x87, 0x86, 0x88, 0x87,
    0x88, 0x87, 0x87, 0x88, 0x88, 0x89, 0x87, 0x88, 0x86, 0x84,
    0x85, 0x8a, 0x90, 0x91, 0x93, 0x93, 0x93, 0x8a, 0x83, 0x7c,
    0x76, 0x70, 0x69, 0x66, 0x62, 0x61, 0x5f, 0x60, 0x61, 0x64,
    0x67, 0x6b, 0x71, 0x74, 0x79, 0x7d, 0x7d, 0x7e, 0x7e, 0x7e,
    0x7f, 0x7d, 0x7f, 0x80, 0x83, 0x84, 0x86, 0x87, 0x87, 0x86,
    0x86, 0x84, 0x83, 0x80, 0x7f, 0x7c, 0x7b, 0x77, 0x76, 0x75,
    0x74, 0x73, 0x75, 0x74, 0x76, 0x75, 0x76, 0x75, 0x76, 0x74,
    0x74, 0x72, 0x72, 0x6f, 0x6f, 0x6e, 0x6c, 0x6d, 0x6c, 0x6e,
    0x6d, 0x6e, 0x6e, 0x6f, 0x6e, 0x70, 0x70, 0x73, 0x74, 0x75,
    0x79, 0x7b, 0x7c, 0x7f, 0x7e, 0x80, 0x7f, 0x7f, 0x7f, 0x7f,
    0x80, 0x7e, 0x7f, 0x7d, 0x7d, 0x7d, 0x7b, 0x7b, 0x7a, 0x7a,
    0x7a, 0x78, 0x78, 0x75, 0x75, 0x74, 0x74, 0x73, 0x75, 0x75,
    0x76, 0x78, 0x78, 0x7b, 0x7d, 0x7f, 0x7f, 0x82, 0x83, 0x86,
    0x88, 0x89, 0x8b, 0x8b, 0x8d, 0x8d, 0x8e, 0x8e, 0x8f, 0x8f,
    0x8f, 0x90, 0x8f, 0x90, 0x91, 0x92, 0x94, 0x94, 0x97, 0x97,
    0x97, 0x98, 0x97, 0x98, 0x97, 0x97, 0x96, 0x97, 0x95, 0x96,
    0x94, 0x95, 0x95, 0x95, 0x93, 0x94, 0x92, 0x93, 0x92, 0x91,
    0x90, 0x91, 0x90, 0x91, 0x91, 0x92, 0x91, 0x93, 0x92, 0x93,
    0x93, 0x92, 0x93, 0x92, 0x92, 0x91, 0x91, 0x90, 0x8f, 0x8e,
    0x8d, 0x8c, 0x8b, 0x89, 0x87, 0x87, 0x85, 0x84, 0x83, 0x81,
    0x81, 0x80, 0x7e, 0x7e, 0x7e, 0x7c, 0x7c, 0x7b, 0x7b, 0x79,
    0x79, 0x77, 0x77, 0x75, 0x76, 0x75, 0x75, 0x75, 0x74, 0x76,
    0x75, 0x77, 0x76, 0x77, 0x77, 0x76, 0x78, 0x77, 0x77, 0x77,
    0x75, 0x76, 0x76, 0x76, 0x75, 0x74, 0x74, 0x72, 0x72, 0x70,
    0x71, 0x70, 0x6f, 0x6d, 0x6d, 0x6b, 0x6b, 0x6b, 0x69, 0x6a,
    0x69, 0x69, 0x69, 0x68, 0x69, 0x68, 0x69, 0x69, 0x6a, 0x6b,
    0x6c, 0x6d, 0x6d, 0x6e, 0x6e, 0x6e, 0x70, 0x6f, 0x71, 0x70,
    0x72, 0x72, 0x72, 0x72, 0x72, 0x72, 0x71, 0x71, 0x70, 0x6f,
    0x6d, 0x6d, 0x6d, 0x6b, 0x6c, 0x6b, 0x6d, 0x6c, 0x6e, 0x6f,
    0x6f, 0x71, 0x72, 0x74, 0x75, 0x77, 0x77, 0x7a, 0x7a, 0x7c,
    0x7d, 0x7e, 0x80, 0x81, 0x83, 0x85, 0x85, 0x87, 0x88, 0x89,
    0x89, 0x8b, 0x8b, 0x8b, 0x8d, 0x8d, 0x8e, 0x8d, 0x8f, 0x8e,
    0x90, 0x8e, 0x8f, 0x8e, 0x8f, 0x8e, 0x8e, 0x8d, 0x8e, 0x8d,
    0x8e, 0x8d, 0x8e, 0x8e, 0x90, 0x90, 0x93, 0x93, 0x96, 0x96,
    0x98, 0x98, 0x9a, 0x99, 0x9a, 0x9a, 0x9b, 0x9d, 0x9d, 0x9e,
    0x9e, 0x9d, 0x9e, 0x9d, 0x9e, 0x9d, 0x9d, 0x9b, 0x9c, 0x9a,
    0x9a, 0x98, 0x98, 0x96, 0x96, 0x95, 0x93, 0x92, 0x90, 0x8f,
    0x8c, 0x8b, 0x88, 0x88, 0x85, 0x85, 0x83, 0x83, 0x82, 0x81,
    0x7f, 0x80, 0x7e, 0x7f, 0x7e, 0x7f, 0x7e, 0x7f, 0x7f, 0x7e,
    0x7f, 0x7e, 0x80, 0x80, 0x80, 0x7f, 0x81, 0x7f, 0x7f, 0x80,
    0x7e, 0x7f, 0x7e, 0x7d, 0x7e, 0x7c, 0x7d, 0x7b, 0x7b, 0x79,
    0x79, 0x78, 0x77, 0x77, 0x75, 0x75, 0x74, 0x74, 0x73, 0x71,
    0x71, 0x70, 0x70, 0x6f, 0x70, 0x6e, 0x6e, 0x6f, 0x6e, 0x6e,
    0x6d, 0x6e, 0x6d, 0x6d, 0x6d, 0x6b, 0x6e, 0x72, 0x79, 0x7b,
    0x7d, 0x7d, 0x7b, 0x74, 0x6f, 0x66, 0x62, 0x5b, 0x57, 0x53,
    0x51, 0x4f, 0x50, 0x52, 0x52, 0x56, 0x59, 0x5e, 0x61, 0x67,
    0x6b, 0x6f, 0x6f, 0x70, 0x6f, 0x71, 0x71, 0x71, 0x73, 0x75,
    0x76, 0x79, 0x7a, 0x7c, 0x7c, 0x7d, 0x7b, 0x7a, 0x7a, 0x77,
    0x77, 0x76, 0x73, 0x72, 0x70, 0x71, 0x71, 0x72, 0x73, 0x75,
    0x76, 0x78, 0x78, 0x7a, 0x79, 0x7b, 0x7a, 0x7b, 0x7a, 0x7a,
    0x79, 0x7a, 0x7a, 0x79, 0x7b, 0x7b, 0x7b, 0x7c, 0x7c, 0x7d,
    0x7e, 0x7f, 0x80, 0x80, 0x83, 0x84, 0x87, 0x89, 0x8b, 0x8d,
    0x8d, 0x8e, 0x8f, 0x90, 0x90, 0x91, 0x91, 0x93, 0x92, 0x93,
    0x93, 0x93, 0x93, 0x92, 0x91, 0x91, 0x90, 0x8f, 0x8d, 0x8c,
    0x8a, 0x89, 0x87, 0x86, 0x85, 0x84, 0x86, 0x85, 0x85, 0x87,
    0x86, 0x88, 0x88, 0x89, 0x89, 0x8a, 0x8b, 0x8c, 0x8c, 0x8d,
    0x8d, 0x8e, 0x8e, 0x8e, 0x8f, 0x8f, 0x90, 0x90, 0x92, 0x92,
    0x95, 0x96, 0x97, 0x97, 0x99, 0x99, 0x9a, 0x99, 0x98, 0x98,
    0x97, 0x96, 0x95, 0x93, 0x92, 0x90, 0x8f, 0x8e, 0x8c, 0x8a,
    0x89, 0x86, 0x86, 0x83, 0x83, 0x81, 0x81, 0x7f, 0x80, 0x7f,
    0x7f, 0x80, 0x7f, 0x81, 0x80, 0x81, 0x81, 0x80, 0x80, 0x7f,
    0x80, 0x7e, 0x7f, 0x7e, 0x7e, 0x7d, 0x7d, 0x7b, 0x7b, 0x7a,
    0x79, 0x78, 0x78, 0x76, 0x77, 0x76, 0x75, 0x75, 0x74, 0x73,
    0x73, 0x73, 0x73, 0x72, 0x72, 0x71, 0x71, 0x70, 0x70, 0x6f,
    0x70, 0x6e, 0x70, 0x6f, 0x71, 0x70, 0x72, 0x72, 0x73, 0x72,
    0x74, 0x73, 0x75, 0x75, 0x76, 0x76, 0x77, 0x77, 0x78, 0x77,
    0x78, 0x77, 0x77, 0x76, 0x77, 0x76, 0x77, 0x77, 0x75, 0x77,
    0x77, 0x76, 0x78, 0x78, 0x77, 0x78, 0x79, 0x78, 0x79, 0x78,
    0x7a, 0x7a, 0x7b, 0x7c, 0x7d, 0x7d, 0x7f, 0x7f, 0x81, 0x81,
    0x82, 0x83, 0x85, 0x86, 0x87, 0x87, 0x89, 0x88, 0x8a, 0x8a,
    0x89, 0x8a, 0x88, 0x89, 0x88, 0x86, 0x86, 0x84, 0x82, 0x81,
    0x7f, 0x7f, 0x7e, 0x7d, 0x7d, 0x7b, 0x7c, 0x7b, 0x7b, 0x7b,
    0x7b, 0x7b, 0x7a, 0x7b, 0x7a, 0x7b, 0x7b, 0x7b, 0x7d, 0x7c,
    0x7f, 0x7f, 0x81, 0x81, 0x83, 0x83, 0x85, 0x85, 0x86, 0x86,
    0x88, 0x87, 0x89, 0x89, 0x8a, 0x8a, 0x8b, 0x8a, 0x8a, 0x88,
    0x89, 0x87, 0x88, 0x85, 0x85, 0x83, 0x83, 0x82, 0x81, 0x81,
    0x81, 0x80, 0x81, 0x81, 0x82, 0x82, 0x80, 0x82, 0x80, 0x81,
    0x80, 0x82, 0x82, 0x82, 0x83, 0x82, 0x83, 0x82, 0x83, 0x83,
    0x84, 0x83, 0x84, 0x83, 0x84, 0x84, 0x83, 0x84, 0x83, 0x84,
    0x83, 0x83, 0x82, 0x80, 0x80, 0x7e, 0x7d, 0x7c, 0x7a, 0x79,
    0x77, 0x77, 0x76, 0x76, 0x74, 0x75, 0x74, 0x74, 0x74, 0x75,
    0x74, 0x75, 0x75, 0x76, 0x77, 0x76, 0x78, 0x78, 0x7a, 0x7a,
    0x7b, 0x7d, 0x7c, 0x7e, 0x7e, 0x7f, 0x7f, 0x81, 0x80, 0x82,
    0x81, 0x83, 0x82, 0x83, 0x82, 0x83, 0x82, 0x83, 0x84, 0x83,
    0x84, 0x83, 0x83, 0x84, 0x83, 0x84, 0x83, 0x84, 0x84, 0x84,
    0x84, 0x84, 0x84, 0x84, 0x83, 0x84, 0x83, 0x84, 0x83, 0x84,
    0x82, 0x82, 0x80, 0x84, 0x8c, 0x92, 0x95, 0x97, 0x99, 0x96,
    0x8d, 0x88, 0x80, 0x7b, 0x76, 0x72, 0x71, 0x6e, 0x6d, 0x6e,
    0x6e, 0x70, 0x71, 0x76, 0x79, 0x7f, 0x83, 0x86, 0x88, 0x86,
    0x85, 0x84, 0x83, 0x80, 0x81, 0x81, 0x81, 0x82, 0x82, 0x83,
    0x82, 0x82, 0x7f, 0x7f, 0x7b, 0x79, 0x78, 0x75, 0x74, 0x72,
    0x70, 0x70, 0x6f, 0x71, 0x73, 0x73, 0x76, 0x76, 0x78, 0x78,
    0x7a, 0x7a, 0x7b, 0x7a, 0x7a, 0x79, 0x78, 0x75, 0x76, 0x75,
    0x73, 0x74, 0x72, 0x73, 0x71, 0x71, 0x6f, 0x6f, 0x6e, 0x70,
    0x6f, 0x71, 0x73, 0x74, 0x76, 0x78, 0x79, 0x7a, 0x7a, 0x7a,
    0x7a, 0x7a, 0x79, 0x7b, 0x7a, 0x7b, 0x7b, 0x7a, 0x7b, 0x7a,
    0x7c, 0x7a, 0x7b, 0x7b, 0x7b, 0x78, 0x77, 0x76, 0x74, 0x75,
    0x74, 0x75, 0x75, 0x74, 0x75, 0x75, 0x77, 0x78, 0x79, 0x79,
    0x7b, 0x7b, 0x7e, 0x7e, 0x80, 0x81, 0x82, 0x82, 0x83, 0x82,
    0x84, 0x83, 0x85, 0x85, 0x87, 0x87, 0x89, 0x8a, 0x8d, 0x8f,
    0x90, 0x91, 0x93, 0x92, 0x92, 0x94, 0x93, 0x93, 0x92, 0x91,
    0x92, 0x90, 0x90, 0x8e, 0x8f, 0x8d, 0x8d, 0x8b, 0x8b, 0x8a,
    0x89, 0x89, 0x88, 0x89, 0x88, 0x8a, 0x8a, 0x8a, 0x8c, 0x8c,
    0x8e, 0x8e, 0x8e, 0x8f, 0x8e, 0x8f, 0x90, 0x90, 0x8f, 0x91,
    0x90, 0x91, 0x91, 0x91, 0x90, 0x91, 0x8f, 0x90, 0x8e, 0x8f,
    0x8d, 0x8c, 0x8d, 0x8a, 0x8a, 0x89, 0x87, 0x85, 0x85, 0x82,
    0x82, 0x7f, 0x7e, 0x7c, 0x7a, 0x78, 0x77, 0x75, 0x75, 0x73,
    0x73, 0x71, 0x72, 0x71, 0x72, 0x71, 0x72, 0x72, 0x73, 0x73,
    0x75, 0x74, 0x77, 0x77, 0x77, 0x77, 0x78, 0x79, 0x78, 0x79,
    0x78, 0x78, 0x79, 0x77, 0x79, 0x77, 0x78, 0x78, 0x78, 0x76,
    0x77, 0x75, 0x76, 0x73, 0x73, 0x72, 0x71, 0x70, 0x70, 0x6e,
    0x6f, 0x6e, 0x6f, 0x6f, 0x6f, 0x70, 0x70, 0x72, 0x72, 0x73,
    0x74, 0x74, 0x76, 0x77, 0x78, 0x79, 0x79, 0x79, 0x79, 0x79,
    0x79, 0x79, 0x77, 0x78, 0x76, 0x76, 0x76, 0x74, 0x75, 0x74,
    0x74, 0x74, 0x73, 0x75, 0x74, 0x75, 0x74, 0x75, 0x75, 0x76,
    0x76, 0x77, 0x77, 0x77, 0x79, 0x79, 0x7a, 0x7c, 0x7c, 0x7e,
    0x80, 0x80, 0x82, 0x82, 0x85, 0x85, 0x87, 0x88, 0x8a, 0x8a,
    0x8c, 0x8c, 0x8e, 0x8e, 0x8f, 0x8e, 0x8f, 0x8f, 0x8e, 0x8e,
    0x8d, 0x8d, 0x8c, 0x8c, 0x8b, 0x8d, 0x8d, 0x8d, 0x8e, 0x8f,
    0x90, 0x90, 0x92, 0x92, 0x91, 0x92, 0x92, 0x93, 0x92, 0x93,
    0x92, 0x94, 0x93, 0x94, 0x93, 0x94, 0x93, 0x94, 0x94, 0x93,
    0x94, 0x95, 0x94, 0x96, 0x95, 0x96, 0x97, 0x96, 0x97, 0x96,
    0x97, 0x95, 0x95, 0x93, 0x93, 0x90, 0x8f, 0x8e, 0x8b, 0x8a,
    0x88, 0x87, 0x85, 0x84, 0x82, 0x81, 0x7f, 0x7e, 0x7c, 0x7c,
    0x7b, 0x7a, 0x7a, 0x78, 0x78, 0x77, 0x76, 0x78, 0x78, 0x77,
    0x79, 0x78, 0x78, 0x7a, 0x79, 0x7a, 0x7a, 0x7b, 0x7c, 0x7c,
    0x7d, 0x7c, 0x7d, 0x7e, 0x7d, 0x7e, 0x7d, 0x7d, 0x7c, 0x7c,
    0x7c, 0x7b, 0x7b, 0x79, 0x79, 0x77, 0x77, 0x75, 0x74, 0x72,
    0x72, 0x71, 0x6e, 0x6e, 0x6c, 0x6c, 0x69, 0x68, 0x66, 0x6d,
    0x73, 0x78, 0x7b, 0x7b, 0x7d, 0x75, 0x6f, 0x68, 0x62, 0x5c,
    0x57, 0x56, 0x53, 0x53, 0x53, 0x55, 0x58, 0x59, 0x5e, 0x62,
    0x68, 0x6d, 0x72, 0x76, 0x77, 0x76, 0x76, 0x74, 0x73, 0x71,
    0x71, 0x72, 0x73, 0x75, 0x75, 0x78, 0x77, 0x78, 0x76, 0x75,
    0x72, 0x71, 0x6f, 0x6d, 0x6c, 0x6a, 0x6a, 0x69, 0x6b, 0x6b,
    0x6e, 0x6f, 0x73, 0x74, 0x77, 0x77, 0x79, 0x7b, 0x7b, 0x7c,
    0x7c, 0x7c, 0x7c, 0x7b, 0x7c, 0x7c, 0x7b, 0x7d, 0x7d, 0x7c,
    0x7d, 0x7d, 0x7e, 0x7e, 0x80, 0x80, 0x83, 0x83, 0x87, 0x89,
    0x8c, 0x8e, 0x8e, 0x91, 0x90, 0x92, 0x92, 0x94, 0x93, 0x95,
    0x95, 0x96, 0x96, 0x98, 0x98, 0x9a, 0x9a, 0x9c, 0x9b, 0x9d,
    0x9c, 0x9a, 0x9a, 0x98, 0x98, 0x97, 0x97, 0x95, 0x96, 0x94,
    0x94, 0x94, 0x93, 0x93, 0x93, 0x92, 0x91, 0x90, 0x90, 0x8f,
    0x90, 0x8e, 0x8e, 0x8c, 0x8c, 0x8a, 0x8a, 0x88, 0x89, 0x88,
    0x8a, 0x89, 0x8b, 0x8d, 0x8e, 0x90, 0x90, 0x92, 0x92, 0x93,
    0x93, 0x94, 0x94, 0x93, 0x93, 0x91, 0x92, 0x90, 0x90, 0x8e,
    0x8d, 0x8d, 0x8b, 0x8a, 0x88, 0x87, 0x85, 0x82, 0x82, 0x80,
    0x7f, 0x7d, 0x7d, 0x7b, 0x7b, 0x7b, 0x79, 0x7a, 0x79, 0x78,
    0x77, 0x77, 0x76, 0x77, 0x77, 0x76, 0x77, 0x78, 0x77, 0x78,
    0x77, 0x78, 0x78, 0x78, 0x78, 0x79, 0x78, 0x79, 0x78, 0x79,
    0x79, 0x77, 0x78, 0x76, 0x76, 0x74, 0x73, 0x71, 0x70, 0x6e,
    0x6c, 0x6b, 0x69, 0x67, 0x67, 0x65, 0x65, 0x64, 0x65, 0x65,
    0x64, 0x65, 0x66, 0x65, 0x66, 0x66, 0x68, 0x69, 0x68, 0x6a,
    0x6b, 0x6a, 0x6c, 0x6d, 0x6d, 0x6f, 0x6f, 0x6f, 0x71, 0x71,
    0x72, 0x73, 0x72, 0x74, 0x73, 0x74, 0x74, 0x75, 0x75, 0x75,
    0x75, 0x75, 0x74, 0x75, 0x74, 0x76, 0x77, 0x76, 0x78, 0x78,
    0x7a, 0x7a, 0x7c, 0x7c, 0x7e, 0x7e, 0x80, 0x81, 0x82, 0x83,
    0x83, 0x85, 0x86, 0x85, 0x87, 0x86, 0x87, 0x88, 0x88, 0x87,
    0x89, 0x88, 0x89, 0x89, 0x8b, 0x8a, 0x8c, 0x8c, 0x8d, 0x8c,
    0x8e, 0x8e, 0x8c, 0x8d, 0x8c, 0x8c, 0x8c, 0x8a, 0x8b, 0x8a,
    0x8a, 0x89, 0x8a, 0x89, 0x89, 0x88, 0x89, 0x89, 0x88, 0x88,
    0x87, 0x88, 0x87, 0x88, 0x88, 0x8a, 0x8a, 0x8c, 0x8b, 0x8d,
    0x8c, 0x8d, 0x8d, 0x8e, 0x8d, 0x8e, 0x8d, 0x8c, 0x8d, 0x8d,
    0x8c, 0x8e, 0x8e, 0x8e, 0x90, 0x90, 0x8f, 0x91, 0x90, 0x90,
    0x8f, 0x8d, 0x8e, 0x8c, 0x8c, 0x8c, 0x89, 0x8a, 0x87, 0x87,
    0x85, 0x86, 0x84, 0x84, 0x83, 0x83, 0x82, 0x83, 0x82, 0x83,
    0x82, 0x82, 0x84, 0x83, 0x84, 0x84, 0x83, 0x84, 0x82, 0x82,
    0x81, 0x80, 0x7f, 0x7f, 0x7d, 0x7d, 0x7b, 0x7c, 0x7a, 0x7a,
    0x78, 0x78, 0x76, 0x76, 0x74, 0x74, 0x73, 0x73, 0x72, 0x72,
    0x71, 0x72, 0x71, 0x72, 0x72, 0x73, 0x73, 0x74, 0x74, 0x75,
    0x74, 0x76, 0x75, 0x77, 0x78, 0x78, 0x78, 0x79, 0x78, 0x79,
    0x79, 0x7b, 0x7a, 0x7b, 0x7c, 0x7c, 0x7d, 0x7c, 0x7d, 0x7c,
    0x7d, 0x7b, 0x7c, 0x7a, 0x7a, 0x78, 0x79, 0x77, 0x77, 0x75,
    0x75, 0x73, 0x77, 0x7d, 0x83, 0x86, 0x89, 0x89, 0x88, 0x80,
    0x79, 0x74, 0x6c, 0x69, 0x64, 0x65, 0x63, 0x65, 0x67, 0x6b,
    0x6e, 0x72, 0x78, 0x7d, 0x84, 0x8a, 0x8e, 0x8f, 0x91, 0x8f,
    0x8f, 0x8d, 0x8d, 0x8a, 0x8a, 0x8a, 0x89, 0x8a, 0x88, 0x88,
    0x86, 0x84, 0x81, 0x7e, 0x7a, 0x77, 0x72, 0x70, 0x6d, 0x6b,
    0x6a, 0x68, 0x68, 0x68, 0x69, 0x6b, 0x6b, 0x6e, 0x70, 0x70,
    0x72, 0x72, 0x74, 0x73, 0x73, 0x74, 0x74, 0x73, 0x75, 0x76,
    0x77, 0x77, 0x78, 0x77, 0x77, 0x77, 0x76, 0x77, 0x77, 0x78,
    0x79, 0x7a, 0x7c, 0x7d, 0x7d, 0x7f, 0x7e, 0x7f, 0x7d, 0x7d,
    0x7c, 0x7c, 0x7b, 0x7c, 0x7b, 0x7c, 0x7b, 0x7c, 0x7b, 0x7d,
    0x7d, 0x7f, 0x7f, 0x7e, 0x7f, 0x7e, 0x7d, 0x7d, 0x7c, 0x7e,
    0x7e, 0x7e, 0x7f, 0x7f, 0x82, 0x82, 0x84, 0x83, 0x85, 0x86,
    0x85, 0x86, 0x85, 0x86, 0x84, 0x84, 0x84, 0x82, 0x82, 0x80,
    0x81, 0x7f, 0x80, 0x7f, 0x80, 0x82, 0x82, 0x84, 0x85, 0x87,
    0x88, 0x8a, 0x8b, 0x8b, 0x8c, 0x8c, 0x8e, 0x8f, 0x8e, 0x8f,
    0x8f, 0x90, 0x90, 0x8f, 0x91, 0x90, 0x91, 0x90, 0x90, 0x90,
    0x8f, 0x8e, 0x8d, 0x8c, 0x8d, 0x8b, 0x8d, 0x8d, 0x8c, 0x8d,
    0x8c, 0x8d, 0x8c, 0x8d, 0x8d, 0x8d, 0x8c, 0x8c, 0x8d, 0x8d,
    0x8c, 0x8e, 0x8d, 0x8e, 0x8e, 0x8d, 0x8e, 0x8e, 0x8f, 0x8e,
    0x90, 0x8f, 0x90, 0x90, 0x91, 0x90, 0x92, 0x91, 0x92, 0x91,
    0x91, 0x90, 0x90, 0x8d, 0x8d, 0x8a, 0x89, 0x87, 0x86, 0x84,
    0x83, 0x81, 0x80, 0x7e, 0x7e, 0x7c, 0x7b, 0x79, 0x79, 0x76,
    0x76, 0x75, 0x75, 0x73, 0x73, 0x72, 0x72, 0x71, 0x71, 0x71,
    0x70, 0x71, 0x71, 0x72, 0x71, 0x73, 0x72, 0x74, 0x73, 0x74,
    0x74, 0x75, 0x75, 0x76, 0x76, 0x75, 0x76, 0x75, 0x76, 0x76,
    0x75, 0x77, 0x76, 0x77, 0x77, 0x76, 0x77, 0x75, 0x76, 0x74,
    0x75, 0x74, 0x74, 0x73, 0x74, 0x72, 0x73, 0x72, 0x71, 0x71,
    0x6f, 0x70, 0x6f, 0x70, 0x6e, 0x6f, 0x6e, 0x70, 0x71, 0x70,
    0x72, 0x72, 0x74, 0x74, 0x76, 0x76, 0x77, 0x77, 0x78, 0x77,
    0x78, 0x78, 0x79, 0x79, 0x78, 0x79, 0x78, 0x79, 0x78, 0x79,
    0x77, 0x79, 0x77, 0x78, 0x78, 0x79, 0x79, 0x79, 0x7a, 0x7a,
    0x7c, 0x7c, 0x7e, 0x7f, 0x7f, 0x80, 0x80, 0x81, 0x80, 0x81,
    0x81, 0x82, 0x83, 0x82, 0x84, 0x85, 0x85, 0x87, 0x87, 0x8a,
    0x8a, 0x8a, 0x8c, 0x8b, 0x8c, 0x8c, 0x8d, 0x8d, 0x8c, 0x8d,
    0x8c, 0x8d, 0x8d, 0x8d, 0x8c, 0x8d, 0x8b, 0x8c, 0x8b, 0x8d,
    0x8d, 0x8e, 0x8e, 0x8f, 0x8f, 0x91, 0x91, 0x93, 0x92, 0x94,
    0x93, 0x94, 0x93, 0x94, 0x93, 0x94, 0x92, 0x94, 0x93, 0x94,
    0x93, 0x94, 0x93, 0x94, 0x93, 0x93, 0x92, 0x90, 0x90, 0x8e,
    0x8d, 0x8b, 0x89, 0x88, 0x85, 0x85, 0x84, 0x82, 0x81, 0x80,
    0x7e, 0x7d, 0x7b, 0x7c, 0x7a, 0x7a, 0x79, 0x79, 0x77, 0x77,
    0x77, 0x76, 0x76, 0x75, 0x77, 0x76, 0x78, 0x78, 0x79, 0x79,
    0x7a, 0x7b, 0x7a, 0x7b, 0x7a, 0x7b, 0x7b, 0x7b, 0x7a, 0x79,
    0x79, 0x77, 0x76, 0x74, 0x72, 0x76, 0x7c, 0x80, 0x81, 0x81,
    0x83, 0x7d, 0x76, 0x6d, 0x65, 0x5e, 0x58, 0x56, 0x54, 0x52,
    0x53, 0x55, 0x56, 0x5b, 0x5e, 0x64, 0x69, 0x70, 0x74, 0x79,
    0x7b, 0x7c, 0x7d, 0x7c, 0x7d, 0x7c, 0x7b, 0x7d, 0x7e, 0x80,
    0x80, 0x80, 0x81, 0x7f, 0x7e, 0x7b, 0x78, 0x75, 0x70, 0x6e,
    0x6a, 0x68, 0x66, 0x65, 0x64, 0x62, 0x63, 0x63, 0x65, 0x65,
    0x67, 0x69, 0x6a, 0x6c, 0x6c, 0x6e, 0x6d, 0x6c, 0x6d, 0x6e,
    0x6e, 0x71, 0x72, 0x73, 0x76, 0x76, 0x78, 0x77, 0x79, 0x79,
    0x7b, 0x7c, 0x7d, 0x7f, 0x80, 0x83, 0x84, 0x87, 0x88, 0x8a,
    0x89, 0x8a, 0x8a, 0x8b, 0x8c, 0x8c, 0x8d, 0x8e, 0x8d, 0x8f,
    0x8f, 0x8e, 0x90, 0x8f, 0x91, 0x90, 0x91, 0x8f, 0x8f, 0x8d,
    0x8d, 0x8c, 0x8d, 0x8c, 0x8e, 0x8e, 0x90, 0x91, 0x94, 0x94,
    0x98, 0x99, 0x9a, 0x9c, 0x9c, 0x9f, 0x9e, 0xa0, 0x9f, 0x9f,
    0x9e, 0x9d, 0x9c, 0x9a, 0x9a, 0x99, 0x98, 0x97, 0x96, 0x96,
    0x95, 0x96, 0x94, 0x95, 0x94, 0x93, 0x92, 0x91, 0x8f, 0x8f,
    0x8d, 0x8d, 0x8c, 0x8c, 0x8b, 0x8b, 0x8a, 0x8b, 0x8a, 0x8b,
    0x8a, 0x88, 0x88, 0x88, 0x87, 0x87, 0x86, 0x87, 0x87, 0x87,
    0x88, 0x88, 0x88, 0x88, 0x87, 0x87, 0x85, 0x85, 0x83, 0x83,
    0x81, 0x81, 0x7f, 0x7f, 0x7d, 0x7d, 0x7b, 0x7b, 0x79, 0x79,
    0x77, 0x77, 0x75, 0x76, 0x75, 0x74, 0x74, 0x74, 0x74, 0x73,
    0x74, 0x73, 0x74, 0x73, 0x72, 0x72, 0x70, 0x70, 0x6e, 0x6e,
    0x6d, 0x6d, 0x6d, 0x6b, 0x6b, 0x6b, 0x6a, 0x69, 0x68, 0x68,
    0x66, 0x66, 0x65, 0x65, 0x64, 0x64, 0x63, 0x64, 0x63, 0x64,
    0x63, 0x64, 0x65, 0x64, 0x66, 0x65, 0x66, 0x67, 0x68, 0x68,
    0x6a, 0x69, 0x6b, 0x6b, 0x6d, 0x6d, 0x6e, 0x6e, 0x6f, 0x70,
    0x70, 0x71, 0x73, 0x72, 0x75, 0x75, 0x77, 0x77, 0x79, 0x78,
    0x79, 0x79, 0x7a, 0x7a, 0x7a, 0x7c, 0x7b, 0x7d, 0x7d, 0x7e,
    0x7e, 0x7f, 0x7e, 0x7f, 0x7f, 0x80, 0x80, 0x7f, 0x81, 0x81,
    0x82, 0x84, 0x84, 0x86, 0x87, 0x88, 0x8a, 0x8b, 0x8c, 0x8e,
    0x8f, 0x90, 0x92, 0x92, 0x94, 0x94, 0x96, 0x97, 0x97, 0x98,
    0x98, 0x98, 0x99, 0x97, 0x98, 0x96, 0x96, 0x95, 0x93, 0x93,
    0x91, 0x91, 0x90, 0x90, 0x8d, 0x8e, 0x8c, 0x8c, 0x8a, 0x89,
    0x87, 0x87, 0x86, 0x84, 0x84, 0x83, 0x84, 0x84, 0x86, 0x86,
    0x88, 0x89, 0x89, 0x8b, 0x8b, 0x8d, 0x8d, 0x8f, 0x8e, 0x90,
    0x90, 0x91, 0x90, 0x91, 0x90, 0x91, 0x8f, 0x8f, 0x8f, 0x8e,
    0x8d, 0x8a, 0x8b, 0x89, 0x89, 0x87, 0x87, 0x86, 0x86, 0x85,
    0x84, 0x84, 0x83, 0x83, 0x81, 0x81, 0x7f, 0x7d, 0x7d, 0x7b,
    0x7c, 0x7c, 0x7b, 0x7c, 0x7b, 0x7c, 0x7b, 0x7c, 0x7b, 0x7c,
    0x7b, 0x7c, 0x7b, 0x7b, 0x79, 0x7a, 0x78, 0x78, 0x78, 0x77,
    0x77, 0x75, 0x75, 0x73, 0x73, 0x71, 0x70, 0x70, 0x6e, 0x6e,
    0x6e, 0x6c, 0x6c, 0x6b, 0x6b, 0x6a, 0x6b, 0x6b, 0x6d, 0x6c,
    0x6e, 0x6e, 0x6e, 0x70, 0x71, 0x72, 0x72, 0x72, 0x74, 0x73,
    0x75, 0x74, 0x76, 0x75, 0x77, 0x76, 0x76, 0x75, 0x78, 0x80,
    0x86, 0x87, 0x8a, 0x8c, 0x85, 0x7f, 0x75, 0x70, 0x68, 0x64,
    0x62, 0x61, 0x60, 0x61, 0x63, 0x67, 0x6a, 0x6d, 0x73, 0x78,
    0x7f, 0x83, 0x88, 0x89, 0x8b, 0x8b, 0x8a, 0x8b, 0x8a, 0x8b,
    0x8d, 0x8d, 0x90, 0x91, 0x91, 0x93, 0x92, 0x92, 0x90, 0x8e,
    0x8b, 0x89, 0x86, 0x85, 0x82, 0x81, 0x81, 0x7f, 0x7f, 0x7d,
    0x7d, 0x7d, 0x7b, 0x7c, 0x7d, 0x7c, 0x7c, 0x7b, 0x7a, 0x77,
    0x76, 0x75, 0x74, 0x74, 0x74, 0x75, 0x74, 0x75, 0x74, 0x74,
    0x73, 0x74, 0x73, 0x75, 0x75, 0x78, 0x7a, 0x7c, 0x7f, 0x81,
    0x84, 0x86, 0x87, 0x88, 0x88, 0x89, 0x88, 0x8a, 0x8b, 0x8a,
    0x8c, 0x8b, 0x8b, 0x8b, 0x89, 0x8a, 0x89, 0x8a, 0x88, 0x87,
    0x84, 0x82, 0x7f, 0x7e, 0x7c, 0x7c, 0x7a, 0x7a, 0x7a, 0x7b,
    0x7a, 0x7c, 0x7e, 0x7e, 0x80, 0x81, 0x82, 0x82, 0x85, 0x84,
    0x86, 0x86, 0x85, 0x85, 0x84, 0x85, 0x85, 0x85, 0x84, 0x85,
    0x84, 0x85, 0x84, 0x86, 0x86, 0x87, 0x87, 0x86, 0x85, 0x85,
    0x84, 0x84, 0x83, 0x81, 0x81, 0x80, 0x80, 0x7f, 0x80, 0x7f,
    0x80, 0x7f, 0x80, 0x7f, 0x80, 0x7e, 0x7f, 0x7d, 0x7e, 0x7d,
    0x7e, 0x7e, 0x7f, 0x7f, 0x81, 0x82, 0x83, 0x84, 0x84, 0x83,
    0x84, 0x83, 0x83, 0x84, 0x83, 0x84, 0x83, 0x84, 0x83, 0x84,
    0x83, 0x83, 0x81, 0x82, 0x81, 0x81, 0x80, 0x81, 0x80, 0x81,
    0x80, 0x82, 0x81, 0x83, 0x83, 0x82, 0x83, 0x82, 0x83, 0x83,
    0x82, 0x82, 0x81, 0x82, 0x81, 0x82, 0x82, 0x82, 0x82, 0x83,
    0x82, 0x83, 0x82, 0x83, 0x82, 0x83, 0x82, 0x81, 0x82, 0x80,
    0x80, 0x7f, 0x7f, 0x7d, 0x7c, 0x7a, 0x7a, 0x78, 0x78, 0x76,
    0x75, 0x73, 0x73, 0x71, 0x71, 0x71, 0x6f, 0x6f, 0x6e, 0x6e,
    0x6d, 0x6d, 0x6c, 0x6e, 0x6e, 0x6f, 0x70, 0x72, 0x72, 0x74,
    0x76, 0x76, 0x78, 0x78, 0x7a, 0x7b, 0x7c, 0x7b, 0x7d, 0x7d,
    0x7e, 0x7d, 0x7e, 0x7d, 0x7e, 0x7e, 0x7c, 0x7c, 0x7b, 0x7a,
    0x79, 0x78, 0x76, 0x77, 0x75, 0x76, 0x75, 0x76, 0x76, 0x75,
    0x77, 0x76, 0x77, 0x77, 0x79, 0x7a, 0x79, 0x7b, 0x7b, 0x7d,
    0x7d, 0x7f, 0x7f, 0x81, 0x82, 0x82, 0x84, 0x84, 0x85, 0x86,
    0x85, 0x86, 0x85, 0x87, 0x86, 0x86, 0x86, 0x86, 0x84, 0x84,
    0x82, 0x82, 0x80, 0x80, 0x7f, 0x7e, 0x7d, 0x7c, 0x7b, 0x7c,
    0x7b, 0x7d, 0x7d, 0x7e, 0x80, 0x80, 0x82, 0x82, 0x84, 0x84,
    0x86, 0x87, 0x89, 0x89, 0x8b, 0x8b, 0x8d, 0x8d, 0x8e, 0x8f,
    0x8e, 0x90, 0x8e, 0x8e, 0x90, 0x8f, 0x90, 0x8f, 0x90, 0x90,
    0x90, 0x90, 0x8f, 0x90, 0x91, 0x91, 0x90, 0x8f, 0x8f, 0x8e,
    0x8c, 0x8c, 0x8a, 0x8b, 0x89, 0x8a, 0x89, 0x8b, 0x8a, 0x8b,
    0x8a, 0x8a, 0x89, 0x8a, 0x89, 0x8a, 0x89, 0x8a, 0x89, 0x8a,
    0x89, 0x8a, 0x8a, 0x8b, 0x8b, 0x8c, 0x8c, 0x8d, 0x8c, 0x8b,
    0x8c, 0x8b, 0x8b, 0x8a, 0x89, 0x87, 0x86, 0x83, 0x83, 0x81,
    0x81, 0x7f, 0x7f, 0x7e, 0x7c, 0x7c, 0x7a, 0x7a, 0x79, 0x79,
    0x77, 0x77, 0x75, 0x75, 0x74, 0x74, 0x73, 0x74, 0x74, 0x73,
    0x73, 0x70, 0x71, 0x76, 0x7f, 0x84, 0x88, 0x89, 0x8a, 0x83,
    0x7c, 0x75, 0x6d, 0x65, 0x62, 0x60, 0x5f, 0x5f, 0x5f, 0x62,
    0x64, 0x68, 0x6a, 0x70, 0x74, 0x78, 0x7c, 0x7d, 0x7f, 0x7e,
    0x7c, 0x7b, 0x7a, 0x78, 0x79, 0x79, 0x79, 0x7b, 0x7b, 0x7c,
    0x7c, 0x7d, 0x7b, 0x77, 0x76, 0x72, 0x6f, 0x6d, 0x6a, 0x6a,
    0x69, 0x68, 0x69, 0x68, 0x69, 0x68, 0x6a, 0x6b, 0x6b, 0x6c,
    0x6b, 0x6c, 0x6c, 0x6a, 0x69, 0x68, 0x66, 0x67, 0x66, 0x67,
    0x67, 0x67, 0x67, 0x68, 0x68, 0x69, 0x68, 0x6a, 0x6a, 0x6c,
    0x6d, 0x70, 0x71, 0x75, 0x77, 0x7a, 0x7c, 0x7d, 0x7f, 0x80,
    0x81, 0x82, 0x83, 0x84, 0x86, 0x87, 0x88, 0x88, 0x89, 0x89,
    0x8a, 0x8a, 0x8a, 0x8a, 0x87, 0x87, 0x85, 0x85, 0x83, 0x84,
    0x84, 0x83, 0x85, 0x85, 0x88, 0x89, 0x8a, 0x8d, 0x8d, 0x90,
    0x91, 0x92, 0x94, 0x95, 0x97, 0x98, 0x97, 0x99, 0x98, 0x9a,
    0x9a, 0x99, 0x9b, 0x9b, 0x9d, 0x9c, 0x9f, 0xa0, 0xa1, 0xa2,
    0xa3, 0xa4, 0xa4, 0xa3, 0xa3, 0xa1, 0xa0, 0x9e, 0x9c, 0x9a,
    0x98, 0x95, 0x94, 0x92, 0x90, 0x8f, 0x8c, 0x8b, 0x88, 0x87,
    0x84, 0x82, 0x7f, 0x7f, 0x7c, 0x7c, 0x7c, 0x7a, 0x7c, 0x7c,
    0x7d, 0x7d, 0x7f, 0x7e, 0x7f, 0x7e, 0x80, 0x80, 0x7f, 0x81,
    0x81, 0x82, 0x82, 0x82, 0x82, 0x81, 0x82, 0x82, 0x80, 0x81,
    0x80, 0x80, 0x80, 0x7f, 0x7f, 0x7d, 0x7e, 0x7b, 0x7c, 0x79,
    0x79, 0x77, 0x76, 0x74, 0x74, 0x72, 0x70, 0x70, 0x6f, 0x6d,
    0x6e, 0x6d, 0x6e, 0x6d, 0x6e, 0x6e, 0x6d, 0x6e, 0x6d, 0x6f,
    0x6f, 0x6f, 0x71, 0x70, 0x71, 0x71, 0x72, 0x70, 0x71, 0x71,
    0x6f, 0x6f, 0x6f, 0x6d, 0x6d, 0x6b, 0x6b, 0x69, 0x6a, 0x68,
    0x69, 0x67, 0x67, 0x66, 0x67, 0x65, 0x66, 0x65, 0x67, 0x66,
    0x68, 0x69, 0x6b, 0x6c, 0x6d, 0x70, 0x71, 0x73, 0x73, 0x76,
    0x76, 0x79, 0x7a, 0x7b, 0x7d, 0x7d, 0x7e, 0x80, 0x80, 0x81,
    0x81, 0x82, 0x81, 0x82, 0x81, 0x82, 0x81, 0x82, 0x82, 0x83,
    0x83, 0x85, 0x84, 0x86, 0x86, 0x88, 0x88, 0x89, 0x8a, 0x8a,
    0x8c, 0x8c, 0x8d, 0x8d, 0x8f, 0x8f, 0x91, 0x91, 0x93, 0x93,
    0x95, 0x95, 0x95, 0x97, 0x97, 0x99, 0x98, 0x9a, 0x9a, 0x9c,
    0x9c, 0x9d, 0x9e, 0x9d, 0x9e, 0x9e, 0x9c, 0x9c, 0x9a, 0x99,
    0x97, 0x94, 0x94, 0x92, 0x90, 0x91, 0x8f, 0x8f, 0x8e, 0x8e,
    0x8d, 0x8c, 0x8c, 0x8a, 0x8b, 0x89, 0x8a, 0x89, 0x88, 0x88,
    0x87, 0x87, 0x86, 0x86, 0x85, 0x86, 0x85, 0x85, 0x85, 0x86,
    0x85, 0x87, 0x87, 0x88, 0x88, 0x89, 0x89, 0x8a, 0x8a, 0x89,
    0x8a, 0x88, 0x88, 0x86, 0x85, 0x83, 0x82, 0x81, 0x7f, 0x7f,
    0x7d, 0x7d, 0x7c, 0x7a, 0x79, 0x78, 0x76, 0x76, 0x75, 0x73,
    0x73, 0x71, 0x71, 0x70, 0x70, 0x6f, 0x71, 0x70, 0x71, 0x70,
    0x71, 0x70, 0x71, 0x70, 0x71, 0x70, 0x71, 0x70, 0x71, 0x6f,
    0x70, 0x6f, 0x6e, 0x6f, 0x6d, 0x6e, 0x6e, 0x6c, 0x6d, 0x6c,
    0x6c, 0x6b, 0x6b, 0x6a, 0x6a, 0x69, 0x6a, 0x69, 0x69, 0x6a,
    0x69, 0x6a, 0x69, 0x6b, 0x6a, 0x6c, 0x6a, 0x6c, 0x6c, 0x6b,
    0x6a, 0x6f, 0x78, 0x7f, 0x83, 0x85, 0x87, 0x82, 0x7a, 0x73,
    0x6a, 0x64, 0x60, 0x5f, 0x5d, 0x5f, 0x60, 0x63, 0x66, 0x69,
    0x6d, 0x72, 0x76, 0x7d, 0x80, 0x85, 0x87, 0x88, 0x87, 0x87,
    0x87, 0x86, 0x87, 0x87, 0x8a, 0x8b, 0x8e, 0x8f, 0x91, 0x91,
    0x91, 0x90, 0x8c, 0x8b, 0x88, 0x84, 0x84, 0x83, 0x82, 0x85,
    0x85, 0x87, 0x87, 0x88, 0x88, 0x89, 0x8a, 0x8a, 0x8b, 0x8b,
    0x8a, 0x8a, 0x87, 0x86, 0x83, 0x83, 0x81, 0x80, 0x7f, 0x7e,
    0x7e, 0x7c, 0x7c, 0x7b, 0x7b, 0x7a, 0x7a, 0x79, 0x7a, 0x79,
    0x7b, 0x7c, 0x7d, 0x7f, 0x80, 0x82, 0x82, 0x82, 0x84, 0x83,
    0x85, 0x85, 0x87, 0x88, 0x88, 0x8a, 0x8a, 0x8b, 0x8b, 0x8b,
    0x8c, 0x8b, 0x8b, 0x89, 0x88, 0x88, 0x86, 0x87, 0x86, 0x87,
    0x87, 0x87, 0x86, 0x87, 0x86, 0x86, 0x85, 0x86, 0x85, 0x85,
    0x85, 0x84, 0x85, 0x85, 0x84, 0x84, 0x83, 0x84, 0x82, 0x84,
    0x83, 0x85, 0x85, 0x86, 0x87, 0x87, 0x89, 0x8a, 0x8a, 0x8c,
    0x8c, 0x8d, 0x8c, 0x8b, 0x8b, 0x89, 0x89, 0x86, 0x86, 0x83,
    0x82, 0x80, 0x80, 0x7d, 0x7d, 0x7b, 0x7a, 0x77, 0x78, 0x75,
    0x75, 0x73, 0x73, 0x74, 0x73, 0x74, 0x75, 0x75, 0x77, 0x77,
    0x79, 0x78, 0x7a, 0x79, 0x79, 0x7b, 0x7b, 0x7c, 0x7c, 0x7c,
    0x7e, 0x7e, 0x7d, 0x7e, 0x7e, 0x7f, 0x7f, 0x81, 0x80, 0x80,
    0x81, 0x80, 0x81, 0x81, 0x80, 0x81, 0x80, 0x81, 0x80, 0x81,
    0x7f, 0x80, 0x7e, 0x7e, 0x7d, 0x7d, 0x7c, 0x7d, 0x7c, 0x7d,
    0x7d, 0x7d, 0x7d, 0x7d, 0x7d, 0x7e, 0x7f, 0x7f, 0x80, 0x7f,
    0x80, 0x81, 0x80, 0x82, 0x81, 0x82, 0x82, 0x81, 0x82, 0x81,
    0x82, 0x81, 0x81, 0x81, 0x80, 0x80, 0x7e, 0x7e, 0x7c, 0x7c,
    0x79, 0x7a, 0x78, 0x76, 0x76, 0x75, 0x75, 0x74, 0x73, 0x72,
    0x73, 0x73, 0x74, 0x74, 0x74, 0x75, 0x75, 0x76, 0x77, 0x78,
    0x78, 0x79, 0x7a, 0x7b, 0x7c, 0x7c, 0x7d, 0x7e, 0x7e, 0x7f,
    0x7e, 0x7f, 0x80, 0x80, 0x80, 0x7f, 0x80, 0x80, 0x81, 0x81,
    0x82, 0x81, 0x82, 0x83, 0x82, 0x83, 0x83, 0x82, 0x81, 0x82,
    0x80, 0x81, 0x7f, 0x80, 0x7f, 0x80, 0x7f, 0x80, 0x81, 0x80,
    0x81, 0x81, 0x82, 0x82, 0x81, 0x83, 0x84, 0x83, 0x85, 0x84,
    0x85, 0x84, 0x85, 0x83, 0x84, 0x82, 0x82, 0x80, 0x80, 0x7f,
    0x7d, 0x7d, 0x7c, 0x7d, 0x7c, 0x7d, 0x7d, 0x7d, 0x7d, 0x7e,
    0x7d, 0x7e, 0x7d, 0x7e, 0x7d, 0x7e, 0x7d, 0x7f, 0x7f, 0x7e,
    0x7f, 0x7f, 0x80, 0x81, 0x81, 0x81, 0x82, 0x81, 0x83, 0x84,
    0x84, 0x85, 0x86, 0x86, 0x88, 0x88, 0x88, 0x89, 0x89, 0x88,
    0x89, 0x89, 0x88, 0x88, 0x87, 0x85, 0x86, 0x86, 0x85, 0x85,
    0x85, 0x85, 0x84, 0x85, 0x84, 0x85, 0x84, 0x84, 0x85, 0x85,
    0x85, 0x84, 0x86, 0x85, 0x87, 0x87, 0x87, 0x89, 0x88, 0x8a,
    0x89, 0x8a, 0x8a, 0x8b, 0x8b, 0x8c, 0x8d, 0x8c, 0x8e, 0x8d,
    0x8e, 0x8d, 0x8c, 0x8d, 0x8b, 0x8c, 0x8a, 0x8a, 0x88, 0x87,
    0x86, 0x84, 0x82, 0x82, 0x7f, 0x7f, 0x7c, 0x7b, 0x7a, 0x78,
    0x77, 0x76, 0x75, 0x74, 0x72, 0x72, 0x6f, 0x6e, 0x6d, 0x75,
    0x7b, 0x82, 0x84, 0x86, 0x84, 0x7e, 0x75, 0x6c, 0x67, 0x5f,
    0x5d, 0x5c, 0x5d, 0x5e, 0x5f, 0x63, 0x65, 0x6a, 0x6d, 0x73,
    0x78, 0x7e, 0x82, 0x83, 0x85, 0x84, 0x82, 0x81, 0x7e, 0x7d,
    0x7b, 0x7c, 0x7c, 0x7e, 0x7d, 0x7f, 0x7f, 0x7e, 0x7c, 0x77,
    0x75, 0x70, 0x6e, 0x6b, 0x6a, 0x6a, 0x69, 0x6b, 0x6b, 0x6d,
    0x6d, 0x6e, 0x6e, 0x70, 0x70, 0x73, 0x73, 0x74, 0x73, 0x73,
    0x72, 0x72, 0x70, 0x70, 0x6f, 0x6e, 0x6e, 0x6e, 0x6e, 0x6d,
    0x6d, 0x6d, 0x6c, 0x6c, 0x6c, 0x6c, 0x6e, 0x6f, 0x70, 0x72,
    0x74, 0x77, 0x77, 0x7a, 0x7a, 0x7a, 0x7c, 0x7d, 0x7d, 0x7f,
    0x81, 0x82, 0x83, 0x85, 0x85, 0x87, 0x88, 0x87, 0x89, 0x89,
    0x88, 0x88, 0x87, 0x88, 0x87, 0x88, 0x87, 0x89, 0x89, 0x8b,
    0x8a, 0x8c, 0x8c, 0x8d, 0x8e, 0x8e, 0x8f, 0x8f, 0x8f, 0x91,
    0x91, 0x92, 0x92, 0x92, 0x91, 0x92, 0x93, 0x93, 0x94, 0x95,
    0x95, 0x97, 0x98, 0x99, 0x9b, 0x9b, 0x9d, 0x9e, 0xa0, 0xa0,
    0xa0, 0xa1, 0xa0, 0xa1, 0x9f, 0x9f, 0x9d, 0x9d, 0x9c, 0x99,
    0x99, 0x97, 0x96, 0x93, 0x92, 0x8f, 0x8e, 0x8b, 0x8a, 0x87,
    0x87, 0x85, 0x85, 0x83, 0x83, 0x82, 0x82, 0x81, 0x81, 0x7f,
    0x7f, 0x7d, 0x7e, 0x7c, 0x7d, 0x7c, 0x7d, 0x7d, 0x7e, 0x7f,
    0x7e, 0x7f, 0x80, 0x80, 0x80, 0x82, 0x81, 0x83, 0x82, 0x84,
    0x84, 0x83, 0x83, 0x81, 0x81, 0x7f, 0x7f, 0x7e, 0x7d, 0x7b,
    0x7a, 0x77, 0x76, 0x75, 0x73, 0x73, 0x71, 0x71, 0x6e, 0x6f,
    0x6d, 0x6e, 0x6c, 0x6c, 0x6c, 0x6b, 0x6c, 0x6b, 0x6c, 0x6a,
    0x6b, 0x6b, 0x6b, 0x6a, 0x6b, 0x6b, 0x6a, 0x6b, 0x6a, 0x6b,
    0x6a, 0x6c, 0x6b, 0x6a, 0x6b, 0x69, 0x6a, 0x69, 0x67, 0x67,
    0x66, 0x67, 0x65, 0x66, 0x65, 0x66, 0x65, 0x67, 0x67, 0x69,
    0x69, 0x6b, 0x6c, 0x6c, 0x6e, 0x6f, 0x6f, 0x71, 0x71, 0x73,
    0x75, 0x75, 0x75, 0x77, 0x78, 0x79, 0x79, 0x79, 0x79, 0x7a,
    0x7a, 0x79, 0x7b, 0x7b, 0x7d, 0x7d, 0x7f, 0x7f, 0x81, 0x81,
    0x83, 0x82, 0x84, 0x84, 0x85, 0x86, 0x85, 0x87, 0x86, 0x88,
    0x87, 0x89, 0x89, 0x8b, 0x8b, 0x8d, 0x8d, 0x8f, 0x90, 0x90,
    0x92, 0x92, 0x94, 0x94, 0x96, 0x96, 0x97, 0x97, 0x99, 0x99,
    0x9a, 0x99, 0x9a, 0x99, 0x9a, 0x98, 0x99, 0x98, 0x97, 0x97,
    0x95, 0x96, 0x95, 0x96, 0x94, 0x95, 0x93, 0x93, 0x92, 0x90,
    0x90, 0x8e, 0x8d, 0x8b, 0x8c, 0x8a, 0x89, 0x88, 0x86, 0x87,
    0x85, 0x86, 0x84, 0x85, 0x84, 0x85, 0x84, 0x85, 0x86, 0x86,
    0x88, 0x87, 0x88, 0x8a, 0x89, 0x8b, 0x8a, 0x8c, 0x8c, 0x8b,
    0x8c, 0x8a, 0x8a, 0x8a, 0x88, 0x88, 0x87, 0x88, 0x86, 0x86,
    0x84, 0x84, 0x83, 0x81, 0x81, 0x7e, 0x7e, 0x7d, 0x7a, 0x7b,
    0x78, 0x79, 0x77, 0x78, 0x77, 0x78, 0x77, 0x78, 0x78, 0x77,
    0x77, 0x76, 0x78, 0x77, 0x78, 0x78, 0x77, 0x78, 0x77, 0x78,
    0x78, 0x79, 0x78, 0x79, 0x77, 0x78, 0x77, 0x77, 0x76, 0x75,
    0x74, 0x72, 0x70, 0x70, 0x6f, 0x6d, 0x6c, 0x6a, 0x6a, 0x69,
    0x69, 0x66, 0x66, 0x64, 0x6a, 0x71, 0x77, 0x7a, 0x7c, 0x7b,
    0x77, 0x6e, 0x65, 0x5e, 0x58, 0x55, 0x54, 0x57, 0x58, 0x5c,
    0x5e, 0x64, 0x67, 0x6d, 0x72, 0x76, 0x7d, 0x82, 0x84, 0x86,
    0x86, 0x86, 0x85, 0x83, 0x83, 0x82, 0x84, 0x85, 0x86, 0x88,
    0x88, 0x89, 0x8a, 0x87, 0x86, 0x82, 0x80, 0x7c, 0x7a, 0x77,
    0x78, 0x76, 0x78, 0x78, 0x79, 0x79, 0x7b, 0x7b, 0x7d, 0x7d,
    0x80, 0x80, 0x80, 0x82, 0x82, 0x82, 0x82, 0x83, 0x82, 0x84,
    0x83, 0x85, 0x84, 0x85, 0x83, 0x84, 0x82, 0x81, 0x81, 0x7f,
    0x7f, 0x7e, 0x7f, 0x7f, 0x80, 0x80, 0x82, 0x81, 0x82, 0x80,
    0x80, 0x80, 0x7e, 0x7f, 0x7e, 0x7f, 0x7f, 0x80, 0x80, 0x7f,
    0x81, 0x80, 0x82, 0x81, 0x82, 0x81, 0x82, 0x80, 0x81, 0x80,
    0x82, 0x82, 0x84, 0x85, 0x85, 0x87, 0x87, 0x89, 0x89, 0x8b,
    0x8c, 0x8b, 0x8c, 0x8b, 0x8c, 0x8c, 0x8a, 0x8a, 0x89, 0x89,
    0x87, 0x87, 0x86, 0x84, 0x85, 0x84, 0x84, 0x84, 0x85, 0x85,
    0x87, 0x87, 0x88, 0x89, 0x89, 0x8a, 0x89, 0x8a, 0x88, 0x89,
    0x88, 0x87, 0x87, 0x85, 0x86, 0x85, 0x85, 0x84, 0x84, 0x82,
    0x81, 0x80, 0x7f, 0x7c, 0x7b, 0x78, 0x79, 0x77, 0x78, 0x76,
    0x78, 0x77, 0x78, 0x77, 0x77, 0x76, 0x77, 0x76, 0x77, 0x76,
    0x78, 0x78, 0x78, 0x7a, 0x7a, 0x7a, 0x7b, 0x7a, 0x7c, 0x7c,
    0x7d, 0x7d, 0x7f, 0x7f, 0x80, 0x80, 0x81, 0x81, 0x82, 0x82,
    0x82, 0x81, 0x82, 0x81, 0x80, 0x80, 0x7f, 0x7f, 0x7d, 0x7d,
    0x7c, 0x7c, 0x7b, 0x7c, 0x7c, 0x7c, 0x7d, 0x7d, 0x7c, 0x7e,
    0x7e, 0x7e, 0x7f, 0x7f, 0x80, 0x81, 0x80, 0x82, 0x81, 0x83,
    0x82, 0x83, 0x83, 0x84, 0x84, 0x87, 0x86, 0x88, 0x89, 0x88,
    0x8a, 0x8a, 0x89, 0x89, 0x88, 0x88, 0x87, 0x87, 0x85, 0x85,
    0x83, 0x83, 0x81, 0x81, 0x7f, 0x80, 0x7f, 0x7f, 0x7d, 0x7e,
    0x7c, 0x7c, 0x7b, 0x7b, 0x7a, 0x79, 0x79, 0x78, 0x78, 0x77,
    0x78, 0x78, 0x77, 0x77, 0x77, 0x77, 0x77, 0x78, 0x77, 0x79,
    0x7a, 0x7c, 0x7d, 0x7d, 0x7f, 0x80, 0x82, 0x82, 0x84, 0x83,
    0x84, 0x84, 0x85, 0x84, 0x85, 0x84, 0x83, 0x84, 0x83, 0x83,
    0x83, 0x81, 0x82, 0x82, 0x80, 0x81, 0x80, 0x80, 0x7f, 0x80,
    0x80, 0x81, 0x80, 0x81, 0x81, 0x82, 0x81, 0x81, 0x80, 0x81,
    0x7f, 0x80, 0x80, 0x80, 0x80, 0x81, 0x81, 0x82, 0x82, 0x83,
    0x82, 0x83, 0x82, 0x83, 0x82, 0x83, 0x81, 0x81, 0x81, 0x7f,
    0x7f, 0x7f, 0x7e, 0x7c, 0x7c, 0x7c, 0x7a, 0x7a, 0x79, 0x7a,
    0x79, 0x7a, 0x7b, 0x7a, 0x7c, 0x7c, 0x7d, 0x7d, 0x7f, 0x80,
    0x81, 0x81, 0x82, 0x82, 0x83, 0x82, 0x83, 0x82, 0x83, 0x84,
    0x84, 0x84, 0x85, 0x84, 0x85, 0x84, 0x85, 0x83, 0x84, 0x83,
    0x84, 0x83, 0x82, 0x83, 0x82, 0x81, 0x82, 0x81, 0x82, 0x82,
    0x83, 0x83, 0x83, 0x84, 0x83, 0x84, 0x84, 0x83, 0x85, 0x84,
    0x85, 0x85, 0x85, 0x84, 0x85, 0x84, 0x86, 0x85, 0x86, 0x88,
    0x87, 0x89, 0x88, 0x89, 0x88, 0x89, 0x88, 0x88, 0x88, 0x87,
    0x86, 0x84, 0x83, 0x81, 0x80, 0x7c, 0x7a, 0x7e, 0x84, 0x89,
    0x88, 0x89, 0x87, 0x7e, 0x75, 0x6c, 0x62, 0x5c, 0x57, 0x55,
    0x56, 0x55, 0x59, 0x5a, 0x5e, 0x61, 0x67, 0x6b, 0x71, 0x75,
    0x7b, 0x7e, 0x7f, 0x81, 0x82, 0x82, 0x82, 0x81, 0x82, 0x84,
    0x84, 0x87, 0x87, 0x88, 0x88, 0x88, 0x86, 0x84, 0x80, 0x7c,
    0x77, 0x75, 0x74, 0x71, 0x71, 0x70, 0x70, 0x6e, 0x6e, 0x6c,
    0x6d, 0x6d, 0x6d, 0x6e, 0x6e, 0x6e, 0x6e, 0x6d, 0x6d, 0x6d,
    0x6d, 0x6e, 0x6e, 0x6f, 0x70, 0x71, 0x71, 0x71, 0x71, 0x71,
    0x71, 0x6f, 0x70, 0x6f, 0x71, 0x72, 0x73, 0x75, 0x76, 0x76,
    0x78, 0x78, 0x78, 0x76, 0x77, 0x77, 0x76, 0x78, 0x78, 0x79,
    0x79, 0x7a, 0x7b, 0x7b, 0x7a, 0x7c, 0x7c, 0x7d, 0x7b, 0x7c,
    0x7b, 0x7a, 0x7c, 0x7c, 0x7c, 0x7d, 0x7e, 0x81, 0x83, 0x84,
    0x87, 0x88, 0x8b, 0x8d, 0x8d, 0x90, 0x8f, 0x91, 0x91, 0x92,
    0x91, 0x92, 0x91, 0x91, 0x90, 0x92, 0x91, 0x92, 0x93, 0x92,
    0x94, 0x95, 0x95, 0x97, 0x97, 0x99, 0x9a, 0x9b, 0x9c, 0x9b,
    0x9c, 0x9d, 0x9c, 0x9c, 0x9c, 0x9d, 0x9c, 0x9d, 0x9d, 0x9e,
    0x9d, 0x9e, 0x9e, 0x9c, 0x9c, 0x9a, 0x9a, 0x98, 0x98, 0x97,
    0x97, 0x96, 0x96, 0x95, 0x95, 0x93, 0x93, 0x90, 0x8f, 0x8c,
    0x8b, 0x89, 0x87, 0x85, 0x84, 0x82, 0x82, 0x81, 0x7e, 0x7e,
    0x7c, 0x7c, 0x7b, 0x7b, 0x79, 0x79, 0x78, 0x79, 0x78, 0x7a,
    0x79, 0x7b, 0x7a, 0x7c, 0x7b, 0x7c, 0x7b, 0x7b, 0x7b, 0x7b,
    0x7a, 0x7b, 0x7a, 0x79, 0x7a, 0x78, 0x79, 0x77, 0x78, 0x76,
    0x77, 0x76, 0x76, 0x74, 0x74, 0x72, 0x73, 0x72, 0x70, 0x70,
    0x6f, 0x6f, 0x6e, 0x6e, 0x6c, 0x6c, 0x6b, 0x6c, 0x6a, 0x6c,
    0x6b, 0x6c, 0x6c, 0x6b, 0x6d, 0x6c, 0x6c, 0x6c, 0x6d, 0x6d,
    0x6c, 0x6d, 0x6d, 0x6e, 0x6d, 0x6e, 0x6e, 0x6f, 0x6e, 0x70,
    0x6e, 0x6f, 0x6d, 0x6d, 0x6c, 0x6c, 0x6a, 0x6b, 0x6a, 0x6b,
    0x6a, 0x69, 0x69, 0x68, 0x69, 0x68, 0x67, 0x68, 0x67, 0x68,
    0x68, 0x6a, 0x6a, 0x6c, 0x6c, 0x6f, 0x70, 0x72, 0x74, 0x76,
    0x77, 0x7a, 0x7b, 0x7e, 0x7e, 0x81, 0x81, 0x83, 0x84, 0x84,
    0x86, 0x86, 0x88, 0x88, 0x88, 0x8a, 0x8a, 0x8b, 0x8c, 0x8c,
    0x8d, 0x8d, 0x8e, 0x8e, 0x90, 0x8f, 0x91, 0x92, 0x91, 0x93,
    0x92, 0x93, 0x93, 0x92, 0x92, 0x92, 0x92, 0x93, 0x93, 0x95,
    0x94, 0x97, 0x97, 0x98, 0x99, 0x9a, 0x9a, 0x9c, 0x9c, 0x9d,
    0x9e, 0x9e, 0x9e, 0x9f, 0x9e, 0x9e, 0x9c, 0x9d, 0x9c, 0x9a,
    0x98, 0x97, 0x94, 0x94, 0x91, 0x91, 0x8f, 0x90, 0x8e, 0x8e,
    0x8c, 0x8c, 0x8b, 0x8b, 0x88, 0x89, 0x86, 0x86, 0x85, 0x84,
    0x82, 0x82, 0x81, 0x81, 0x82, 0x81, 0x82, 0x82, 0x82, 0x83,
    0x82, 0x83, 0x83, 0x84, 0x84, 0x83, 0x84, 0x82, 0x83, 0x83,
    0x82, 0x81, 0x82, 0x81, 0x81, 0x7f, 0x80, 0x7e, 0x7f, 0x7e,
    0x7d, 0x7c, 0x7b, 0x7a, 0x79, 0x78, 0x76, 0x76, 0x75, 0x75,
    0x74, 0x75, 0x73, 0x74, 0x73, 0x74, 0x74, 0x73, 0x74, 0x73,
    0x73, 0x72, 0x73, 0x71, 0x72, 0x71, 0x70, 0x6e, 0x6d, 0x6b,
    0x71, 0x78, 0x7f, 0x7e, 0x7e, 0x7d, 0x73, 0x69, 0x60, 0x58,
    0x51, 0x4d, 0x4d, 0x4c, 0x4f, 0x50, 0x54, 0x57, 0x59, 0x5f,
    0x62, 0x69, 0x6d, 0x72, 0x74, 0x77, 0x78, 0x77, 0x77, 0x78,
    0x77, 0x79, 0x7a, 0x7d, 0x7f, 0x80, 0x82, 0x82, 0x83, 0x82,
    0x80, 0x7d, 0x78, 0x76, 0x74, 0x72, 0x72, 0x71, 0x73, 0x72,
    0x73, 0x71, 0x72, 0x71, 0x73, 0x73, 0x75, 0x76, 0x75, 0x76,
    0x75, 0x76, 0x75, 0x77, 0x77, 0x79, 0x7b, 0x7c, 0x7e, 0x7d,
    0x7f, 0x7f, 0x80, 0x7f, 0x81, 0x81, 0x83, 0x83, 0x86, 0x88,
    0x8a, 0x8c, 0x8f, 0x90, 0x92, 0x91, 0x92, 0x91, 0x92, 0x91,
    0x92, 0x91, 0x92, 0x91, 0x8f, 0x8f, 0x8d, 0x8d, 0x8b, 0x8b,
    0x88, 0x87, 0x84, 0x83, 0x80, 0x80, 0x7e, 0x7e, 0x7d, 0x7c,
    0x7e, 0x7e, 0x80, 0x81, 0x82, 0x85, 0x86, 0x88, 0x8a, 0x8b,
    0x8c, 0x8d, 0x8d, 0x8f, 0x8e, 0x90, 0x8f, 0x90, 0x91, 0x92,
    0x92, 0x91, 0x93, 0x92, 0x94, 0x94, 0x94, 0x95, 0x94, 0x95,
    0x93, 0x93, 0x91, 0x90, 0x8e, 0x8e, 0x8c, 0x8c, 0x8a, 0x8a,
    0x89, 0x89, 0x89, 0x89, 0x88, 0x86, 0x86, 0x84, 0x84, 0x83,
    0x81, 0x81, 0x80, 0x81, 0x80, 0x82, 0x82, 0x84, 0x83, 0x84,
    0x83, 0x83, 0x81, 0x81, 0x7f, 0x7f, 0x7d, 0x7d, 0x7c, 0x7a,
    0x7a, 0x78, 0x78, 0x76, 0x77, 0x76, 0x75, 0x75, 0x74, 0x73,
    0x74, 0x73, 0x74, 0x73, 0x74, 0x74, 0x75, 0x74, 0x75, 0x74,
    0x76, 0x75, 0x76, 0x75, 0x76, 0x77, 0x76, 0x77, 0x78, 0x77,
    0x78, 0x77, 0x79, 0x78, 0x78, 0x79, 0x78, 0x78, 0x79, 0x77,
    0x79, 0x78, 0x79, 0x79, 0x7a, 0x79, 0x7a, 0x78, 0x79, 0x78,
    0x79, 0x79, 0x78, 0x7a, 0x79, 0x7a, 0x79, 0x7a, 0x7a, 0x79,
    0x7a, 0x7a, 0x7a, 0x7a, 0x7b, 0x7a, 0x7c, 0x7c, 0x7d, 0x7e,
    0x7f, 0x81, 0x81, 0x83, 0x83, 0x85, 0x84, 0x86, 0x86, 0x85,
    0x86, 0x85, 0x86, 0x85, 0x85, 0x83, 0x83, 0x82, 0x7f, 0x7f,
    0x7d, 0x7c, 0x7a, 0x7a, 0x78, 0x78, 0x77, 0x77, 0x76, 0x77,
    0x78, 0x77, 0x78, 0x77, 0x79, 0x79, 0x7a, 0x7a, 0x7c, 0x7d,
    0x7d, 0x7f, 0x80, 0x81, 0x83, 0x83, 0x86, 0x86, 0x88, 0x88,
    0x8a, 0x8a, 0x8c, 0x8c, 0x8c, 0x8d, 0x8d, 0x8c, 0x8d, 0x8d,
    0x8b, 0x8c, 0x8a, 0x8a, 0x88, 0x88, 0x87, 0x86, 0x84, 0x83,
    0x82, 0x81, 0x82, 0x81, 0x82, 0x81, 0x81, 0x82, 0x81, 0x82,
    0x82, 0x83, 0x83, 0x84, 0x84, 0x85, 0x84, 0x85, 0x85, 0x85,
    0x84, 0x84, 0x83, 0x83, 0x81, 0x82, 0x80, 0x81, 0x7f, 0x80,
    0x7f, 0x7e, 0x7f, 0x7d, 0x7e, 0x7e, 0x7c, 0x7d, 0x7b, 0x7b,
    0x79, 0x78, 0x79, 0x78, 0x78, 0x78, 0x77, 0x78, 0x79, 0x79,
    0x79, 0x79, 0x7a, 0x79, 0x7a, 0x7a, 0x7b, 0x7a, 0x7c, 0x7b,
    0x7d, 0x7c, 0x7d, 0x7e, 0x7e, 0x7f, 0x80, 0x80, 0x7f, 0x81,
    0x7f, 0x80, 0x80, 0x80, 0x80, 0x80, 0x7f, 0x80, 0x7e, 0x7e,
    0x7f, 0x7e, 0x7f, 0x81, 0x81, 0x81, 0x82, 0x81, 0x83, 0x83,
    0x83, 0x84, 0x83, 0x85, 0x85, 0x84, 0x86, 0x85, 0x87, 0x87,
    0x86, 0x86, 0x84, 0x83, 0x8c, 0x93, 0x9b, 0x9c, 0x9d, 0x9c,
    0x92, 0x89, 0x80, 0x76, 0x70, 0x6a, 0x6a, 0x69, 0x68, 0x6a,
    0x6c, 0x6d, 0x71, 0x73, 0x78, 0x7c, 0x7e, 0x82, 0x82, 0x83,
    0x82, 0x7f, 0x7e, 0x7c, 0x7b, 0x7b, 0x7a, 0x7c, 0x7c, 0x7e,
    0x7e, 0x80, 0x80, 0x7f, 0x7c, 0x7a, 0x75, 0x74, 0x72, 0x70,
    0x72, 0x71, 0x73, 0x74, 0x74, 0x74, 0x73, 0x75, 0x74, 0x76,
    0x77, 0x77, 0x77, 0x75, 0x75, 0x73, 0x73, 0x72, 0x71, 0x71,
    0x70, 0x71, 0x70, 0x70, 0x70, 0x6f, 0x6f, 0x6f, 0x6e, 0x6f,
    0x6e, 0x70, 0x71, 0x73, 0x74, 0x77, 0x79, 0x7c, 0x7c, 0x7e,
    0x7d, 0x7f, 0x7f, 0x81, 0x82, 0x82, 0x84, 0x84, 0x83, 0x84,
    0x82, 0x83, 0x81, 0x81, 0x7e, 0x7d, 0x7a, 0x79, 0x77, 0x75,
    0x75, 0x75, 0x73, 0x74, 0x74, 0x76, 0x78, 0x78, 0x7b, 0x7d,
    0x7d, 0x80, 0x81, 0x81, 0x84, 0x84, 0x86, 0x87, 0x88, 0x89,
    0x89, 0x8a, 0x8b, 0x8d, 0x8e, 0x8f, 0x8f, 0x91, 0x92, 0x93,
    0x95, 0x95, 0x96, 0x96, 0x97, 0x95, 0x95, 0x95, 0x94, 0x94,
    0x93, 0x93, 0x93, 0x92, 0x92, 0x92, 0x91, 0x92, 0x90, 0x91,
    0x8f, 0x8f, 0x8e, 0x8d, 0x8c, 0x8b, 0x8a, 0x8b, 0x8a, 0x8c,
    0x8c, 0x8e, 0x8e, 0x8f, 0x8f, 0x8f, 0x8e, 0x8f, 0x8f, 0x8f,
    0x8f, 0x90, 0x90, 0x90, 0x90, 0x8f, 0x8f, 0x8e, 0x8e, 0x8c,
    0x8c, 0x8a, 0x89, 0x88, 0x87, 0x85, 0x85, 0x83, 0x81, 0x81,
    0x7e, 0x7d, 0x7b, 0x7a, 0x79, 0x78, 0x77, 0x75, 0x74, 0x72,
    0x72, 0x71, 0x71, 0x70, 0x71, 0x70, 0x70, 0x72, 0x72, 0x72,
    0x73, 0x72, 0x74, 0x74, 0x76, 0x77, 0x76, 0x78, 0x77, 0x78,
    0x77, 0x76, 0x76, 0x75, 0x76, 0x75, 0x75, 0x75, 0x74, 0x72,
    0x72, 0x71, 0x71, 0x6e, 0x6e, 0x6d, 0x6c, 0x6c, 0x6a, 0x6b,
    0x6b, 0x6a, 0x6b, 0x6a, 0x6c, 0x6c, 0x6e, 0x6e, 0x6f, 0x70,
    0x6f, 0x71, 0x70, 0x72, 0x72, 0x73, 0x72, 0x73, 0x74, 0x73,
    0x74, 0x72, 0x73, 0x71, 0x72, 0x70, 0x70, 0x6f, 0x70, 0x6f,
    0x6f, 0x70, 0x6f, 0x70, 0x70, 0x71, 0x72, 0x74, 0x75, 0x75,
    0x77, 0x78, 0x79, 0x7a, 0x7c, 0x7c, 0x7e, 0x7e, 0x80, 0x82,
    0x83, 0x84, 0x85, 0x86, 0x88, 0x88, 0x8a, 0x8b, 0x8c, 0x8d,
    0x8e, 0x8e, 0x8e, 0x90, 0x90, 0x8f, 0x90, 0x8f, 0x8f, 0x8d,
    0x8e, 0x8c, 0x8d, 0x8c, 0x8b, 0x8c, 0x8c, 0x8e, 0x8e, 0x8f,
    0x8f, 0x90, 0x90, 0x92, 0x91, 0x93, 0x93, 0x95, 0x96, 0x97,
    0x96, 0x98, 0x97, 0x98, 0x98, 0x97, 0x98, 0x97, 0x98, 0x97,
    0x99, 0x99, 0x98, 0x9a, 0x99, 0x9a, 0x9a, 0x99, 0x9a, 0x99,
    0x99, 0x96, 0x96, 0x92, 0x91, 0x8f, 0x8c, 0x8b, 0x87, 0x87,
    0x85, 0x84, 0x82, 0x82, 0x81, 0x80, 0x7e, 0x7c, 0x7c, 0x7b,
    0x7a, 0x79, 0x77, 0x78, 0x78, 0x77, 0x77, 0x78, 0x78, 0x79,
    0x79, 0x7b, 0x7a, 0x7c, 0x7b, 0x7d, 0x7d, 0x7d, 0x7e, 0x7d,
    0x7e, 0x7d, 0x7c, 0x7d, 0x7b, 0x7c, 0x7b, 0x7c, 0x7b, 0x7a,
    0x7b, 0x79, 0x79, 0x77, 0x76, 0x76, 0x73, 0x73, 0x71, 0x72,
    0x70, 0x70, 0x6e, 0x6e, 0x6d, 0x6b, 0x6a, 0x6b, 0x73, 0x79,
    0x7e, 0x7d, 0x81, 0x7b, 0x74, 0x6b, 0x63, 0x5c, 0x55, 0x54,
    0x54, 0x54, 0x57, 0x59, 0x5d, 0x5f, 0x64, 0x68, 0x6d, 0x6f,
    0x74, 0x76, 0x76, 0x77, 0x75, 0x75, 0x73, 0x71, 0x71, 0x70,
    0x71, 0x72, 0x74, 0x74, 0x76, 0x76, 0x75, 0x75, 0x72, 0x70,
    0x6c, 0x6b, 0x69, 0x69, 0x6a, 0x6b, 0x6c, 0x6e, 0x6e, 0x70,
    0x71, 0x71, 0x73, 0x74, 0x77, 0x76, 0x78, 0x77, 0x78, 0x77,
    0x78, 0x78, 0x7a, 0x79, 0x7b, 0x7b, 0x7d, 0x7d, 0x7d, 0x7e,
    0x7d, 0x7e, 0x7e, 0x7e, 0x80, 0x80, 0x83, 0x83, 0x87, 0x88,
    0x8b, 0x8c, 0x8f, 0x8e, 0x90, 0x91, 0x91, 0x93, 0x93, 0x96,
    0x96, 0x98, 0x98, 0x99, 0x99, 0x9a, 0x9b, 0x99, 0x9a, 0x98,
    0x97, 0x96, 0x95, 0x93, 0x93, 0x91, 0x8f, 0x90, 0x8e, 0x90,
    0x8f, 0x90, 0x91, 0x91, 0x91, 0x90, 0x8f, 0x8f, 0x8e, 0x8e,
    0x8d, 0x8d, 0x8b, 0x8b, 0x8a, 0x8a, 0x8a, 0x8b, 0x8b, 0x8a,
    0x8c, 0x8e, 0x8e, 0x90, 0x91, 0x93, 0x93, 0x96, 0x96, 0x96,
    0x96, 0x96, 0x96, 0x96, 0x95, 0x93, 0x94, 0x92, 0x93, 0x91,
    0x90, 0x90, 0x8e, 0x8e, 0x8c, 0x8a, 0x87, 0x85, 0x83, 0x81,
    0x7f, 0x7f, 0x7e, 0x7d, 0x7e, 0x7d, 0x7e, 0x7d, 0x7d, 0x7c,
    0x7b, 0x7a, 0x7b, 0x79, 0x7a, 0x7a, 0x7b, 0x79, 0x7a, 0x79,
    0x7a, 0x7a, 0x7a, 0x7a, 0x79, 0x78, 0x79, 0x77, 0x78, 0x76,
    0x76, 0x74, 0x74, 0x73, 0x71, 0x70, 0x6e, 0x6e, 0x6b, 0x6b,
    0x6a, 0x69, 0x69, 0x68, 0x67, 0x67, 0x66, 0x67, 0x66, 0x67,
    0x68, 0x67, 0x68, 0x68, 0x69, 0x6a, 0x6a, 0x6c, 0x6d, 0x6d,
    0x6f, 0x6f, 0x70, 0x71, 0x71, 0x71, 0x71, 0x72, 0x72, 0x74,
    0x74, 0x75, 0x75, 0x75, 0x74, 0x75, 0x74, 0x74, 0x73, 0x74,
    0x73, 0x74, 0x74, 0x74, 0x74, 0x76, 0x76, 0x78, 0x79, 0x7b,
    0x7b, 0x7d, 0x7f, 0x7f, 0x81, 0x81, 0x83, 0x84, 0x83, 0x85,
    0x85, 0x87, 0x88, 0x88, 0x89, 0x8a, 0x89, 0x8a, 0x8a, 0x8b,
    0x8b, 0x8a, 0x8b, 0x8a, 0x8b, 0x8a, 0x8b, 0x8a, 0x8a, 0x89,
    0x89, 0x87, 0x88, 0x87, 0x87, 0x86, 0x85, 0x85, 0x84, 0x84,
    0x83, 0x82, 0x83, 0x81, 0x82, 0x82, 0x81, 0x82, 0x82, 0x83,
    0x82, 0x84, 0x85, 0x84, 0x87, 0x87, 0x88, 0x88, 0x8a, 0x8b,
    0x8a, 0x8b, 0x8a, 0x8b, 0x89, 0x8b, 0x89, 0x8a, 0x89, 0x8a,
    0x8a, 0x8b, 0x8a, 0x8b, 0x8a, 0x8b, 0x89, 0x8a, 0x88, 0x89,
    0x87, 0x88, 0x87, 0x86, 0x86, 0x84, 0x85, 0x83, 0x84, 0x82,
    0x82, 0x82, 0x80, 0x81, 0x80, 0x81, 0x81, 0x82, 0x83, 0x83,
    0x84, 0x84, 0x86, 0x86, 0x86, 0x85, 0x85, 0x83, 0x84, 0x81,
    0x81, 0x80, 0x7f, 0x7e, 0x7d, 0x7c, 0x7b, 0x7a, 0x79, 0x77,
    0x77, 0x75, 0x76, 0x74, 0x74, 0x73, 0x73, 0x73, 0x72, 0x73,
    0x73, 0x74, 0x74, 0x76, 0x75, 0x78, 0x77, 0x79, 0x7a, 0x7a,
    0x7b, 0x7b, 0x7d, 0x7c, 0x7e, 0x7d, 0x7f, 0x7e, 0x80, 0x7f,
    0x81, 0x81, 0x82, 0x83, 0x82, 0x83, 0x82, 0x81, 0x82, 0x80,
    0x81, 0x80, 0x80, 0x80, 0x7f, 0x7f, 0x7f, 0x7f, 0x7f, 0x7d,
    0x7e, 0x7c, 0x7c, 0x7a, 0x7f, 0x87, 0x8b, 0x91, 0x8f, 0x91,
    0x8a, 0x82, 0x7a, 0x6f, 0x6a, 0x64, 0x65, 0x65, 0x68, 0x6a,
    0x6f, 0x72, 0x78, 0x7c, 0x82, 0x87, 0x8a, 0x8e, 0x8f, 0x91,
    0x90, 0x8f, 0x8d, 0x8b, 0x88, 0x88, 0x87, 0x87, 0x88, 0x88,
    0x86, 0x86, 0x84, 0x83, 0x80, 0x7b, 0x78, 0x72, 0x70, 0x6d,
    0x6c, 0x6b, 0x6d, 0x6e, 0x6e, 0x6f, 0x6e, 0x70, 0x70, 0x71,
    0x72, 0x74, 0x74, 0x74, 0x76, 0x75, 0x76, 0x76, 0x78, 0x79,
    0x79, 0x7a, 0x7a, 0x7a, 0x7a, 0x7a, 0x79, 0x7a, 0x78, 0x79,
    0x78, 0x78, 0x78, 0x78, 0x79, 0x79, 0x79, 0x7b, 0x7a, 0x7c,
    0x7a, 0x7b, 0x7b, 0x7a, 0x7c, 0x7b, 0x7d, 0x7d, 0x7e, 0x7e,
    0x7d, 0x7e, 0x7d, 0x7d, 0x7d, 0x7c, 0x7c, 0x7b, 0x7a, 0x78,
    0x79, 0x78, 0x79, 0x7a, 0x79, 0x7b, 0x7b, 0x7d, 0x7c, 0x7d,
    0x7d, 0x7e, 0x7d, 0x7e, 0x7e, 0x7d, 0x7e, 0x7e, 0x7e, 0x7f,
    0x7e, 0x80, 0x7f, 0x81, 0x81, 0x83, 0x83, 0x85, 0x86, 0x89,
    0x89, 0x8c, 0x8c, 0x8f, 0x8f, 0x91, 0x90, 0x91, 0x90, 0x91,
    0x91, 0x91, 0x90, 0x91, 0x90, 0x90, 0x90, 0x8f, 0x8f, 0x8d,
    0x8e, 0x8b, 0x8b, 0x88, 0x88, 0x86, 0x86, 0x85, 0x86, 0x86,
    0x88, 0x88, 0x89, 0x88, 0x8a, 0x89, 0x8a, 0x89, 0x8a, 0x8a,
    0x8b, 0x8b, 0x8a, 0x8c, 0x8b, 0x8c, 0x8b, 0x8c, 0x8c, 0x8e,
    0x8e, 0x8f, 0x8f, 0x90, 0x8f, 0x90, 0x8f, 0x90, 0x8f, 0x8d,
    0x8d, 0x8b, 0x8a, 0x87, 0x87, 0x84, 0x83, 0x80, 0x7f, 0x7c,
    0x7b, 0x78, 0x78, 0x76, 0x74, 0x74, 0x72, 0x72, 0x70, 0x71,
    0x70, 0x6f, 0x6f, 0x6e, 0x6f, 0x6e, 0x6e, 0x6f, 0x6e, 0x70,
    0x6f, 0x70, 0x71, 0x70, 0x72, 0x72, 0x74, 0x74, 0x76, 0x76,
    0x77, 0x77, 0x77, 0x77, 0x77, 0x76, 0x77, 0x75, 0x76, 0x76,
    0x76, 0x74, 0x75, 0x74, 0x75, 0x74, 0x74, 0x73, 0x74, 0x74,
    0x73, 0x74, 0x73, 0x74, 0x74, 0x73, 0x74, 0x73, 0x75, 0x74,
    0x75, 0x75, 0x74, 0x75, 0x75, 0x74, 0x75, 0x74, 0x76, 0x77,
    0x77, 0x77, 0x79, 0x78, 0x7a, 0x79, 0x7b, 0x7a, 0x7b, 0x7a,
    0x7b, 0x7a, 0x7a, 0x7a, 0x79, 0x79, 0x78, 0x77, 0x78, 0x77,
    0x79, 0x79, 0x7a, 0x7a, 0x7a, 0x7c, 0x7d, 0x7e, 0x7d, 0x7f,
    0x7f, 0x82, 0x82, 0x84, 0x84, 0x85, 0x85, 0x86, 0x86, 0x87,
    0x86, 0x88, 0x88, 0x88, 0x89, 0x8a, 0x8b, 0x8c, 0x8d, 0x8d,
    0x8e, 0x8e, 0x8f, 0x8e, 0x90, 0x8f, 0x91, 0x90, 0x91, 0x91,
    0x91, 0x91, 0x91, 0x90, 0x90, 0x90, 0x91, 0x8f, 0x90, 0x8f,
    0x8f, 0x90, 0x90, 0x91, 0x91, 0x93, 0x93, 0x94, 0x94, 0x95,
    0x95, 0x94, 0x95, 0x94, 0x95, 0x95, 0x94, 0x94, 0x94, 0x93,
    0x94, 0x92, 0x93, 0x91, 0x91, 0x8f, 0x8f, 0x8d, 0x8c, 0x8b,
    0x89, 0x88, 0x85, 0x85, 0x82, 0x81, 0x80, 0x7f, 0x7e, 0x7d,
    0x7d, 0x7b, 0x7b, 0x7a, 0x7a, 0x78, 0x79, 0x77, 0x78, 0x77,
    0x78, 0x78, 0x77, 0x78, 0x78, 0x78, 0x79, 0x79, 0x7b, 0x7c,
    0x7c, 0x7d, 0x7c, 0x7e, 0x7d, 0x7e, 0x7d, 0x7d, 0x7c, 0x7c,
    0x7a, 0x7b, 0x79, 0x79, 0x78, 0x76, 0x76, 0x74, 0x73, 0x70,
    0x70, 0x74, 0x7c, 0x7f, 0x82, 0x80, 0x7e, 0x76, 0x6e, 0x65,
    0x5c, 0x56, 0x52, 0x52, 0x53, 0x54, 0x58, 0x5a, 0x5f, 0x62,
    0x68, 0x6c, 0x72, 0x77, 0x7a, 0x7a, 0x7d, 0x7c, 0x7c, 0x7a,
    0x7a, 0x78, 0x78, 0x77, 0x79, 0x79, 0x78, 0x79, 0x78, 0x78,
    0x76, 0x75, 0x70, 0x6e, 0x6a, 0x68, 0x66, 0x68, 0x68, 0x68,
    0x6a, 0x6a, 0x6c, 0x6c, 0x6e, 0x6e, 0x6f, 0x70, 0x71, 0x72,
    0x73, 0x74, 0x74, 0x76, 0x77, 0x78, 0x79, 0x79, 0x7b, 0x7b,
    0x7c, 0x7d, 0x7c, 0x7d, 0x7d, 0x7e, 0x7d, 0x7e, 0x7e, 0x80,
    0x80, 0x82, 0x82, 0x85, 0x85, 0x88, 0x89, 0x89, 0x8a, 0x8a,
    0x8c, 0x8c, 0x8f, 0x8f, 0x91, 0x91, 0x93, 0x93, 0x94, 0x94,
    0x93, 0x93, 0x92, 0x93, 0x93, 0x94, 0x93, 0x95, 0x95, 0x97,
    0x97, 0x99, 0x99, 0x9b, 0x9a, 0x9b, 0x9b, 0x9a, 0x9a, 0x98,
    0x98, 0x97, 0x95, 0x94, 0x92, 0x92, 0x8f, 0x8f, 0x8d, 0x8c,
    0x8c, 0x8b, 0x8b, 0x89, 0x8a, 0x8a, 0x8a, 0x8a, 0x8a, 0x8b,
    0x8a, 0x8b, 0x8a, 0x8a, 0x8b, 0x8a, 0x8b, 0x89, 0x8a, 0x8a,
    0x89, 0x8b, 0x8a, 0x8b, 0x8a, 0x8a, 0x8a, 0x89, 0x88, 0x86,
    0x85, 0x83, 0x83, 0x81, 0x81, 0x81, 0x7f, 0x80, 0x7f, 0x7d,
    0x7d, 0x7b, 0x7a, 0x79, 0x77, 0x77, 0x75, 0x75, 0x74, 0x72,
    0x73, 0x73, 0x71, 0x72, 0x71, 0x72, 0x73, 0x72, 0x73, 0x72,
    0x74, 0x74, 0x73, 0x75, 0x75, 0x74, 0x75, 0x73, 0x74, 0x72,
    0x73, 0x72, 0x70, 0x70, 0x6e, 0x6e, 0x6d, 0x6a, 0x6a, 0x69,
    0x68, 0x67, 0x67, 0x66, 0x66, 0x65, 0x65, 0x64, 0x65, 0x66,
    0x65, 0x66, 0x67, 0x66, 0x68, 0x68, 0x69, 0x69, 0x6b, 0x6b,
    0x6b, 0x6d, 0x6e, 0x70, 0x71, 0x73, 0x73, 0x75, 0x76, 0x76,
    0x76, 0x77, 0x78, 0x78, 0x79, 0x79, 0x7a, 0x7a, 0x7b, 0x7b,
    0x7b, 0x7d, 0x7d, 0x7f, 0x80, 0x80, 0x81, 0x81, 0x82, 0x83,
    0x84, 0x84, 0x85, 0x85, 0x86, 0x86, 0x86, 0x86, 0x87, 0x87,
    0x86, 0x87, 0x86, 0x87, 0x87, 0x88, 0x89, 0x8a, 0x8c, 0x8e,
    0x8f, 0x90, 0x91, 0x92, 0x93, 0x94, 0x95, 0x96, 0x96, 0x96,
    0x95, 0x95, 0x94, 0x94, 0x93, 0x93, 0x92, 0x92, 0x92, 0x90,
    0x90, 0x8f, 0x8f, 0x8e, 0x8d, 0x8d, 0x8c, 0x8c, 0x8b, 0x8b,
    0x8b, 0x8a, 0x8a, 0x8a, 0x8a, 0x89, 0x89, 0x89, 0x89, 0x89,
    0x8a, 0x8a, 0x8b, 0x8d, 0x8e, 0x8f, 0x90, 0x91, 0x92, 0x93,
    0x94, 0x94, 0x95, 0x95, 0x95, 0x94, 0x94, 0x93, 0x93, 0x92,
    0x8f, 0x8e, 0x8d, 0x8c, 0x8a, 0x88, 0x87, 0x87, 0x86, 0x84,
    0x83, 0x83, 0x82, 0x82, 0x82, 0x81, 0x81, 0x80, 0x80, 0x7f,
    0x7e, 0x7e, 0x7d, 0x7c, 0x7c, 0x7b, 0x7b, 0x7a, 0x7a, 0x79,
    0x79, 0x78, 0x78, 0x77, 0x76, 0x74, 0x73, 0x71, 0x70, 0x6e,
    0x6d, 0x6b, 0x6b, 0x6a, 0x69, 0x69, 0x68, 0x67, 0x67, 0x67,
    0x67, 0x67, 0x67, 0x67, 0x67, 0x67, 0x68, 0x68, 0x68, 0x69,
    0x69, 0x6a, 0x6b, 0x6f, 0x71, 0x73, 0x74, 0x76, 0x77, 0x75,
    0x74, 0x72, 0x71, 0x6f, 0x6f, 0x6e, 0x6e, 0x6e, 0x6f, 0x6f,
    0x6f, 0x6f, 0x70, 0x71, 0x72, 0x7b, 0x83, 0x89, 0x8a, 0x8a,
    0x88, 0x7e, 0x76, 0x6c, 0x65, 0x61, 0x5f, 0x61, 0x62, 0x66,
    0x6a, 0x6e, 0x72, 0x76, 0x7b, 0x7f, 0x83, 0x87, 0x8b, 0x8d,
    0x90, 0x90, 0x92, 0x92, 0x90, 0x92, 0x93, 0x93, 0x95, 0x96,
    0x97, 0x97, 0x96, 0x94, 0x91, 0x8e, 0x88, 0x83, 0x7e, 0x79,
    0x77, 0x76, 0x75, 0x75, 0x73, 0x72, 0x70, 0x6f, 0x6e, 0x6d,
    0x6d, 0x6d, 0x6e, 0x6d, 0x6e, 0x6d, 0x6e, 0x6e, 0x6f, 0x71,
    0x72, 0x74, 0x76, 0x77, 0x79, 0x7a, 0x7a, 0x7b, 0x7c, 0x7d,
    0x7f, 0x80, 0x82, 0x82, 0x83, 0x85, 0x85, 0x86, 0x87, 0x87,
    0x88, 0x87, 0x86, 0x86, 0x85, 0x86, 0x86, 0x87, 0x87, 0x87,
    0x86, 0x86, 0x85, 0x84, 0x83, 0x82, 0x81, 0x80, 0x7f, 0x7e,
    0x7f, 0x7f, 0x7f, 0x81, 0x82, 0x84, 0x85, 0x87, 0x89, 0x8a,
    0x8d, 0x8d, 0x8e, 0x8f, 0x8f, 0x8f, 0x8d, 0x8c, 0x8b, 0x89,
    0x87, 0x86, 0x85, 0x83, 0x82, 0x82, 0x80, 0x80, 0x7f, 0x7e,
    0x7e, 0x7e, 0x7d, 0x7e, 0x7e, 0x7f, 0x7e, 0x7f, 0x7f, 0x80,
    0x80, 0x80, 0x81, 0x80, 0x82, 0x82, 0x83, 0x84, 0x84, 0x85,
    0x85, 0x86, 0x86, 0x85, 0x85, 0x85, 0x85, 0x84, 0x85, 0x85,
    0x86, 0x86, 0x87, 0x86, 0x85, 0x85, 0x83, 0x83, 0x81, 0x81,
    0x81, 0x81, 0x80, 0x80, 0x80, 0x80, 0x81, 0x81, 0x81, 0x81,
    0x82, 0x82, 0x83, 0x83, 0x83, 0x85, 0x85, 0x85, 0x86, 0x86,
    0x86, 0x87, 0x87, 0x87, 0x88, 0x87, 0x88, 0x88, 0x88, 0x88,
    0x87, 0x86, 0x85, 0x85, 0x84, 0x82, 0x82, 0x80, 0x7f, 0x7c,
    0x7b, 0x79, 0x77, 0x76, 0x74, 0x73, 0x71, 0x6f, 0x6e, 0x6d,
    0x6d, 0x6c, 0x6b, 0x6b, 0x6b, 0x6b, 0x6b, 0x6c, 0x6c, 0x6d,
    0x6e, 0x6f, 0x6f, 0x71, 0x72, 0x73, 0x73, 0x75, 0x76, 0x77,
    0x77, 0x78, 0x78, 0x78, 0x79, 0x7a, 0x7a, 0x7b, 0x7b, 0x7b,
    0x7b, 0x7c, 0x7c, 0x7c, 0x7c, 0x7c, 0x7c, 0x7b, 0x7a, 0x7a,
    0x79, 0x77, 0x78, 0x76, 0x76, 0x75, 0x75, 0x75, 0x75, 0x76,
    0x77, 0x78, 0x79, 0x7b, 0x7d, 0x7d, 0x7e, 0x80, 0x81, 0x82,
    0x82, 0x84, 0x85, 0x85, 0x85, 0x85, 0x86, 0x85, 0x84, 0x84,
    0x83, 0x82, 0x82, 0x81, 0x80, 0x80, 0x80, 0x7f, 0x7e, 0x7e,
    0x7e, 0x7e, 0x7e, 0x7f, 0x7e, 0x7f, 0x80, 0x7f, 0x81, 0x81,
    0x81, 0x82, 0x82, 0x84, 0x84, 0x85, 0x87, 0x87, 0x89, 0x8a,
    0x8c, 0x8e, 0x8e, 0x90, 0x91, 0x91, 0x93, 0x93, 0x95, 0x95,
    0x95, 0x95, 0x95, 0x94, 0x93, 0x91, 0x91, 0x90, 0x8f, 0x8f,
    0x8e, 0x8e, 0x8e, 0x8e, 0x8d, 0x8d, 0x8d, 0x8d, 0x8e, 0x8e,
    0x8e, 0x8e, 0x8e, 0x8e, 0x8e, 0x8f, 0x8f, 0x8f, 0x8f, 0x90,
    0x90, 0x90, 0x91, 0x91, 0x92, 0x92, 0x92, 0x92, 0x92, 0x92,
    0x92, 0x91, 0x91, 0x90, 0x90, 0x90, 0x8f, 0x8e, 0x8c, 0x8b,
    0x8a, 0x87, 0x86, 0x85, 0x82, 0x81, 0x7e, 0x7d, 0x7a, 0x79,
    0x77, 0x76, 0x73, 0x72, 0x70, 0x6e, 0x6d, 0x72, 0x78, 0x7a,
    0x7a, 0x7b, 0x7b, 0x75, 0x6e, 0x67, 0x63, 0x5e, 0x5b, 0x5a,
    0x5a, 0x5b, 0x5b, 0x5e, 0x61, 0x65, 0x69, 0x6f, 0x73, 0x7a,
    0x7f, 0x82, 0x83, 0x83, 0x82, 0x7e, 0x7a, 0x76, 0x74, 0x72,
    0x72, 0x72, 0x71, 0x71, 0x71, 0x70, 0x6f, 0x6d, 0x6b, 0x69,
    0x68, 0x66, 0x65, 0x65, 0x64, 0x64, 0x65, 0x66, 0x67, 0x69,
    0x6a, 0x6b, 0x6c, 0x6c, 0x6d, 0x6e, 0x6e, 0x6d, 0x6c, 0x6b,
    0x69, 0x68, 0x67, 0x66, 0x67, 0x68, 0x68, 0x69, 0x69, 0x68,
    0x68, 0x67, 0x67, 0x66, 0x66, 0x67, 0x69, 0x69, 0x6b, 0x6d,
    0x6e, 0x6f, 0x71, 0x72, 0x73, 0x74, 0x77, 0x78, 0x79, 0x7a,
    0x7b, 0x7c, 0x7e, 0x7f, 0x81, 0x82, 0x83, 0x84, 0x83, 0x83,
    0x85, 0x85, 0x85, 0x85, 0x85, 0x86, 0x87, 0x87, 0x88, 0x88,
    0x89, 0x8b, 0x8c, 0x8d, 0x8d, 0x8e, 0x8f, 0x90, 0x90, 0x91,
    0x90, 0x91, 0x91, 0x92, 0x93, 0x94, 0x95, 0x96, 0x97, 0x99,
    0x9a, 0x9c, 0x9e, 0x9f, 0xa0, 0xa2, 0xa4, 0xa5, 0xa5, 0xa6,
    0xa5, 0xa5, 0xa4, 0xa3, 0xa2, 0xa0, 0x9f, 0x9f, 0x9d, 0x9c,
    0x9b, 0x99, 0x98, 0x96, 0x94, 0x92, 0x90, 0x8e, 0x8c, 0x8b,
    0x8a, 0x89, 0x89, 0x88, 0x88, 0x86, 0x86, 0x84, 0x84, 0x83,
    0x81, 0x82, 0x81, 0x82, 0x81, 0x82, 0x81, 0x82, 0x83, 0x82,
    0x83, 0x83, 0x84, 0x84, 0x85, 0x85, 0x86, 0x85, 0x85, 0x83,
    0x83, 0x81, 0x81, 0x7f, 0x7f, 0x7d, 0x7d, 0x7b, 0x7a, 0x78,
    0x77, 0x74,
};


unsigned char PROGMEM sound_swing[19972] = {
    0x52, 0x49, 0x46, 0x46, 0xfc, 0x4d, 0x0, 0x0, 0x57, 0x41,
    0x56, 0x45, 0x66, 0x6d, 0x74, 0x20, 0x10, 0x0, 0x0, 0x0,
    0x1, 0x0, 0x1, 0x0, 0x22, 0x56, 0x0, 0x0, 0x22, 0x56,
    0x0, 0x0, 0x1, 0x0, 0x8, 0x0, 0x64, 0x61, 0x74, 0x61,
    0xd8, 0x4d, 0x0, 0x0, 0x80, 0x80, 0x80, 0x80, 0x80, 0x80,
    0x80, 0x80, 0x80, 0x80, 0x80, 0x80, 0x80, 0x80, 0x80, 0x80,
    0x80, 0x80, 0x80, 0x80, 0x80, 0x80, 0x80, 0x80, 0x80, 0x80,
    0x80, 0x80, 0x80, 0x80, 0x80, 0x80, 0x80, 0x80, 0x80, 0x80,
    0x80, 0x80, 0x80, 0x80, 0x80, 0x80, 0x80, 0x80, 0x80, 0x80,
    0x80, 0x80, 0x80, 0x80, 0x80, 0x80, 0x80, 0x80, 0x80, 0x80,
    0x80, 0x80, 0x80, 0x80, 0x80, 0x80, 0x80, 0x80, 0x80, 0x80,
    0x80, 0x80, 0x7f, 0x7f, 0x7f, 0x7f, 0x7f, 0x7f, 0x7f, 0x7f,
    0x7f, 0x7f, 0x7f, 0x7f, 0x7e, 0x7e, 0x7e, 0x7e, 0x7e, 0x7e,
    0x7e, 0x7e, 0x7e, 0x7e, 0x7e, 0x7e, 0x7e, 0x7e, 0x7e, 0x7d,
    0x7d, 0x7d, 0x7d, 0x7d, 0x7d, 0x7d, 0x7d, 0x7d, 0x7d, 0x7d,
    0x7d, 0x7d, 0x7d, 0x7d, 0x7d, 0x7d, 0x7d, 0x7d, 0x7d, 0x7d,
    0x7d, 0x7d, 0x7d, 0x7e, 0x7d, 0x7d, 0x7e, 0x7e, 0x7e, 0x7e,
    0x7e, 0x7e, 0x7e, 0x7e, 0x7e, 0x7e, 0x7e, 0x7e, 0x7e, 0x7e,
    0x7f, 0x7f, 0x7f, 0x7f, 0x7f, 0x7f, 0x7f, 0x80, 0x80, 0x80,
    0x80, 0x80, 0x80, 0x81, 0x81, 0x81, 0x81, 0x81, 0x82, 0x82,
    0x82, 0x82, 0x83, 0x83, 0x83, 0x83, 0x83, 0x83, 0x83, 0x83,
    0x84, 0x84, 0x84, 0x84, 0x84, 0x84, 0x84, 0x84, 0x84, 0x84,
    0x84, 0x83, 0x83, 0x83, 0x83, 0x83, 0x82, 0x82, 0x81, 0x81,
    0x81, 0x83, 0x84, 0x84, 0x84, 0x83, 0x83, 0x83, 0x82, 0x80,
    0x7f, 0x7d, 0x7c, 0x7b, 0x7a, 0x79, 0x78, 0x77, 0x76, 0x76,
    0x76, 0x76, 0x76, 0x76, 0x76, 0x77, 0x77, 0x78, 0x79, 0x7a,
    0x7b, 0x7c, 0x7d, 0x7e, 0x7f, 0x7f, 0x80, 0x80, 0x80, 0x81,
    0x81, 0x81, 0x81, 0x82, 0x82, 0x83, 0x83, 0x83, 0x84, 0x84,
    0x84, 0x84, 0x84, 0x84, 0x84, 0x84, 0x83, 0x83, 0x82, 0x82,
    0x81, 0x80, 0x80, 0x7f, 0x7e, 0x7e, 0x7e, 0x7d, 0x7d, 0x7d,
    0x7d, 0x7d, 0x7d, 0x7d, 0x7d, 0x7d, 0x7d, 0x7c, 0x7c, 0x7c,
    0x7c, 0x7c, 0x7c, 0x7c, 0x7c, 0x7b, 0x7b, 0x7b, 0x7a, 0x7a,
    0x7a, 0x7a, 0x7b, 0x7b, 0x7b, 0x7c, 0x7c, 0x7c, 0x7c, 0x7c,
    0x7c, 0x7c, 0x7c, 0x7c, 0x7c, 0x7c, 0x7c, 0x7c, 0x7c, 0x7c,
    0x7d, 0x7d, 0x7d, 0x7d, 0x7c, 0x7c, 0x7c, 0x7c, 0x7c, 0x7b,
    0x7b, 0x7b, 0x7a, 0x7a, 0x7a, 0x7a, 0x79, 0x79, 0x78, 0x78,
    0x78, 0x77, 0x77, 0x77, 0x77, 0x77, 0x77, 0x77, 0x77, 0x76,
    0x76, 0x76, 0x76, 0x76, 0x76, 0x76, 0x76, 0x76, 0x76, 0x76,
    0x77, 0x77, 0x77, 0x78, 0x78, 0x79, 0x79, 0x7a, 0x7b, 0x7b,
    0x7c, 0x7d, 0x7d, 0x7e, 0x7e, 0x7f, 0x80, 0x80, 0x81, 0x81,
    0x81, 0x82, 0x82, 0x83, 0x83, 0x83, 0x84, 0x84, 0x85, 0x85,
    0x86, 0x86, 0x87, 0x88, 0x88, 0x89, 0x8a, 0x8a, 0x8b, 0x8b,
    0x8c, 0x8d, 0x8e, 0x8f, 0x8f, 0x90, 0x90, 0x90, 0x90, 0x90,
    0x90, 0x90, 0x91, 0x91, 0x91, 0x91, 0x91, 0x91, 0x92, 0x92,
    0x92, 0x92, 0x93, 0x93, 0x93, 0x93, 0x93, 0x93, 0x93, 0x93,
    0x93, 0x93, 0x93, 0x93, 0x93, 0x93, 0x92, 0x93, 0x93, 0x92,
    0x92, 0x91, 0x91, 0x90, 0x90, 0x8f, 0x8e, 0x8d, 0x8c, 0x8b,
    0x8b, 0x8a, 0x8a, 0x89, 0x88, 0x87, 0x86, 0x85, 0x84, 0x84,
    0x83, 0x82, 0x82, 0x81, 0x80, 0x80, 0x80, 0x7f, 0x7f, 0x7f,
    0x7f, 0x7e, 0x7e, 0x7e, 0x7e, 0x7e, 0x7e, 0x7e, 0x7f, 0x7f,
    0x7f, 0x7f, 0x80, 0x7f, 0x80, 0x80, 0x81, 0x81, 0x81, 0x82,
    0x82, 0x82, 0x83, 0x83, 0x83, 0x83, 0x84, 0x84, 0x84, 0x84,
    0x84, 0x84, 0x84, 0x83, 0x83, 0x83, 0x83, 0x83, 0x82, 0x82,
    0x82, 0x81, 0x80, 0x7f, 0x7f, 0x7e, 0x7d, 0x7c, 0x7b, 0x7b,
    0x7a, 0x7a, 0x79, 0x78, 0x78, 0x77, 0x76, 0x76, 0x75, 0x75,
    0x74, 0x74, 0x74, 0x74, 0x74, 0x74, 0x73, 0x74, 0x73, 0x73,
    0x73, 0x73, 0x73, 0x73, 0x73, 0x73, 0x73, 0x73, 0x73, 0x73,
    0x73, 0x73, 0x73, 0x73, 0x73, 0x73, 0x73, 0x73, 0x73, 0x73,
    0x73, 0x72, 0x72, 0x72, 0x72, 0x72, 0x72, 0x71, 0x71, 0x70,
    0x70, 0x6f, 0x6f, 0x6e, 0x6d, 0x6d, 0x6c, 0x6b, 0x6b, 0x6a,
    0x6a, 0x69, 0x69, 0x68, 0x68, 0x68, 0x67, 0x67, 0x68, 0x68,
    0x68, 0x68, 0x69, 0x69, 0x6a, 0x6a, 0x6b, 0x6c, 0x6d, 0x6e,
    0x6f, 0x70, 0x70, 0x72, 0x73, 0x73, 0x74, 0x75, 0x76, 0x77,
    0x78, 0x79, 0x79, 0x7a, 0x7b, 0x7c, 0x7d, 0x7e, 0x7f, 0x80,
    0x80, 0x81, 0x82, 0x83, 0x84, 0x84, 0x85, 0x85, 0x86, 0x86,
    0x87, 0x87, 0x87, 0x88, 0x89, 0x8a, 0x8a, 0x8b, 0x8c, 0x8c,
    0x8c, 0x8d, 0x8d, 0x8e, 0x8f, 0x8f, 0x8f, 0x90, 0x90, 0x90,
    0x91, 0x91, 0x91, 0x92, 0x92, 0x93, 0x93, 0x94, 0x95, 0x95,
    0x95, 0x96, 0x96, 0x96, 0x96, 0x97, 0x97, 0x97, 0x97, 0x97,
    0x97, 0x98, 0x97, 0x97, 0x97, 0x97, 0x96, 0x95, 0x95, 0x94,
    0x93, 0x92, 0x90, 0x90, 0x8e, 0x8e, 0x8c, 0x8c, 0x8b, 0x8a,
    0x8a, 0x89, 0x88, 0x87, 0x86, 0x86, 0x85, 0x85, 0x84, 0x84,
    0x84, 0x84, 0x84, 0x84, 0x83, 0x83, 0x83, 0x82, 0x83, 0x83,
    0x83, 0x83, 0x83, 0x84, 0x84, 0x85, 0x85, 0x86, 0x87, 0x87,
    0x88, 0x88, 0x89, 0x89, 0x8a, 0x8a, 0x8a, 0x8b, 0x8b, 0x8b,
    0x8c, 0x8c, 0x8c, 0x8c, 0x8c, 0x8c, 0x8c, 0x8c, 0x8c, 0x8b,
    0x8b, 0x8b, 0x8b, 0x8a, 0x89, 0x89, 0x88, 0x87, 0x86, 0x86,
    0x85, 0x84, 0x83, 0x82, 0x81, 0x81, 0x80, 0x7f, 0x7e, 0x7e,
    0x7d, 0x7c, 0x7c, 0x7b, 0x7b, 0x7b, 0x7a, 0x7a, 0x7a, 0x79,
    0x79, 0x79, 0x79, 0x78, 0x78, 0x78, 0x78, 0x78, 0x77, 0x77,
    0x77, 0x77, 0x77, 0x77, 0x76, 0x77, 0x76, 0x76, 0x76, 0x75,
    0x74, 0x74, 0x74, 0x73, 0x72, 0x71, 0x70, 0x6f, 0x6e, 0x6d,
    0x6f, 0x71, 0x71, 0x71, 0x71, 0x70, 0x6f, 0x6e, 0x6d, 0x69,
    0x66, 0x63, 0x60, 0x5e, 0x5c, 0x5a, 0x59, 0x58, 0x57, 0x56,
    0x56, 0x56, 0x56, 0x57, 0x58, 0x59, 0x5a, 0x5c, 0x5e, 0x60,
    0x63, 0x65, 0x67, 0x69, 0x6a, 0x6c, 0x6d, 0x6e, 0x6f, 0x6f,
    0x70, 0x71, 0x72, 0x73, 0x74, 0x75, 0x77, 0x78, 0x7a, 0x7a,
    0x7b, 0x7c, 0x7d, 0x7d, 0x7e, 0x7e, 0x7e, 0x7e, 0x7e, 0x7d,
    0x7d, 0x7d, 0x7d, 0x7d, 0x7d, 0x7d, 0x7e, 0x7f, 0x80, 0x81,
    0x82, 0x83, 0x83, 0x85, 0x85, 0x86, 0x87, 0x88, 0x88, 0x89,
    0x8a, 0x8a, 0x8b, 0x8b, 0x8b, 0x8c, 0x8c, 0x8c, 0x8c, 0x8c,
    0x8d, 0x8d, 0x8e, 0x8e, 0x8f, 0x8f, 0x90, 0x90, 0x90, 0x90,
    0x91, 0x91, 0x91, 0x91, 0x91, 0x91, 0x91, 0x91, 0x91, 0x91,
    0x91, 0x91, 0x92, 0x91, 0x91, 0x91, 0x90, 0x90, 0x8f, 0x8e,
    0x8d, 0x8d, 0x8d, 0x8c, 0x8c, 0x8b, 0x8a, 0x8a, 0x89, 0x88,
    0x88, 0x87, 0x87, 0x87, 0x87, 0x87, 0x87, 0x86, 0x87, 0x86,
    0x86, 0x86, 0x86, 0x86, 0x86, 0x87, 0x87, 0x87, 0x88, 0x88,
    0x89, 0x8a, 0x8a, 0x8a, 0x8b, 0x8c, 0x8d, 0x8d, 0x8e, 0x8f,
    0x90, 0x90, 0x91, 0x91, 0x92, 0x92, 0x92, 0x93, 0x93, 0x93,
    0x93, 0x92, 0x92, 0x92, 0x92, 0x92, 0x91, 0x91, 0x90, 0x90,
    0x8f, 0x8f, 0x8f, 0x8e, 0x8e, 0x8e, 0x8d, 0x8d, 0x8c, 0x8c,
    0x8b, 0x8b, 0x8a, 0x89, 0x88, 0x87, 0x86, 0x86, 0x85, 0x84,
    0x83, 0x83, 0x82, 0x81, 0x80, 0x80, 0x7f, 0x7f, 0x7e, 0x7e,
    0x7e, 0x7d, 0x7d, 0x7c, 0x7c, 0x7b, 0x7b, 0x7b, 0x7a, 0x7a,
    0x79, 0x79, 0x79, 0x78, 0x78, 0x77, 0x77, 0x76, 0x76, 0x75,
    0x74, 0x74, 0x73, 0x72, 0x71, 0x70, 0x6f, 0x6e, 0x6d, 0x6c,
    0x6b, 0x6b, 0x6a, 0x69, 0x68, 0x67, 0x67, 0x66, 0x65, 0x65,
    0x64, 0x64, 0x63, 0x63, 0x63, 0x63, 0x63, 0x63, 0x63, 0x63,
    0x64, 0x64, 0x64, 0x64, 0x65, 0x65, 0x66, 0x66, 0x67, 0x68,
    0x68, 0x69, 0x69, 0x6a, 0x6b, 0x6b, 0x6c, 0x6c, 0x6d, 0x6e,
    0x6f, 0x6f, 0x70, 0x72, 0x72, 0x73, 0x74, 0x75, 0x75, 0x76,
    0x76, 0x77, 0x77, 0x78, 0x79, 0x7a, 0x7b, 0x7c, 0x7d, 0x7e,
    0x7e, 0x7e, 0x7f, 0x7f, 0x7f, 0x80, 0x81, 0x81, 0x82, 0x82,
    0x82, 0x83, 0x84, 0x84, 0x85, 0x85, 0x86, 0x86, 0x87, 0x87,
    0x88, 0x88, 0x89, 0x89, 0x8a, 0x8a, 0x8a, 0x8a, 0x8a, 0x8b,
    0x8c, 0x8c, 0x8d, 0x8d, 0x8d, 0x8d, 0x8d, 0x8d, 0x8d, 0x8d,
    0x8d, 0x8c, 0x8c, 0x8c, 0x8c, 0x8b, 0x8b, 0x8b, 0x8a, 0x8a,
    0x8a, 0x8a, 0x89, 0x89, 0x89, 0x88, 0x88, 0x88, 0x87, 0x87,
    0x86, 0x86, 0x85, 0x85, 0x85, 0x85, 0x85, 0x85, 0x85, 0x85,
    0x85, 0x85, 0x85, 0x85, 0x85, 0x86, 0x86, 0x87, 0x87, 0x88,
    0x88, 0x89, 0x8a, 0x8a, 0x8b, 0x8c, 0x8d, 0x8e, 0x8f, 0x90,
    0x91, 0x92, 0x92, 0x93, 0x93, 0x93, 0x94, 0x94, 0x94, 0x95,
    0x95, 0x94, 0x95, 0x95, 0x95, 0x95, 0x95, 0x95, 0x94, 0x94,
    0x94, 0x93, 0x93, 0x92, 0x91, 0x91, 0x90, 0x90, 0x8f, 0x8e,
    0x8e, 0x8d, 0x8c, 0x8b, 0x8a, 0x89, 0x88, 0x87, 0x87, 0x86,
    0x85, 0x84, 0x84, 0x83, 0x82, 0x82, 0x82, 0x81, 0x81, 0x80,
    0x80, 0x7f, 0x7f, 0x7f, 0x7f, 0x7e, 0x7e, 0x7e, 0x7e, 0x7e,
    0x7e, 0x7d, 0x7d, 0x7d, 0x7c, 0x7c, 0x7b, 0x7b, 0x7b, 0x7a,
    0x7a, 0x7a, 0x79, 0x79, 0x78, 0x77, 0x77, 0x76, 0x75, 0x74,
    0x73, 0x72, 0x71, 0x70, 0x6f, 0x6e, 0x6d, 0x6d, 0x6c, 0x6b,
    0x6a, 0x6a, 0x69, 0x68, 0x68, 0x67, 0x67, 0x67, 0x66, 0x66,
    0x66, 0x66, 0x66, 0x65, 0x65, 0x65, 0x65, 0x65, 0x65, 0x65,
    0x66, 0x66, 0x67, 0x67, 0x68, 0x68, 0x69, 0x69, 0x6a, 0x6b,
    0x6c, 0x6d, 0x6e, 0x6e, 0x70, 0x70, 0x72, 0x72, 0x74, 0x75,
    0x75, 0x77, 0x77, 0x78, 0x79, 0x79, 0x7a, 0x7b, 0x7d, 0x7d,
    0x7e, 0x7f, 0x80, 0x80, 0x81, 0x81, 0x82, 0x83, 0x83, 0x84,
    0x85, 0x85, 0x85, 0x86, 0x86, 0x87, 0x87, 0x87, 0x88, 0x88,
    0x88, 0x89, 0x89, 0x8a, 0x8a, 0x8a, 0x8a, 0x8a, 0x8a, 0x8a,
    0x8a, 0x8a, 0x8a, 0x8a, 0x8a, 0x8a, 0x8a, 0x8a, 0x89, 0x89,
    0x89, 0x88, 0x88, 0x88, 0x87, 0x86, 0x86, 0x85, 0x85, 0x84,
    0x84, 0x83, 0x83, 0x82, 0x82, 0x81, 0x81, 0x80, 0x81, 0x83,
    0x84, 0x84, 0x84, 0x84, 0x84, 0x84, 0x84, 0x83, 0x81, 0x80,
    0x7e, 0x7d, 0x7d, 0x7b, 0x7b, 0x7b, 0x7b, 0x7a, 0x7b, 0x7b,
    0x7d, 0x7d, 0x7f, 0x80, 0x81, 0x83, 0x85, 0x87, 0x89, 0x8b,
    0x8d, 0x8f, 0x91, 0x92, 0x92, 0x93, 0x94, 0x94, 0x95, 0x95,
    0x95, 0x95, 0x95, 0x96, 0x96, 0x96, 0x96, 0x96, 0x95, 0x95,
    0x95, 0x94, 0x94, 0x92, 0x92, 0x91, 0x90, 0x8f, 0x8e, 0x8d,
    0x8b, 0x8a, 0x89, 0x88, 0x87, 0x86, 0x86, 0x85, 0x85, 0x84,
    0x84, 0x84, 0x84, 0x83, 0x83, 0x83, 0x82, 0x82, 0x82, 0x82,
    0x82, 0x81, 0x81, 0x80, 0x80, 0x7f, 0x7e, 0x7e, 0x7e, 0x7d,
    0x7d, 0x7c, 0x7c, 0x7b, 0x7b, 0x7b, 0x7a, 0x7a, 0x79, 0x79,
    0x78, 0x77, 0x76, 0x75, 0x75, 0x74, 0x73, 0x72, 0x72, 0x71,
    0x70, 0x70, 0x6f, 0x6e, 0x6d, 0x6c, 0x6b, 0x6a, 0x69, 0x68,
    0x67, 0x66, 0x66, 0x65, 0x64, 0x64, 0x64, 0x63, 0x63, 0x63,
    0x63, 0x63, 0x63, 0x63, 0x63, 0x63, 0x64, 0x64, 0x64, 0x64,
    0x65, 0x65, 0x66, 0x66, 0x67, 0x68, 0x69, 0x6a, 0x6a, 0x6c,
    0x6d, 0x6e, 0x6f, 0x71, 0x72, 0x74, 0x75, 0x77, 0x78, 0x79,
    0x7a, 0x7c, 0x7d, 0x7e, 0x7f, 0x81, 0x82, 0x83, 0x85, 0x86,
    0x87, 0x88, 0x89, 0x8a, 0x8a, 0x8b, 0x8b, 0x8e, 0x8f, 0x91,
    0x92, 0x92, 0x93, 0x92, 0x92, 0x93, 0x94, 0x95, 0x96, 0x98,
    0x98, 0x97, 0x97, 0x97, 0x97, 0x97, 0x98, 0x98, 0x97, 0x97,
    0x96, 0x95, 0x95, 0x94, 0x94, 0x94, 0x93, 0x92, 0x91, 0x90,
    0x8e, 0x8d, 0x8c, 0x8b, 0x8b, 0x8a, 0x89, 0x89, 0x87, 0x86,
    0x84, 0x82, 0x81, 0x80, 0x7e, 0x7d, 0x7e, 0x7e, 0x7e, 0x7e,
    0x7d, 0x7d, 0x7c, 0x7c, 0x7c, 0x7c, 0x7c, 0x7c, 0x7c, 0x7d,
    0x7d, 0x7e, 0x7e, 0x7d, 0x7e, 0x7e, 0x7d, 0x7e, 0x7f, 0x80,
    0x80, 0x82, 0x83, 0x84, 0x85, 0x86, 0x88, 0x89, 0x8a, 0x8a,
    0x8b, 0x8b, 0x8c, 0x8d, 0x8e, 0x8f, 0x8f, 0x8f, 0x90, 0x90,
    0x90, 0x90, 0x90, 0x91, 0x90, 0x90, 0x90, 0x90, 0x90, 0x8f,
    0x8f, 0x8e, 0x8d, 0x8d, 0x8c, 0x8b, 0x8a, 0x89, 0x89, 0x88,
    0x88, 0x87, 0x87, 0x85, 0x84, 0x84, 0x83, 0x82, 0x81, 0x80,
    0x7f, 0x7f, 0x7e, 0x7e, 0x7d, 0x7e, 0x7e, 0x7f, 0x80, 0x81,
    0x81, 0x81, 0x81, 0x80, 0x7f, 0x7e, 0x7e, 0x7d, 0x7c, 0x7b,
    0x79, 0x78, 0x78, 0x77, 0x76, 0x74, 0x72, 0x71, 0x6f, 0x6e,
    0x6c, 0x6b, 0x6a, 0x69, 0x68, 0x67, 0x66, 0x65, 0x63, 0x61,
    0x60, 0x5f, 0x5e, 0x5d, 0x5d, 0x5c, 0x5c, 0x5c, 0x5c, 0x5b,
    0x5b, 0x5b, 0x5a, 0x59, 0x59, 0x59, 0x58, 0x57, 0x57, 0x57,
    0x57, 0x56, 0x56, 0x57, 0x57, 0x58, 0x58, 0x58, 0x59, 0x59,
    0x5a, 0x5a, 0x5b, 0x5c, 0x5c, 0x5d, 0x5f, 0x60, 0x61, 0x63,
    0x64, 0x66, 0x68, 0x6a, 0x6d, 0x70, 0x72, 0x75, 0x77, 0x78,
    0x79, 0x7b, 0x7d, 0x7f, 0x81, 0x82, 0x84, 0x86, 0x88, 0x8b,
    0x8d, 0x90, 0x92, 0x94, 0x95, 0x97, 0x98, 0x99, 0x9b, 0x9d,
    0x9f, 0xa1, 0xa2, 0xa3, 0xa4, 0xa5, 0xa7, 0xa7, 0xa8, 0xaa,
    0xaa, 0xab, 0xac, 0xad, 0xae, 0xae, 0xaf, 0xaf, 0xb0, 0xb0,
    0xb0, 0xaf, 0xaf, 0xae, 0xac, 0xac, 0xaa, 0xaa, 0xa9, 0xa8,
    0xa7, 0xa5, 0xa4, 0xa2, 0xa1, 0x9f, 0x9d, 0x9a, 0x98, 0x96,
    0x94, 0x93, 0x91, 0x91, 0x90, 0x8f, 0x8e, 0x8d, 0x8c, 0x8b,
    0x8b, 0x8b, 0x8b, 0x8b, 0x8c, 0x8b, 0x8b, 0x8b, 0x8a, 0x8a,
    0x8a, 0x8a, 0x8a, 0x8a, 0x89, 0x8a, 0x8a, 0x8b, 0x8c, 0x8c,
    0x8d, 0x8d, 0x8d, 0x8d, 0x8d, 0x8d, 0x8e, 0x8e, 0x8f, 0x8f,
    0x90, 0x90, 0x90, 0x91, 0x91, 0x91, 0x91, 0x91, 0x92, 0x91,
    0x91, 0x91, 0x90, 0x90, 0x8f, 0x8e, 0x8e, 0x8d, 0x8c, 0x8b,
    0x8a, 0x88, 0x87, 0x87, 0x86, 0x86, 0x85, 0x85, 0x84, 0x83,
    0x82, 0x80, 0x7f, 0x7e, 0x7e, 0x7e, 0x7e, 0x7e, 0x7d, 0x7e,
    0x7e, 0x7e, 0x7e, 0x7e, 0x7e, 0x7e, 0x7e, 0x7f, 0x80, 0x80,
    0x80, 0x80, 0x7f, 0x7e, 0x7e, 0x7d, 0x7c, 0x7c, 0x7b, 0x7b,
    0x7a, 0x78, 0x77, 0x76, 0x74, 0x72, 0x71, 0x6f, 0x6c, 0x6a,
    0x68, 0x66, 0x64, 0x62, 0x61, 0x5f, 0x5d, 0x5b, 0x59, 0x56,
    0x54, 0x52, 0x50, 0x4e, 0x4c, 0x4a, 0x49, 0x48, 0x46, 0x45,
    0x44, 0x42, 0x42, 0x42, 0x42, 0x41, 0x41, 0x41, 0x41, 0x42,
    0x42, 0x41, 0x41, 0x40, 0x40, 0x3f, 0x3f, 0x3f, 0x3e, 0x3f,
    0x40, 0x40, 0x42, 0x42, 0x44, 0x45, 0x47, 0x49, 0x4b, 0x4d,
    0x50, 0x53, 0x56, 0x59, 0x5c, 0x60, 0x63, 0x65, 0x68, 0x6a,
    0x6d, 0x6f, 0x71, 0x74, 0x77, 0x79, 0x7c, 0x80, 0x84, 0x87,
    0x8b, 0x8e, 0x90, 0x92, 0x94, 0x95, 0x98, 0x9b, 0x9d, 0x9e,
    0xa0, 0xa2, 0xa4, 0xa5, 0xa7, 0xa9, 0xaa, 0xab, 0xad, 0xae,
    0xb0, 0xb1, 0xb3, 0xb4, 0xb6, 0xb6, 0xb6, 0xb8, 0xb8, 0xb9,
    0xb9, 0xb9, 0xb9, 0xb8, 0xb7, 0xb7, 0xb5, 0xb4, 0xb2, 0xb0,
    0xae, 0xac, 0xa9, 0xa5, 0xa2, 0xa0, 0x9e, 0x9c, 0x9b, 0x9a,
    0x9a, 0x99, 0x98, 0x96, 0x94, 0x93, 0x93, 0x93, 0x93, 0x94,
    0x95, 0x96, 0x97, 0x97, 0x98, 0x98, 0x98, 0x98, 0x98, 0x98,
    0x99, 0x99, 0x99, 0x9a, 0x9b, 0x9b, 0x9c, 0x9d, 0x9d, 0x9f,
    0x9f, 0xa0, 0xa0, 0xa0, 0xa0, 0x9f, 0x9f, 0x9e, 0x9d, 0x9c,
    0x9d, 0x9d, 0x9d, 0x9d, 0x9c, 0x9c, 0x9c, 0x9d, 0x9c, 0x9c,
    0x9c, 0x9c, 0x9c, 0x9b, 0x9b, 0x9a, 0x9a, 0x98, 0x97, 0x95,
    0x94, 0x93, 0x91, 0x90, 0x8e, 0x8d, 0x8b, 0x89, 0x87, 0x86,
    0x85, 0x84, 0x83, 0x83, 0x83, 0x82, 0x82, 0x82, 0x83, 0x82,
    0x83, 0x83, 0x84, 0x84, 0x86, 0x87, 0x89, 0x8a, 0x8b, 0x8a,
    0x89, 0x89, 0x88, 0x88, 0x87, 0x87, 0x86, 0x85, 0x83, 0x82,
    0x80, 0x7e, 0x7b, 0x79, 0x76, 0x74, 0x72, 0x6f, 0x6c, 0x6a,
    0x67, 0x64, 0x61, 0x5e, 0x5b, 0x59, 0x56, 0x54, 0x52, 0x4f,
    0x4d, 0x4a, 0x47, 0x44, 0x41, 0x3f, 0x3d, 0x3b, 0x39, 0x38,
    0x36, 0x34, 0x31, 0x2f, 0x2d, 0x2b, 0x2a, 0x29, 0x28, 0x27,
    0x26, 0x26, 0x25, 0x24, 0x24, 0x24, 0x24, 0x24, 0x24, 0x25,
    0x26, 0x26, 0x28, 0x28, 0x29, 0x2a, 0x2c, 0x2e, 0x2f, 0x31,
    0x33, 0x35, 0x38, 0x3a, 0x3d, 0x40, 0x43, 0x46, 0x49, 0x4c,
    0x4f, 0x52, 0x54, 0x57, 0x5a, 0x5d, 0x60, 0x64, 0x68, 0x6e,
    0x72, 0x77, 0x7a, 0x7d, 0x7f, 0x81, 0x83, 0x85, 0x88, 0x8b,
    0x8e, 0x91, 0x94, 0x97, 0x9a, 0x9c, 0xa0, 0xa3, 0xa6, 0xa7,
    0xa7, 0xa8, 0xa9, 0xaa, 0xab, 0xad, 0xaf, 0xb0, 0xb1, 0xb0,
    0xb1, 0xb0, 0xb0, 0xb0, 0xb0, 0xaf, 0xaf, 0xae, 0xad, 0xac,
    0xab, 0xaa, 0xa8, 0xa7, 0xa5, 0xa3, 0xa0, 0x9e, 0x9d, 0x9d,
    0x9d, 0x9d, 0x9d, 0x9d, 0x9c, 0x9b, 0x9b, 0x9c, 0x9d, 0x9e,
    0xa0, 0xa2, 0xa3, 0xa5, 0xa6, 0xa7, 0xa8, 0xa9, 0xaa, 0xab,
    0xab, 0xac, 0xac, 0xad, 0xad, 0xae, 0xaf, 0xb0, 0xb0, 0xb1,
    0xb2, 0xb2, 0xb2, 0xb3, 0xb3, 0xb3, 0xb3, 0xb3, 0xb3, 0xb2,
    0xb2, 0xb2, 0xb2, 0xb3, 0xb3, 0xb2, 0xb1, 0xb0, 0xaf, 0xae,
    0xae, 0xad, 0xac, 0xac, 0xab, 0xa9, 0xa8, 0xa6, 0xa5, 0xa3,
    0xa1, 0x9f, 0x9e, 0x9d, 0x9b, 0x99, 0x97, 0x95, 0x94, 0x93,
    0x92, 0x91, 0x91, 0x91, 0x91, 0x91, 0x91, 0x92, 0x93, 0x94,
    0x95, 0x96, 0x98, 0x9a, 0x9c, 0x9e, 0xa0, 0xa0, 0xa1, 0xa1,
    0xa0, 0x9f, 0x9e, 0x9e, 0x9e, 0x9d, 0x9b, 0x9a, 0x98, 0x96,
    0x94, 0x92, 0x8f, 0x8d, 0x8a, 0x87, 0x84, 0x81, 0x7f, 0x7c,
    0x7a, 0x78, 0x76, 0x73, 0x70, 0x6d, 0x69, 0x66, 0x62, 0x5f,
    0x5c, 0x59, 0x56, 0x53, 0x4f, 0x4b, 0x47, 0x44, 0x41, 0x3e,
    0x3b, 0x38, 0x36, 0x33, 0x31, 0x2f, 0x2e, 0x2c, 0x2b, 0x2a,
    0x2a, 0x29, 0x28, 0x28, 0x27, 0x27, 0x26, 0x27, 0x27, 0x27,
    0x27, 0x28, 0x28, 0x28, 0x29, 0x2a, 0x2c, 0x2d, 0x2e, 0x30,
    0x32, 0x35, 0x37, 0x3b, 0x3d, 0x40, 0x43, 0x46, 0x48, 0x4b,
    0x4f, 0x52, 0x55, 0x59, 0x5c, 0x5f, 0x61, 0x65, 0x68, 0x6b,
    0x6e, 0x70, 0x73, 0x74, 0x77, 0x78, 0x7a, 0x7b, 0x7d, 0x7e,
    0x7f, 0x80, 0x82, 0x83, 0x84, 0x86, 0x88, 0x8a, 0x8b, 0x8c,
    0x8e, 0x90, 0x92, 0x93, 0x95, 0x98, 0x9b, 0x9e, 0xa1, 0xa2,
    0xa3, 0xa3, 0xa3, 0xa3, 0xa3, 0xa3, 0xa3, 0xa2, 0xa0, 0x9e,
    0x9b, 0x97, 0x94, 0x92, 0x90, 0x8f, 0x8e, 0x8e, 0x8d, 0x8b,
    0x89, 0x87, 0x87, 0x87, 0x88, 0x89, 0x8a, 0x8c, 0x8e, 0x90,
    0x92, 0x95, 0x97, 0x99, 0x9a, 0x9b, 0x9d, 0x9e, 0x9f, 0xa0,
    0xa1, 0xa3, 0xa4, 0xa5, 0xa6, 0xa7, 0xa8, 0xaa, 0xab, 0xac,
    0xad, 0xae, 0xaf, 0xb0, 0xb2, 0xb2, 0xb2, 0xb1, 0xaf, 0xae,
    0xad, 0xac, 0xab, 0xaa, 0xa9, 0xa8, 0xa8, 0xa7, 0xa6, 0xa6,
    0xa5, 0xa3, 0xa3, 0xa2, 0xa1, 0xa0, 0xa0, 0x9f, 0x9e, 0x9c,
    0x9b, 0x99, 0x98, 0x96, 0x95, 0x94, 0x93, 0x92, 0x91, 0x91,
    0x90, 0x90, 0x8f, 0x90, 0x91, 0x92, 0x94, 0x96, 0x98, 0x9b,
    0x9d, 0xa0, 0xa2, 0xa4, 0xa5, 0xa6, 0xa6, 0xa6, 0xa6, 0xa6,
    0xa6, 0xa5, 0xa4, 0xa3, 0xa1, 0xa0, 0x9e, 0x9c, 0x99, 0x97,
    0x95, 0x92, 0x90, 0x8d, 0x8a, 0x87, 0x83, 0x80, 0x7d, 0x7a,
    0x77, 0x74, 0x71, 0x6f, 0x6d, 0x6a, 0x68, 0x66, 0x64, 0x61,
    0x5e, 0x5b, 0x58, 0x55, 0x52, 0x4f, 0x4d, 0x4a, 0x47, 0x45,
    0x42, 0x40, 0x3d, 0x3a, 0x37, 0x35, 0x32, 0x2f, 0x2d, 0x2b,
    0x29, 0x27, 0x25, 0x24, 0x23, 0x22, 0x21, 0x21, 0x22, 0x23,
    0x24, 0x25, 0x27, 0x29, 0x2b, 0x2d, 0x2f, 0x30, 0x32, 0x34,
    0x37, 0x39, 0x3c, 0x40, 0x44, 0x47, 0x4b, 0x4f, 0x53, 0x55,
    0x58, 0x5b, 0x5d, 0x60, 0x64, 0x69, 0x6f, 0x74, 0x79, 0x7b,
    0x7d, 0x80, 0x81, 0x83, 0x85, 0x88, 0x8b, 0x8d, 0x8f, 0x90,
    0x91, 0x92, 0x92, 0x93, 0x94, 0x95, 0x96, 0x97, 0x98, 0x99,
    0x9b, 0x9d, 0x9f, 0xa1, 0xa4, 0xa5, 0xa6, 0xa7, 0xa8, 0xa8,
    0xa8, 0xa9, 0xa9, 0xaa, 0xa9, 0xa8, 0xa6, 0xa5, 0xa3, 0x9f,
    0x9b, 0x97, 0x94, 0x91, 0x8f, 0x8e, 0x8e, 0x8d, 0x8b, 0x88,
    0x86, 0x86, 0x86, 0x86, 0x87, 0x89, 0x8a, 0x8c, 0x8e, 0x8f,
    0x91, 0x93, 0x95, 0x96, 0x97, 0x98, 0x9a, 0x9c, 0x9e, 0x9f,
    0xa1, 0xa2, 0xa4, 0xa5, 0xa7, 0xa8, 0xa9, 0xaa, 0xab, 0xab,
    0xab, 0xab, 0xac, 0xad, 0xae, 0xae, 0xae, 0xae, 0xad, 0xad,
    0xac, 0xab, 0xaa, 0xaa, 0xa9, 0xa8, 0xa6, 0xa5, 0xa4, 0xa2,
    0x9f, 0x9d, 0x9b, 0x99, 0x97, 0x96, 0x95, 0x96, 0x98, 0x9b,
    0x9c, 0x9b, 0x9a, 0x98, 0x94, 0x91, 0x8f, 0x8e, 0x8e, 0x8d,
    0x8c, 0x8c, 0x8c, 0x8d, 0x8c, 0x8b, 0x89, 0x89, 0x89, 0x8a,
    0x8c, 0x8e, 0x91, 0x91, 0x93, 0x93, 0x93, 0x93, 0x95, 0x98,
    0x9a, 0x9a, 0x9a, 0x98, 0x98, 0x97, 0x96, 0x94, 0x92, 0x91,
    0x90, 0x8e, 0x8b, 0x88, 0x86, 0x83, 0x7f, 0x7b, 0x77, 0x73,
    0x71, 0x6e, 0x6c, 0x6a, 0x68, 0x66, 0x63, 0x61, 0x5e, 0x5c,
    0x5a, 0x57, 0x55, 0x52, 0x50, 0x4d, 0x4a, 0x47, 0x44, 0x41,
    0x41, 0x40, 0x40, 0x3e, 0x3c, 0x3b, 0x39, 0x37, 0x36, 0x34,
    0x33, 0x31, 0x2f, 0x2e, 0x2c, 0x2b, 0x2a, 0x29, 0x29, 0x28,
    0x28, 0x29, 0x2a, 0x2b, 0x2b, 0x2c, 0x2c, 0x2d, 0x2e, 0x30,
    0x32, 0x34, 0x35, 0x37, 0x39, 0x3c, 0x3f, 0x42, 0x45, 0x48,
    0x4a, 0x4c, 0x4e, 0x51, 0x54, 0x57, 0x5b, 0x5f, 0x62, 0x66,
    0x6a, 0x6e, 0x72, 0x75, 0x78, 0x7b, 0x7e, 0x80, 0x82, 0x84,
    0x86, 0x89, 0x8c, 0x8d, 0x8f, 0x90, 0x92, 0x93, 0x95, 0x96,
    0x97, 0x99, 0x9c, 0xa0, 0xa2, 0xa3, 0xa4, 0xa6, 0xa7, 0xa8,
    0xa9, 0xab, 0xad, 0xac, 0xa9, 0xa5, 0xa1, 0x9d, 0x9d, 0x9c,
    0x9a, 0x98, 0x96, 0x92, 0x8d, 0x89, 0x87, 0x86, 0x86, 0x87,
    0x87, 0x88, 0x8a, 0x8c, 0x8e, 0x91, 0x93, 0x96, 0x98, 0x9c,
    0x9e, 0xa0, 0xa2, 0xa5, 0xa8, 0xab, 0xad, 0xaf, 0xb2, 0xb4,
    0xb6, 0xb6, 0xb7, 0xb7, 0xb8, 0xb9, 0xb9, 0xba, 0xbb, 0xbc,
    0xbd, 0xbe, 0xc0, 0xc1, 0xc2, 0xc3, 0xc5, 0xc5, 0xc5, 0xc4,
    0xc3, 0xc2, 0xc1, 0xc0, 0xbe, 0xbd, 0xbb, 0xb9, 0xb7, 0xb5,
    0xb3, 0xb1, 0xaf, 0xae, 0xab, 0xa8, 0xa4, 0xa0, 0x9c, 0x9a,
    0x98, 0x96, 0x93, 0x91, 0x8d, 0x8a, 0x88, 0x87, 0x87, 0x87,
    0x87, 0x87, 0x88, 0x88, 0x8a, 0x8b, 0x8f, 0x92, 0x96, 0x97,
    0x98, 0x99, 0x9a, 0x9a, 0x9c, 0x9f, 0xa1, 0xa1, 0xa1, 0xa1,
    0xa0, 0x9f, 0x9e, 0x9c, 0x9a, 0x98, 0x95, 0x93, 0x90, 0x8d,
    0x8a, 0x87, 0x84, 0x82, 0x80, 0x7d, 0x7a, 0x78, 0x75, 0x73,
    0x6f, 0x6b, 0x67, 0x64, 0x61, 0x5e, 0x5b, 0x59, 0x57, 0x55,
    0x53, 0x51, 0x50, 0x4e, 0x4d, 0x4b, 0x49, 0x48, 0x46, 0x45,
    0x43, 0x41, 0x40, 0x3e, 0x3c, 0x3a, 0x38, 0x36, 0x34, 0x32,
    0x2f, 0x2c, 0x2a, 0x28, 0x27, 0x26, 0x26, 0x26, 0x26, 0x27,
    0x27, 0x28, 0x29, 0x2b, 0x2c, 0x2f, 0x31, 0x33, 0x35, 0x37,
    0x38, 0x3b, 0x3e, 0x41, 0x44, 0x47, 0x4a, 0x4d, 0x50, 0x54,
    0x57, 0x5b, 0x5f, 0x63, 0x68, 0x6e, 0x74, 0x79, 0x7e, 0x81,
    0x84, 0x88, 0x8d, 0x91, 0x94, 0x96, 0x98, 0x9a, 0x9c, 0x9d,
    0x9d, 0x9e, 0x9f, 0xa0, 0xa1, 0xa1, 0xa1, 0xa1, 0xa2, 0xa3,
    0xa4, 0xa5, 0xa6, 0xa7, 0xa7, 0xa6, 0xa6, 0xa6, 0xa6, 0xa7,
    0xa8, 0xa9, 0xa7, 0xa5, 0xa2, 0x9e, 0x9a, 0x95, 0x92, 0x8f,
    0x8c, 0x8a, 0x86, 0x82, 0x7c, 0x78, 0x76, 0x75, 0x75, 0x74,
    0x74, 0x74, 0x75, 0x76, 0x78, 0x79, 0x7b, 0x7e, 0x81, 0x84,
    0x86, 0x88, 0x89, 0x8b, 0x8d, 0x8f, 0x91, 0x93, 0x95, 0x98,
    0x9c, 0x9f, 0xa1, 0xa3, 0xa6, 0xa8, 0xaa, 0xab, 0xab, 0xac,
    0xae, 0xaf, 0xb1, 0xb2, 0xb3, 0xb3, 0xb3, 0xb3, 0xb4, 0xb4,
    0xb4, 0xb4, 0xb4, 0xb4, 0xb3, 0xb2, 0xaf, 0xad, 0xac, 0xaa,
    0xa9, 0xa6, 0xa4, 0xa2, 0x9f, 0x9c, 0x97, 0x93, 0x90, 0x8c,
    0x89, 0x85, 0x80, 0x7b, 0x76, 0x73, 0x71, 0x6f, 0x6d, 0x6c,
    0x6a, 0x67, 0x67, 0x68, 0x6a, 0x6c, 0x6f, 0x74, 0x78, 0x7c,
    0x7f, 0x81, 0x84, 0x87, 0x8b, 0x90, 0x94, 0x97, 0x99, 0x99,
    0x99, 0x99, 0x99, 0x97, 0x97, 0x95, 0x94, 0x92, 0x90, 0x8d,
    0x8b, 0x88, 0x86, 0x83, 0x80, 0x7d, 0x7a, 0x77, 0x74, 0x72,
    0x6f, 0x6d, 0x69, 0x66, 0x63, 0x5f, 0x5c, 0x59, 0x57, 0x55,
    0x53, 0x50, 0x4d, 0x4b, 0x48, 0x47, 0x45, 0x44, 0x42, 0x40,
    0x3e, 0x3c, 0x3a, 0x38, 0x37, 0x35, 0x33, 0x31, 0x30, 0x2f,
    0x2e, 0x2c, 0x2c, 0x2b, 0x2b, 0x2b, 0x2b, 0x2c, 0x2d, 0x2d,
    0x2e, 0x2f, 0x30, 0x31, 0x33, 0x36, 0x39, 0x3c, 0x3f, 0x42,
    0x43, 0x46, 0x4a, 0x4f, 0x54, 0x58, 0x5c, 0x5e, 0x5f, 0x61,
    0x62, 0x66, 0x6c, 0x72, 0x77, 0x79, 0x7a, 0x7a, 0x7b, 0x7e,
    0x82, 0x88, 0x8d, 0x91, 0x94, 0x98, 0x9b, 0x9e, 0xa1, 0xa5,
    0xa9, 0xad, 0xaf, 0xaf, 0xaf, 0xb0, 0xb1, 0xb1, 0xb2, 0xb2,
    0xb2, 0xb2, 0xb1, 0xb0, 0xb0, 0xb0, 0xb0, 0xb1, 0xb3, 0xb6,
    0xba, 0xbe, 0xbf, 0xc0, 0xc1, 0xc1, 0xc2, 0xc3, 0xc5, 0xc4,
    0xc0, 0xbd, 0xba, 0xb6, 0xb2, 0xae, 0xa7, 0xa1, 0x9c, 0x98,
    0x94, 0x8f, 0x8c, 0x8a, 0x8a, 0x8a, 0x8a, 0x8c, 0x8e, 0x90,
    0x93, 0x95, 0x97, 0x98, 0x9b, 0x9d, 0x9e, 0x9f, 0xa1, 0xa3,
    0xa5, 0xa7, 0xa9, 0xac, 0xaf, 0xb1, 0xb4, 0xb6, 0xb8, 0xba,
    0xbd, 0xc0, 0xc1, 0xc3, 0xc5, 0xc6, 0xc7, 0xc8, 0xc7, 0xc6,
    0xc5, 0xc3, 0xc3, 0xc2, 0xc1, 0xc0, 0xbf, 0xbd, 0xbb, 0xb9,
    0xb6, 0xb4, 0xb1, 0xae, 0xaa, 0xa7, 0xa4, 0xa1, 0x9f, 0x9c,
    0x98, 0x94, 0x90, 0x8c, 0x87, 0x83, 0x7f, 0x7b, 0x76, 0x73,
    0x6f, 0x6a, 0x67, 0x66, 0x66, 0x66, 0x68, 0x6b, 0x6d, 0x71,
    0x73, 0x77, 0x7a, 0x7c, 0x7f, 0x84, 0x89, 0x8c, 0x8d, 0x8f,
    0x8f, 0x8f, 0x8f, 0x8e, 0x8d, 0x8b, 0x8a, 0x88, 0x85, 0x81,
    0x7d, 0x79, 0x75, 0x72, 0x6d, 0x69, 0x65, 0x60, 0x5c, 0x59,
    0x56, 0x52, 0x4f, 0x4c, 0x4a, 0x47, 0x44, 0x41, 0x3e, 0x3c,
    0x39, 0x37, 0x35, 0x33, 0x31, 0x30, 0x2e, 0x2c, 0x2c, 0x2b,
    0x2b, 0x2a, 0x29, 0x27, 0x25, 0x23, 0x1f, 0x1c, 0x1a, 0x18,
    0x15, 0x13, 0x12, 0xf, 0xd, 0xc, 0xb, 0xa, 0xb, 0xb,
    0xc, 0xe, 0x11, 0x12, 0x14, 0x15, 0x17, 0x18, 0x1a, 0x1d,
    0x1f, 0x22, 0x26, 0x29, 0x2b, 0x2f, 0x33, 0x38, 0x3d, 0x44,
    0x49, 0x4f, 0x56, 0x5d, 0x63, 0x6c, 0x73, 0x78, 0x7f, 0x88,
    0x8f, 0x95, 0x9b, 0xa0, 0xa5, 0xa9, 0xad, 0xb0, 0xb3, 0xb6,
    0xba, 0xbd, 0xbf, 0xc0, 0xc0, 0xc1, 0xc2, 0xc3, 0xc3, 0xc3,
    0xc3, 0xc3, 0xc4, 0xc5, 0xc3, 0xc2, 0xc3, 0xc2, 0xc1, 0xc2,
    0xc2, 0xc3, 0xc1, 0xbe, 0xbe, 0xbb, 0xb7, 0xb4, 0xb3, 0xad,
    0xa9, 0xa5, 0x9d, 0x92, 0x8c, 0x89, 0x85, 0x81, 0x7f, 0x7c,
    0x7b, 0x79, 0x78, 0x77, 0x76, 0x77, 0x7a, 0x7c, 0x7f, 0x82,
    0x85, 0x87, 0x8a, 0x8d, 0x90, 0x93, 0x95, 0x98, 0x9b, 0x9e,
    0xa1, 0xa3, 0xa6, 0xa9, 0xac, 0xaf, 0xb2, 0xb5, 0xb9, 0xbd,
    0xbf, 0xc2, 0xc5, 0xc8, 0xca, 0xcc, 0xce, 0xcf, 0xd0, 0xd0,
    0xd1, 0xd2, 0xd1, 0xd1, 0xd1, 0xd1, 0xd0, 0xcf, 0xce, 0xcd,
    0xcc, 0xca, 0xc8, 0xc6, 0xc3, 0xbf, 0xbc, 0xb9, 0xb5, 0xb1,
    0xad, 0xa9, 0xa4, 0x9f, 0x99, 0x94, 0x8f, 0x8b, 0x87, 0x83,
    0x7e, 0x79, 0x73, 0x6e, 0x69, 0x65, 0x63, 0x64, 0x63, 0x65,
    0x68, 0x69, 0x6b, 0x71, 0x75, 0x79, 0x7f, 0x86, 0x8b, 0x90,
    0x93, 0x97, 0x9a, 0x9c, 0x9e, 0x9e, 0x9e, 0x9d, 0x9c, 0x9a,
    0x97, 0x93, 0x8f, 0x8b, 0x87, 0x83, 0x7f, 0x7b, 0x78, 0x74,
    0x70, 0x6d, 0x6a, 0x67, 0x65, 0x62, 0x5f, 0x5b, 0x57, 0x55,
    0x53, 0x50, 0x4c, 0x49, 0x44, 0x40, 0x3b, 0x38, 0x34, 0x30,
    0x2d, 0x2a, 0x28, 0x26, 0x24, 0x21, 0x1e, 0x1b, 0x19, 0x16,
    0x14, 0x14, 0x13, 0x13, 0x13, 0x13, 0x12, 0x11, 0x12, 0x14,
    0x14, 0x16, 0x19, 0x1b, 0x1c, 0x1f, 0x21, 0x23, 0x26, 0x29,
    0x2b, 0x2d, 0x2e, 0x31, 0x35, 0x39, 0x3e, 0x44, 0x48, 0x4c,
    0x51, 0x55, 0x5a, 0x5e, 0x63, 0x68, 0x6e, 0x73, 0x79, 0x7d,
    0x82, 0x86, 0x8a, 0x8e, 0x92, 0x95, 0x99, 0x9d, 0xa2, 0xa5,
    0xa9, 0xad, 0xb0, 0xb3, 0xb7, 0xb9, 0xbc, 0xbe, 0xc0, 0xc1,
    0xc2, 0xc3, 0xc4, 0xc3, 0xc3, 0xc2, 0xc2, 0xc2, 0xc0, 0xbd,
    0xb9, 0xbc, 0xc0, 0xc4, 0xc9, 0xcb, 0xcc, 0xcb, 0xcb, 0xcc,
    0xc8, 0xc0, 0xb8, 0xaf, 0xa7, 0x9f, 0x99, 0x92, 0x8c, 0x86,
    0x80, 0x7a, 0x75, 0x71, 0x6f, 0x6d, 0x6d, 0x6d, 0x6e, 0x6f,
    0x71, 0x73, 0x75, 0x78, 0x7b, 0x7f, 0x82, 0x86, 0x8b, 0x8f,
    0x94, 0x98, 0x9c, 0x9f, 0xa1, 0xa3, 0xa7, 0xab, 0xae, 0xb2,
    0xb7, 0xba, 0xbe, 0xc2, 0xc6, 0xc9, 0xcc, 0xce, 0xd0, 0xd2,
    0xd3, 0xd4, 0xd4, 0xd4, 0xd4, 0xd3, 0xd2, 0xd1, 0xcf, 0xce,
    0xcc, 0xca, 0xc8, 0xc6, 0xc4, 0xc1, 0xbf, 0xbc, 0xb8, 0xb5,
    0xb1, 0xae, 0xac, 0xa8, 0xa0, 0x96, 0x8a, 0x82, 0x7b, 0x75,
    0x6e, 0x6a, 0x66, 0x64, 0x60, 0x5e, 0x60, 0x67, 0x6c, 0x6f,
    0x73, 0x78, 0x7c, 0x80, 0x84, 0x88, 0x8c, 0x8f, 0x92, 0x93,
    0x94, 0x94, 0x93, 0x92, 0x90, 0x8e, 0x8b, 0x87, 0x82, 0x7e,
    0x79, 0x75, 0x70, 0x6a, 0x65, 0x60, 0x5c, 0x58, 0x54, 0x51,
    0x4e, 0x4b, 0x49, 0x46, 0x43, 0x40, 0x3d, 0x3b, 0x37, 0x34,
    0x31, 0x2f, 0x2d, 0x2b, 0x2a, 0x2a, 0x28, 0x26, 0x27, 0x2b,
    0x2e, 0x2f, 0x2f, 0x30, 0x31, 0x2f, 0x2e, 0x2e, 0x2e, 0x2d,
    0x2b, 0x29, 0x28, 0x27, 0x24, 0x20, 0x20, 0x1f, 0x1d, 0x1c,
    0x1b, 0x1b, 0x1b, 0x1c, 0x1c, 0x1d, 0x1e, 0x20, 0x22, 0x24,
    0x26, 0x27, 0x29, 0x2a, 0x2c, 0x2e, 0x30, 0x35, 0x3a, 0x3d,
    0x40, 0x45, 0x4e, 0x57, 0x60, 0x66, 0x6a, 0x70, 0x74, 0x78,
    0x7f, 0x8c, 0x99, 0xa4, 0xae, 0xb8, 0xc0, 0xc8, 0xd0, 0xd7,
    0xdf, 0xe7, 0xee, 0xf2, 0xf6, 0xfa, 0xfd, 0xff, 0xff, 0xff,
    0xff, 0xff, 0xfd, 0xfb, 0xf7, 0xf5, 0xf6, 0xf7, 0xf5, 0xf2,
    0xef, 0xec, 0xe8, 0xe5, 0xe3, 0xdf, 0xde, 0xde, 0xdc, 0xd9,
    0xce, 0xc2, 0xb8, 0xb1, 0xa8, 0x9f, 0x97, 0x90, 0x89, 0x82,
    0x7b, 0x73, 0x6d, 0x68, 0x64, 0x61, 0x5e, 0x5b, 0x5a, 0x59,
    0x5a, 0x5b, 0x5c, 0x5d, 0x5f, 0x61, 0x64, 0x66, 0x67, 0x69,
    0x6c, 0x70, 0x73, 0x75, 0x77, 0x79, 0x7d, 0x80, 0x83, 0x87,
    0x8a, 0x8d, 0x92, 0x96, 0x99, 0x9c, 0x9f, 0xa2, 0xa5, 0xa6,
    0xa8, 0xaa, 0xac, 0xae, 0xb0, 0xb2, 0xb2, 0xb3, 0xb4, 0xb4,
    0xb5, 0xb5, 0xb4, 0xb3, 0xb3, 0xb1, 0xaf, 0xad, 0xac, 0xaa,
    0xa8, 0xa5, 0xa2, 0x9f, 0x9b, 0x98, 0x95, 0x93, 0x8e, 0x85,
    0x7b, 0x73, 0x6e, 0x68, 0x61, 0x5d, 0x58, 0x53, 0x4f, 0x4d,
    0x48, 0x45, 0x4b, 0x54, 0x57, 0x5b, 0x60, 0x65, 0x69, 0x70,
    0x75, 0x79, 0x7f, 0x84, 0x8a, 0x8d, 0x8f, 0x91, 0x91, 0x91,
    0x91, 0x90, 0x8e, 0x8b, 0x88, 0x84, 0x7f, 0x7b, 0x76, 0x71,
    0x6d, 0x6a, 0x66, 0x61, 0x5d, 0x5a, 0x57, 0x54, 0x52, 0x4f,
    0x4c, 0x49, 0x48, 0x45, 0x42, 0x42, 0x41, 0x3f, 0x3e, 0x3b,
    0x3a, 0x37, 0x38, 0x39, 0x36, 0x35, 0x32, 0x30, 0x2f, 0x2d,
    0x2b, 0x2b, 0x29, 0x28, 0x28, 0x28, 0x27, 0x27, 0x26, 0x25,
    0x25, 0x26, 0x26, 0x27, 0x29, 0x2b, 0x2c, 0x2e, 0x31, 0x34,
    0x35, 0x35, 0x36, 0x35, 0x36, 0x38, 0x39, 0x3a, 0x3b, 0x3d,
    0x3e, 0x40, 0x45, 0x4a, 0x4e, 0x53, 0x59, 0x60, 0x67, 0x6e,
    0x76, 0x7e, 0x87, 0x8f, 0x97, 0x9f, 0xa7, 0xaf, 0xb6, 0xbd,
    0xc4, 0xca, 0xcf, 0xd4, 0xd9, 0xdd, 0xe0, 0xe3, 0xe6, 0xe8,
    0xe9, 0xea, 0xeb, 0xeb, 0xeb, 0xeb, 0xe9, 0xe7, 0xe3, 0xdf,
    0xdd, 0xdf, 0xe1, 0xe1, 0xe2, 0xe4, 0xe7, 0xeb, 0xee, 0xed,
    0xe7, 0xde, 0xd9, 0xd6, 0xd1, 0xcb, 0xc4, 0xbd, 0xb7, 0xb1,
    0xaa, 0xa2, 0x9a, 0x94, 0x8f, 0x89, 0x83, 0x7e, 0x7b, 0x7a,
    0x7a, 0x7b, 0x7b, 0x7a, 0x7c, 0x7f, 0x82, 0x84, 0x87, 0x8a,
    0x8c, 0x8f, 0x92, 0x95, 0x97, 0x99, 0x9c, 0x9e, 0x9f, 0xa0,
    0xa1, 0xa2, 0xa4, 0xa6, 0xa8, 0xaa, 0xaa, 0xab, 0xac, 0xad,
    0xae, 0xae, 0xaf, 0xaf, 0xb0, 0xb1, 0xb1, 0xb2, 0xb2, 0xb2,
    0xb1, 0xb1, 0xaf, 0xae, 0xad, 0xac, 0xaa, 0xa8, 0xa7, 0xa5,
    0xa4, 0xa3, 0xa2, 0xa0, 0x9e, 0x9c, 0x9b, 0x9a, 0x96, 0x8d,
    0x85, 0x80, 0x79, 0x73, 0x6f, 0x68, 0x5f, 0x5d, 0x57, 0x50,
    0x4a, 0x49, 0x51, 0x54, 0x52, 0x54, 0x56, 0x59, 0x5c, 0x60,
    0x64, 0x67, 0x6b, 0x70, 0x75, 0x79, 0x7e, 0x80, 0x82, 0x84,
    0x84, 0x83, 0x81, 0x7f, 0x7d, 0x79, 0x76, 0x71, 0x6c, 0x67,
    0x62, 0x5e, 0x5a, 0x57, 0x53, 0x50, 0x4d, 0x4b, 0x48, 0x46,
    0x45, 0x44, 0x44, 0x42, 0x42, 0x42, 0x41, 0x40, 0x3f, 0x3f,
    0x3f, 0x3e, 0x3d, 0x3c, 0x3b, 0x39, 0x37, 0x34, 0x31, 0x2d,
    0x29, 0x23, 0x22, 0x2f, 0x42, 0x48, 0x40, 0x44, 0x48, 0x43,
    0x43, 0x44, 0x42, 0x40, 0x41, 0x41, 0x3c, 0x3b, 0x3a, 0x38,
    0x36, 0x33, 0x2f, 0x2c, 0x27, 0x21, 0x1e, 0x1d, 0x19, 0x16,
    0x15, 0x17, 0x1a, 0x1f, 0x24, 0x29, 0x31, 0x3a, 0x42, 0x4a,
    0x54, 0x5e, 0x6a, 0x78, 0x85, 0x90, 0x9b, 0xa7, 0xb0, 0xba,
    0xc2, 0xca, 0xd1, 0xd7, 0xdc, 0xdf, 0xe2, 0xe5, 0xe6, 0xe7,
    0xe9, 0xea, 0xea, 0xea, 0xea, 0xe9, 0xe8, 0xe6, 0xe3, 0xe0,
    0xdc, 0xd6, 0xd0, 0xca, 0xcc, 0xd5, 0xd4, 0xd1, 0xd2, 0xd5,
    0xd6, 0xda, 0xdc, 0xd7, 0xc9, 0xc3, 0xc4, 0xc0, 0xba, 0xb5,
    0xb1, 0xaa, 0xa5, 0x9f, 0x97, 0x90, 0x8b, 0x85, 0x7e, 0x77,
    0x72, 0x6d, 0x6b, 0x69, 0x69, 0x68, 0x68, 0x6a, 0x6d, 0x70,
    0x72, 0x74, 0x76, 0x78, 0x7a, 0x7d, 0x7f, 0x80, 0x82, 0x83,
    0x84, 0x86, 0x87, 0x88, 0x88, 0x89, 0x8b, 0x8c, 0x8e, 0x8f,
    0x90, 0x91, 0x93, 0x94, 0x96, 0x97, 0x99, 0x9b, 0x9c, 0x9e,
    0x9f, 0xa1, 0xa3, 0xa5, 0xa6, 0xa7, 0xa7, 0xa7, 0xa8, 0xa8,
    0xa7, 0xa7, 0xa6, 0xa5, 0xa4, 0xa2, 0xa1, 0x9e, 0x9c, 0x99,
    0x97, 0x95, 0x93, 0x93, 0x93, 0x8e, 0x7f, 0x73, 0x6e, 0x67,
    0x5f, 0x59, 0x54, 0x4d, 0x44, 0x3d, 0x3b, 0x40, 0x48, 0x48,
    0x48, 0x4a, 0x4c, 0x4e, 0x52, 0x56, 0x5a, 0x60, 0x67, 0x6c,
    0x71, 0x77, 0x7d, 0x81, 0x85, 0x87, 0x87, 0x87, 0x86, 0x84,
    0x81, 0x7d, 0x79, 0x74, 0x70, 0x6b, 0x67, 0x63, 0x5e, 0x5a,
    0x56, 0x56, 0x56, 0x56, 0x56, 0x54, 0x4f, 0x4b, 0x4c, 0x4c,
    0x4a, 0x49, 0x4a, 0x47, 0x45, 0x46, 0x46, 0x43, 0x40, 0x3f,
    0x3c, 0x37, 0x35, 0x34, 0x31, 0x2d, 0x2d, 0x2d, 0x2a, 0x2a,
    0x2b, 0x2a, 0x27, 0x29, 0x2a, 0x28, 0x29, 0x2c, 0x2c, 0x2d,
    0x2e, 0x31, 0x34, 0x33, 0x34, 0x35, 0x34, 0x35, 0x37, 0x3d,
    0x40, 0x41, 0x44, 0x47, 0x49, 0x4c, 0x50, 0x52, 0x56, 0x5a,
    0x5f, 0x62, 0x67, 0x6c, 0x72, 0x78, 0x7e, 0x85, 0x8b, 0x92,
    0x98, 0x9e, 0xa2, 0xa7, 0xac, 0xb1, 0xb5, 0xb9, 0xbe, 0xc3,
    0xc7, 0xcb, 0xcf, 0xd2, 0xd5, 0xd8, 0xda, 0xdc, 0xdd, 0xdd,
    0xdc, 0xdb, 0xd7, 0xd2, 0xcd, 0xce, 0xd6, 0xde, 0xe2, 0xe5,
    0xeb, 0xf2, 0xf6, 0xf5, 0xeb, 0xe2, 0xe0, 0xdf, 0xd9, 0xd6,
    0xd5, 0xd2, 0xd0, 0xcd, 0xc8, 0xc2, 0xbd, 0xb9, 0xb2, 0xab,
    0xa4, 0x9e, 0x99, 0x96, 0x93, 0x90, 0x8f, 0x90, 0x93, 0x96,
    0x99, 0x9c, 0xa0, 0xa5, 0xa8, 0xab, 0xae, 0xb1, 0xb4, 0xb7,
    0xb9, 0xbc, 0xbe, 0xc0, 0xc3, 0xc6, 0xc8, 0xca, 0xcc, 0xcd,
    0xce, 0xce, 0xcd, 0xcd, 0xcc, 0xcc, 0xcb, 0xca, 0xca, 0xca,
    0xca, 0xc9, 0xc8, 0xc7, 0xc6, 0xc5, 0xc3, 0xc2, 0xc2, 0xc0,
    0xbf, 0xbe, 0xbd, 0xbb, 0xb9, 0xb7, 0xb4, 0xb2, 0xaf, 0xad,
    0xac, 0xab, 0xab, 0xab, 0xaa, 0xa5, 0x9d, 0x99, 0x94, 0x8c,
    0x86, 0x82, 0x7c, 0x75, 0x6f, 0x6b, 0x6b, 0x6f, 0x70, 0x6f,
    0x70, 0x6f, 0x6e, 0x6c, 0x6c, 0x6d, 0x6e, 0x71, 0x74, 0x76,
    0x79, 0x7c, 0x7e, 0x81, 0x82, 0x83, 0x83, 0x82, 0x81, 0x80,
    0x7d, 0x79, 0x75, 0x72, 0x6e, 0x6a, 0x66, 0x63, 0x5f, 0x5b,
    0x57, 0x54, 0x51, 0x4f, 0x4c, 0x49, 0x46, 0x44, 0x42, 0x40,
    0x3e, 0x3d, 0x3c, 0x3b, 0x39, 0x37, 0x35, 0x34, 0x34, 0x33,
    0x32, 0x2f, 0x2d, 0x2a, 0x27, 0x24, 0x22, 0x20, 0x1f, 0x1e,
    0x1d, 0x1c, 0x1b, 0x1a, 0x17, 0x15, 0x13, 0x12, 0x12, 0x12,
    0x12, 0x12, 0x11, 0x10, 0x11, 0x11, 0x11, 0x11, 0x11, 0x11,
    0x10, 0xf, 0xf, 0xf, 0x10, 0x11, 0x13, 0x16, 0x19, 0x1c,
    0x20, 0x24, 0x29, 0x2d, 0x32, 0x37, 0x3d, 0x43, 0x4a, 0x50,
    0x56, 0x5c, 0x63, 0x6a, 0x70, 0x76, 0x7c, 0x81, 0x86, 0x8b,
    0x8f, 0x92, 0x96, 0x98, 0x9b, 0x9d, 0x9f, 0xa0, 0xa2, 0xa2,
    0xa3, 0xa2, 0xa1, 0x9f, 0x9d, 0x99, 0x96, 0x95, 0x97, 0x98,
    0x99, 0x9b, 0x9f, 0xa2, 0xa5, 0xa9, 0xac, 0xac, 0xa9, 0xa4,
    0xa0, 0x9e, 0x9a, 0x98, 0x98, 0x98, 0x98, 0x96, 0x94, 0x90,
    0x8d, 0x8a, 0x86, 0x82, 0x7e, 0x7b, 0x78, 0x77, 0x76, 0x76,
    0x75, 0x76, 0x77, 0x78, 0x7a, 0x7d, 0x7f, 0x81, 0x83, 0x86,
    0x88, 0x8b, 0x8d, 0x8f, 0x91, 0x93, 0x96, 0x98, 0x9b, 0x9e,
    0xa0, 0xa3, 0xa5, 0xa7, 0xa7, 0xa8, 0xa9, 0xaa, 0xab, 0xae,
    0xb0, 0xb3, 0xb5, 0xb6, 0xb8, 0xba, 0xbb, 0xbb, 0xbc, 0xbc,
    0xbc, 0xbc, 0xbc, 0xbc, 0xbc, 0xbb, 0xbb, 0xba, 0xb9, 0xb7,
    0xb6, 0xb5, 0xb5, 0xb3, 0xb0, 0xad, 0xaa, 0xa8, 0xa4, 0xa0,
    0x9d, 0x9a, 0x96, 0x93, 0x8f, 0x8c, 0x88, 0x85, 0x85, 0x86,
    0x87, 0x86, 0x87, 0x88, 0x88, 0x88, 0x88, 0x89, 0x8c, 0x8e,
    0x91, 0x94, 0x97, 0x99, 0x9c, 0x9e, 0x9f, 0xa0, 0xa0, 0xa0,
    0x9f, 0x9e, 0x9c, 0x9a, 0x97, 0x94, 0x91, 0x8e, 0x8b, 0x87,
    0x84, 0x80, 0x7e, 0x7b, 0x78, 0x75, 0x71, 0x6e, 0x6c, 0x6b,
    0x6b, 0x6a, 0x68, 0x67, 0x66, 0x65, 0x62, 0x5f, 0x5d, 0x5b,
    0x59, 0x57, 0x54, 0x52, 0x4f, 0x4d, 0x4c, 0x49, 0x47, 0x45,
    0x44, 0x43, 0x41, 0x40, 0x3f, 0x3f, 0x3e, 0x3d, 0x3c, 0x3b,
    0x3a, 0x39, 0x39, 0x38, 0x39, 0x39, 0x3a, 0x3a, 0x3b, 0x3c,
    0x3c, 0x3b, 0x3b, 0x3a, 0x3a, 0x3b, 0x3b, 0x3c, 0x3c, 0x3c,
    0x3d, 0x3f, 0x42, 0x44, 0x48, 0x4c, 0x51, 0x55, 0x59, 0x5c,
    0x61, 0x66, 0x6b, 0x71, 0x77, 0x7d, 0x83, 0x8a, 0x90, 0x95,
    0x9b, 0x9f, 0xa3, 0xa7, 0xaa, 0xad, 0xaf, 0xb1, 0xb2, 0xb3,
    0xb4, 0xb4, 0xb4, 0xb3, 0xb1, 0xb0, 0xae, 0xac, 0xa9, 0xa6,
    0xa3, 0xa0, 0x9e, 0x9e, 0xa0, 0xa4, 0xa8, 0xac, 0xb2, 0xb7,
    0xb9, 0xb7, 0xb3, 0xae, 0xab, 0xa9, 0xa5, 0xa4, 0xa4, 0xa4,
    0xa4, 0xa1, 0x9e, 0x9a, 0x97, 0x94, 0x90, 0x8d, 0x8a, 0x87,
    0x85, 0x83, 0x82, 0x80, 0x7f, 0x80, 0x80, 0x81, 0x83, 0x85,
    0x87, 0x89, 0x8c, 0x8e, 0x90, 0x92, 0x93, 0x95, 0x97, 0x9a,
    0x9c, 0x9f, 0xa2, 0xa4, 0xa5, 0xa6, 0xa5, 0xa5, 0xa4, 0xa5,
    0xa6, 0xa6, 0xa8, 0xaa, 0xad, 0xae, 0xaf, 0xaf, 0xb0, 0xb1,
    0xb2, 0xb2, 0xb2, 0xb3, 0xb2, 0xb3, 0xb2, 0xb2, 0xb1, 0xb1,
    0xb1, 0xb0, 0xae, 0xad, 0xac, 0xab, 0xaa, 0xa9, 0xaa, 0xaa,
    0xaa, 0xaa, 0xa8, 0xa6, 0xa3, 0xa0, 0x9d, 0x9a, 0x97, 0x95,
    0x92, 0x8f, 0x8b, 0x88, 0x85, 0x86, 0x86, 0x88, 0x8a, 0x8b,
    0x8d, 0x8e, 0x8e, 0x8e, 0x8e, 0x8f, 0x91, 0x92, 0x93, 0x94,
    0x96, 0x98, 0x99, 0x9a, 0x9a, 0x9a, 0x9a, 0x99, 0x98, 0x96,
    0x94, 0x92, 0x90, 0x8e, 0x8c, 0x8a, 0x87, 0x83, 0x80, 0x7d,
    0x79, 0x76, 0x72, 0x6f, 0x6d, 0x6a, 0x67, 0x64, 0x61, 0x5f,
    0x5d, 0x5b, 0x59, 0x57, 0x55, 0x53, 0x4f, 0x4d, 0x4b, 0x49,
    0x48, 0x46, 0x44, 0x43, 0x41, 0x40, 0x3f, 0x3e, 0x3c, 0x3c,
    0x3a, 0x39, 0x37, 0x35, 0x33, 0x31, 0x2f, 0x2e, 0x2f, 0x2f,
    0x2e, 0x2e, 0x2e, 0x2d, 0x2d, 0x2c, 0x2b, 0x2b, 0x2b, 0x2a,
    0x2a, 0x2a, 0x2a, 0x2c, 0x2d, 0x2f, 0x31, 0x34, 0x37, 0x39,
    0x3c, 0x3e, 0x40, 0x42, 0x45, 0x4a, 0x4f, 0x55, 0x5a, 0x61,
    0x67, 0x6c, 0x70, 0x73, 0x77, 0x7c, 0x80, 0x84, 0x88, 0x8b,
    0x8f, 0x92, 0x94, 0x96, 0x97, 0x98, 0x99, 0x99, 0x99, 0x98,
    0x97, 0x96, 0x94, 0x93, 0x93, 0x92, 0x91, 0x91, 0x91, 0x93,
    0x94, 0x96, 0x98, 0x9b, 0x9d, 0x9c, 0x9a, 0x97, 0x95, 0x93,
    0x91, 0x8f, 0x8f, 0x90, 0x8f, 0x8d, 0x8a, 0x87, 0x84, 0x83,
    0x81, 0x7f, 0x7d, 0x7b, 0x79, 0x78, 0x77, 0x76, 0x76, 0x77,
    0x78, 0x78, 0x79, 0x7b, 0x7c, 0x7f, 0x81, 0x83, 0x86, 0x88,
    0x8a, 0x8c, 0x8e, 0x8f, 0x91, 0x92, 0x93, 0x95, 0x95, 0x96,
    0x96, 0x97, 0x97, 0x98, 0x99, 0x9a, 0x9c, 0x9e, 0x9f, 0xa0,
    0xa1, 0xa2, 0xa3, 0xa4, 0xa4, 0xa6, 0xa6, 0xa7, 0xa7, 0xa7,
    0xa8, 0xa8, 0xa8, 0xa7, 0xa7, 0xa6, 0xa6, 0xa5, 0xa4, 0xa5,
    0xa5, 0xa5, 0xa5, 0xa5, 0xa6, 0xa7, 0xa7, 0xa6, 0xa3, 0xa1,
    0x9f, 0x9c, 0x99, 0x96, 0x93, 0x91, 0x8e, 0x8c, 0x8a, 0x8a,
    0x8c, 0x8d, 0x8f, 0x90, 0x92, 0x92, 0x92, 0x92, 0x93, 0x95,
    0x97, 0x98, 0x9b, 0x9c, 0x9e, 0xa1, 0xa2, 0xa4, 0xa5, 0xa6,
    0xa6, 0xa6, 0xa6, 0xa5, 0xa4, 0xa3, 0xa1, 0x9f, 0x9d, 0x9a,
    0x97, 0x94, 0x91, 0x8e, 0x8a, 0x87, 0x84, 0x81, 0x7e, 0x79,
    0x76, 0x74, 0x75, 0x74, 0x73, 0x71, 0x6f, 0x6c, 0x68, 0x63,
    0x5e, 0x5c, 0x5c, 0x5c, 0x5a, 0x58, 0x55, 0x52, 0x50, 0x4e,
    0x4c, 0x49, 0x48, 0x46, 0x43, 0x41, 0x3f, 0x3c, 0x3a, 0x38,
    0x37, 0x35, 0x33, 0x33, 0x33, 0x33, 0x35, 0x36, 0x37, 0x38,
    0x3a, 0x3c, 0x3e, 0x40, 0x42, 0x45, 0x48, 0x4b, 0x4e, 0x51,
    0x53, 0x55, 0x57, 0x5b, 0x5d, 0x60, 0x62, 0x65, 0x67, 0x6a,
    0x6c, 0x6e, 0x72, 0x74, 0x77, 0x79, 0x7a, 0x7b, 0x7c, 0x7d,
    0x7e, 0x80, 0x81, 0x82, 0x82, 0x81, 0x81, 0x81, 0x81, 0x82,
    0x81, 0x81, 0x82, 0x82, 0x81, 0x81, 0x81, 0x82, 0x81, 0x82,
    0x81, 0x80, 0x7f, 0x80, 0x83, 0x86, 0x8a, 0x8e, 0x93, 0x97,
    0x99, 0x97, 0x93, 0x91, 0x91, 0x90, 0x8f, 0x8f, 0x90, 0x92,
    0x93, 0x92, 0x91, 0x8f, 0x8e, 0x8d, 0x8d, 0x8b, 0x89, 0x87,
    0x86, 0x85, 0x84, 0x83, 0x82, 0x82, 0x83, 0x84, 0x86, 0x89,
    0x8c, 0x8f, 0x92, 0x94, 0x96, 0x97, 0x98, 0x99, 0x99, 0x9a,
    0x9c, 0x9c, 0x9d, 0xa0, 0xa1, 0xa3, 0xa4, 0xa4, 0xa5, 0xa6,
    0xa6, 0xa6, 0xa6, 0xa7, 0xa8, 0xaa, 0xaa, 0xab, 0xad, 0xae,
    0xaf, 0xaf, 0xae, 0xad, 0xad, 0xac, 0xac, 0xac, 0xab, 0xab,
    0xaa, 0xaa, 0xa9, 0xa9, 0xa8, 0xa8, 0xa7, 0xa7, 0xa7, 0xa8,
    0xa9, 0xaa, 0xab, 0xac, 0xac, 0xaa, 0xa7, 0xa3, 0xa1, 0x9e,
    0x9c, 0x9b, 0x99, 0x99, 0x99, 0x99, 0x99, 0x9a, 0x9a, 0x99,
    0x99, 0x99, 0x98, 0x97, 0x95, 0x95, 0x96, 0x96, 0x97, 0x96,
    0x97, 0x98, 0x98, 0x99, 0x9a, 0x9a, 0x9b, 0x9b, 0x9b, 0x9a,
    0x98, 0x96, 0x93, 0x90, 0x8c, 0x88, 0x85, 0x82, 0x80, 0x7e,
    0x7c, 0x79, 0x77, 0x73, 0x6f, 0x6b, 0x67, 0x64, 0x61, 0x5e,
    0x5b, 0x59, 0x57, 0x56, 0x55, 0x55, 0x54, 0x52, 0x51, 0x4f,
    0x4d, 0x4c, 0x4a, 0x48, 0x48, 0x47, 0x47, 0x46, 0x46, 0x45,
    0x44, 0x43, 0x42, 0x41, 0x41, 0x40, 0x3e, 0x3d, 0x3d, 0x3c,
    0x3b, 0x3a, 0x3a, 0x3a, 0x3a, 0x3a, 0x3a, 0x3a, 0x3a, 0x3a,
    0x3b, 0x3c, 0x3d, 0x3e, 0x40, 0x42, 0x44, 0x46, 0x47, 0x49,
    0x4c, 0x4e, 0x51, 0x54, 0x57, 0x5a, 0x5d, 0x60, 0x62, 0x64,
    0x66, 0x69, 0x6c, 0x70, 0x73, 0x75, 0x77, 0x7a, 0x7b, 0x7c,
    0x7d, 0x7e, 0x7f, 0x80, 0x82, 0x82, 0x83, 0x84, 0x84, 0x83,
    0x82, 0x81, 0x81, 0x80, 0x7f, 0x80, 0x80, 0x81, 0x82, 0x83,
    0x85, 0x87, 0x89, 0x8a, 0x8b, 0x8c, 0x8b, 0x89, 0x88, 0x87,
    0x86, 0x86, 0x86, 0x88, 0x89, 0x8a, 0x8a, 0x89, 0x8a, 0x89,
    0x89, 0x89, 0x88, 0x87, 0x86, 0x86, 0x86, 0x86, 0x86, 0x87,
    0x89, 0x8a, 0x8c, 0x8d, 0x90, 0x91, 0x93, 0x94, 0x95, 0x95,
    0x96, 0x97, 0x99, 0x9b, 0x9c, 0x9e, 0x9f, 0xa1, 0xa2, 0xa3,
    0xa4, 0xa5, 0xa6, 0xa6, 0xa6, 0xa7, 0xa9, 0xaa, 0xac, 0xad,
    0xae, 0xae, 0xaf, 0xaf, 0xaf, 0xb0, 0xb0, 0xb0, 0xb0, 0xb0,
    0xb0, 0xaf, 0xae, 0xae, 0xad, 0xac, 0xab, 0xaa, 0xa9, 0xa9,
    0xa9, 0xa8, 0xa8, 0xa7, 0xa7, 0xa7, 0xa6, 0xa6, 0xa6, 0xa6,
    0xa5, 0xa3, 0xa1, 0x9e, 0x9c, 0x9b, 0x99, 0x97, 0x95, 0x94,
    0x94, 0x93, 0x93, 0x92, 0x92, 0x91, 0x91, 0x90, 0x8f, 0x8d,
    0x8c, 0x8c, 0x8c, 0x8c, 0x8d, 0x8d, 0x8e, 0x8f, 0x8f, 0x90,
    0x90, 0x90, 0x90, 0x8f, 0x8d, 0x8b, 0x88, 0x86, 0x83, 0x80,
    0x7e, 0x7b, 0x79, 0x77, 0x74, 0x71, 0x6d, 0x6a, 0x66, 0x63,
    0x60, 0x5d, 0x5b, 0x59, 0x58, 0x56, 0x55, 0x53, 0x51, 0x50,
    0x4f, 0x4e, 0x4c, 0x4a, 0x49, 0x46, 0x45, 0x43, 0x42, 0x40,
    0x3d, 0x3b, 0x3a, 0x39, 0x37, 0x35, 0x33, 0x32, 0x30, 0x2f,
    0x2e, 0x2e, 0x2f, 0x2f, 0x2f, 0x2f, 0x30, 0x31, 0x32, 0x33,
    0x34, 0x35, 0x35, 0x36, 0x37, 0x39, 0x3b, 0x3d, 0x3f, 0x41,
    0x42, 0x44, 0x45, 0x47, 0x49, 0x4c, 0x4e, 0x51, 0x53, 0x56,
    0x57, 0x5a, 0x5b, 0x5d, 0x5f, 0x62, 0x64, 0x66, 0x68, 0x6a,
    0x6c, 0x6d, 0x6f, 0x71, 0x72, 0x74, 0x76, 0x78, 0x7a, 0x7b,
    0x7d, 0x7d, 0x7f, 0x80, 0x80, 0x80, 0x82, 0x82, 0x83, 0x85,
    0x86, 0x86, 0x86, 0x85, 0x85, 0x84, 0x84, 0x86, 0x8a, 0x90,
    0x95, 0x99, 0x9a, 0x99, 0x97, 0x95, 0x93, 0x93, 0x94, 0x97,
    0x9b, 0x9f, 0xa1, 0xa1, 0xa1, 0xa2, 0xa2, 0xa2, 0xa2, 0xa1,
    0xa0, 0xa0, 0xa0, 0x9f, 0x9d, 0x9d, 0x9c, 0x9d, 0x9e, 0xa0,
    0xa2, 0xa4, 0xa6, 0xa8, 0xa8, 0xa9, 0xa9, 0xa9, 0xaa, 0xab,
    0xad, 0xae, 0xb0, 0xb3, 0xb5, 0xb8, 0xb9, 0xba, 0xba, 0xb9,
    0xb9, 0xb9, 0xba, 0xbc, 0xbf, 0xc2, 0xc5, 0xc6, 0xc7, 0xc8,
    0xc8, 0xc8, 0xc8, 0xc8, 0xc9, 0xc8, 0xc8, 0xc7, 0xc6, 0xc5,
    0xc3, 0xc2, 0xc2, 0xc2, 0xc3, 0xc2, 0xc2, 0xc1, 0xbf, 0xbf,
    0xbd, 0xbd, 0xbc, 0xbb, 0xba, 0xba, 0xb9, 0xb7, 0xb5, 0xb4,
    0xb3, 0xb2, 0xb1, 0xb2, 0xb2, 0xb2, 0xb2, 0xb1, 0xb0, 0xaf,
    0xae, 0xad, 0xac, 0xac, 0xab, 0xaa, 0xaa, 0xab, 0xab, 0xac,
    0xac, 0xab, 0xaa, 0xa7, 0xa5, 0xa2, 0xa0, 0x9d, 0x9a, 0x98,
    0x95, 0x92, 0x8e, 0x8a, 0x86, 0x82, 0x7f, 0x7b, 0x78, 0x74,
    0x70, 0x6c, 0x67, 0x62, 0x5d, 0x5b, 0x5a, 0x59, 0x59, 0x57,
    0x56, 0x54, 0x51, 0x4f, 0x4d, 0x4c, 0x4d, 0x4e, 0x4e, 0x4d,
    0x4b, 0x49, 0x46, 0x43, 0x41, 0x3e, 0x3c, 0x3a, 0x39, 0x37,
    0x34, 0x31, 0x2e, 0x2b, 0x28, 0x26, 0x24, 0x22, 0x21, 0x20,
    0x1e, 0x1e, 0x1e, 0x1f, 0x1f, 0x21, 0x21, 0x22, 0x23, 0x24,
    0x25, 0x27, 0x28, 0x29, 0x2a, 0x2b, 0x2d, 0x2f, 0x32, 0x35,
    0x37, 0x3a, 0x3d, 0x3f, 0x40, 0x42, 0x44, 0x46, 0x48, 0x4b,
    0x4e, 0x51, 0x54, 0x58, 0x5a, 0x5c, 0x5e, 0x60, 0x62, 0x63,
    0x66, 0x67, 0x69, 0x6a, 0x6b, 0x6b, 0x6c, 0x6c, 0x6c, 0x6b,
    0x6a, 0x69, 0x69, 0x69, 0x6a, 0x6a, 0x6a, 0x6b, 0x6b, 0x6c,
    0x6d, 0x6f, 0x71, 0x73, 0x74, 0x73, 0x74, 0x73, 0x73, 0x74,
    0x75, 0x77, 0x79, 0x7a, 0x7b, 0x7c, 0x7d, 0x7e, 0x7f, 0x7f,
    0x7f, 0x7e, 0x7f, 0x7f, 0x80, 0x80, 0x80, 0x81, 0x81, 0x82,
    0x83, 0x84, 0x85, 0x87, 0x88, 0x8a, 0x8c, 0x8e, 0x90, 0x91,
    0x92, 0x93, 0x95, 0x97, 0x99, 0x9b, 0x9d, 0x9f, 0xa0, 0xa1,
    0xa2, 0xa4, 0xa6, 0xa8, 0xaa, 0xac, 0xad, 0xae, 0xaf, 0xaf,
    0xb0, 0xb1, 0xb3, 0xb4, 0xb5, 0xb6, 0xb7, 0xb8, 0xb7, 0xb7,
    0xb6, 0xb6, 0xb7, 0xb8, 0xb8, 0xb8, 0xb8, 0xb7, 0xb6, 0xb5,
    0xb6, 0xb8, 0xb9, 0xba, 0xba, 0xbb, 0xbb, 0xbb, 0xbc, 0xbc,
    0xbc, 0xbc, 0xbb, 0xb9, 0xb8, 0xb6, 0xb4, 0xb3, 0xb2, 0xb0,
    0xaf, 0xae, 0xad, 0xac, 0xab, 0xab, 0xab, 0xab, 0xac, 0xab,
    0xab, 0xab, 0xaa, 0xa9, 0xaa, 0xa9, 0xa9, 0xa9, 0xaa, 0xaa,
    0xaa, 0xaa, 0xa9, 0xa7, 0xa6, 0xa4, 0xa1, 0x9f, 0x9c, 0x99,
    0x96, 0x92, 0x8f, 0x8c, 0x89, 0x87, 0x84, 0x81, 0x7f, 0x7d,
    0x7b, 0x79, 0x77, 0x74, 0x72, 0x6f, 0x6d, 0x6c, 0x6b, 0x6a,
    0x68, 0x66, 0x63, 0x60, 0x5d, 0x59, 0x55, 0x53, 0x51, 0x4f,
    0x4c, 0x4a, 0x48, 0x46, 0x44, 0x43, 0x42, 0x42, 0x43, 0x43,
    0x44, 0x44, 0x45, 0x46, 0x47, 0x48, 0x4b, 0x4c, 0x4d, 0x4e,
    0x4f, 0x4f, 0x4f, 0x4f, 0x50, 0x50, 0x51, 0x52, 0x53, 0x55,
    0x56, 0x57, 0x57, 0x58, 0x59, 0x5b, 0x5b, 0x5c, 0x5d, 0x5e,
    0x60, 0x61, 0x63, 0x65, 0x66, 0x67, 0x6a, 0x6c, 0x6e, 0x70,
    0x73, 0x75, 0x77, 0x78, 0x78, 0x78, 0x79, 0x79, 0x7a, 0x7b,
    0x7b, 0x7b, 0x7a, 0x7a, 0x79, 0x78, 0x77, 0x76, 0x75, 0x74,
    0x73, 0x72, 0x72, 0x74, 0x76, 0x78, 0x7b, 0x7e, 0x80, 0x82,
    0x81, 0x7f, 0x7d, 0x7c, 0x7d, 0x7d, 0x7e, 0x80, 0x83, 0x86,
    0x88, 0x88, 0x88, 0x88, 0x88, 0x87, 0x86, 0x85, 0x84, 0x82,
    0x81, 0x80, 0x80, 0x80, 0x81, 0x82, 0x84, 0x86, 0x87, 0x89,
    0x8a, 0x8a, 0x8a, 0x8b, 0x8c, 0x8d, 0x8f, 0x91, 0x93, 0x95,
    0x97, 0x99, 0x9b, 0x9c, 0x9d, 0x9e, 0x9f, 0xa1, 0xa3, 0xa4,
    0xa5, 0xa6, 0xa8, 0xaa, 0xac, 0xad, 0xaf, 0xb1, 0xb1, 0xb1,
    0xb1, 0xb1, 0xb0, 0xaf, 0xaf, 0xaf, 0xaf, 0xaf, 0xaf, 0xae,
    0xae, 0xaf, 0xaf, 0xaf, 0xb0, 0xb1, 0xb2, 0xb3, 0xb4, 0xb5,
    0xb5, 0xb5, 0xb4, 0xb3, 0xb3, 0xb2, 0xb1, 0xb0, 0xaf, 0xae,
    0xac, 0xab, 0xaa, 0xa9, 0xaa, 0xaa, 0xaa, 0xaa, 0xaa, 0xa9,
    0xa8, 0xa7, 0xa8, 0xa8, 0xa9, 0xa9, 0xa8, 0xa9, 0xa9, 0xa9,
    0xa9, 0xa9, 0xa8, 0xa6, 0xa5, 0xa3, 0xa0, 0x9e, 0x9a, 0x97,
    0x94, 0x92, 0x8f, 0x8b, 0x87, 0x83, 0x7f, 0x7b, 0x79, 0x77,
    0x75, 0x73, 0x70, 0x6f, 0x6c, 0x6a, 0x69, 0x67, 0x66, 0x65,
    0x64, 0x64, 0x63, 0x62, 0x61, 0x5f, 0x5e, 0x5d, 0x5b, 0x59,
    0x56, 0x55, 0x53, 0x50, 0x4e, 0x4d, 0x4b, 0x4a, 0x49, 0x47,
    0x46, 0x45, 0x45, 0x44, 0x43, 0x43, 0x45, 0x46, 0x47, 0x49,
    0x4a, 0x4c, 0x4d, 0x4e, 0x4f, 0x4f, 0x4e, 0x4d, 0x4c, 0x4b,
    0x4b, 0x4b, 0x4c, 0x4e, 0x4f, 0x4f, 0x4f, 0x4e, 0x4e, 0x4e,
    0x4f, 0x4f, 0x4f, 0x4f, 0x4f, 0x50, 0x52, 0x54, 0x56, 0x59,
    0x5b, 0x5e, 0x60, 0x62, 0x64, 0x66, 0x68, 0x69, 0x6a, 0x6b,
    0x6d, 0x6e, 0x6e, 0x6e, 0x6e, 0x6e, 0x6e, 0x6d, 0x6c, 0x6c,
    0x6a, 0x6a, 0x6a, 0x6a, 0x6b, 0x6c, 0x6d, 0x6e, 0x70, 0x72,
    0x73, 0x76, 0x78, 0x79, 0x79, 0x79, 0x7a, 0x7a, 0x7b, 0x7c,
    0x7e, 0x80, 0x82, 0x84, 0x85, 0x85, 0x86, 0x85, 0x85, 0x85,
    0x84, 0x83, 0x83, 0x82, 0x83, 0x83, 0x83, 0x83, 0x85, 0x86,
    0x88, 0x8a, 0x8b, 0x8c, 0x8e, 0x8f, 0x91, 0x93, 0x95, 0x97,
    0x99, 0x9a, 0x9c, 0x9f, 0xa0, 0xa1, 0xa2, 0xa3, 0xa4, 0xa5,
    0xa6, 0xa8, 0xa9, 0xaa, 0xab, 0xac, 0xac, 0xad, 0xae, 0xae,
    0xaf, 0xaf, 0xae, 0xad, 0xab, 0xaa, 0xa9, 0xa9, 0xa9, 0xa9,
    0xa9, 0xa9, 0xa9, 0xa9, 0xa9, 0xa9, 0xaa, 0xaa, 0xaa, 0xaa,
    0xab, 0xab, 0xaa, 0xaa, 0xaa, 0xaa, 0xaa, 0xaa, 0xaa, 0xa8,
    0xa6, 0xa3, 0xa0, 0x9d, 0x9a, 0x97, 0x96, 0x95, 0x94, 0x94,
    0x94, 0x95, 0x95, 0x95, 0x95, 0x94, 0x93, 0x90, 0x8f, 0x8e,
    0x8e, 0x8e, 0x8e, 0x8e, 0x8e, 0x8e, 0x8e, 0x8d, 0x8c, 0x8a,
    0x88, 0x86, 0x84, 0x82, 0x7e, 0x7b, 0x78, 0x75, 0x73, 0x71,
    0x6e, 0x6b, 0x69, 0x66, 0x65, 0x63, 0x61, 0x60, 0x5f, 0x5d,
    0x5d, 0x5c, 0x5a, 0x5a, 0x58, 0x56, 0x54, 0x52, 0x51, 0x4f,
    0x4d, 0x4b, 0x49, 0x47, 0x45, 0x43, 0x41, 0x40, 0x3f, 0x3e,
    0x3d, 0x3c, 0x3b, 0x39, 0x39, 0x39, 0x3a, 0x3a, 0x3a, 0x3b,
    0x3c, 0x3d, 0x3f, 0x40, 0x41, 0x42, 0x43, 0x43, 0x44, 0x44,
    0x44, 0x44, 0x44, 0x45, 0x45, 0x46, 0x46, 0x47, 0x48, 0x49,
    0x4a, 0x4a, 0x4b, 0x4c, 0x4e, 0x4f, 0x51, 0x53, 0x55, 0x57,
    0x5a, 0x5d, 0x60, 0x63, 0x67, 0x6a, 0x6e, 0x71, 0x74, 0x76,
    0x78, 0x7a, 0x7b, 0x7d, 0x7e, 0x7e, 0x7e, 0x7e, 0x7e, 0x7d,
    0x7d, 0x7d, 0x7c, 0x7c, 0x7b, 0x7c, 0x7d, 0x7e, 0x80, 0x82,
    0x85, 0x88, 0x8a, 0x8d, 0x8f, 0x8f, 0x90, 0x8f, 0x8f, 0x8f,
    0x90, 0x91, 0x93, 0x95, 0x99, 0x9b, 0x9c, 0x9d, 0x9e, 0x9f,
    0x9e, 0x9e, 0x9d, 0x9c, 0x9b, 0x9c, 0x9d, 0x9e, 0x9f, 0xa1,
    0xa3, 0xa5, 0xa6, 0xa7, 0xa7, 0xa8, 0xa9, 0xa9, 0xab, 0xad,
    0xaf, 0xb0, 0xb2, 0xb4, 0xb6, 0xb8, 0xb9, 0xba, 0xbb, 0xbc,
    0xbd, 0xbe, 0xbf, 0xc0, 0xc1, 0xc2, 0xc3, 0xc3, 0xc4, 0xc5,
    0xc5, 0xc5, 0xc5, 0xc4, 0xc3, 0xc2, 0xc2, 0xc1, 0xc0, 0xbf,
    0xbe, 0xbe, 0xbd, 0xbd, 0xbd, 0xbd, 0xbd, 0xbc, 0xbc, 0xbc,
    0xbd, 0xbd, 0xbd, 0xbc, 0xbc, 0xbc, 0xbb, 0xbc, 0xbc, 0xbc,
    0xbb, 0xb8, 0xb5, 0xb2, 0xaf, 0xab, 0xa7, 0xa4, 0xa2, 0xa1,
    0xa1, 0xa0, 0x9f, 0x9f, 0x9e, 0x9d, 0x9b, 0x99, 0x97, 0x95,
    0x94, 0x93, 0x93, 0x92, 0x92, 0x92, 0x91, 0x91, 0x91, 0x90,
    0x8e, 0x8d, 0x8b, 0x89, 0x86, 0x83, 0x7f, 0x7c, 0x78, 0x76,
    0x73, 0x71, 0x6e, 0x6a, 0x68, 0x65, 0x63, 0x61, 0x5f, 0x5d,
    0x5b, 0x59, 0x58, 0x57, 0x56, 0x55, 0x53, 0x51, 0x4e, 0x4c,
    0x49, 0x47, 0x45, 0x43, 0x41, 0x3e, 0x3c, 0x39, 0x38, 0x36,
    0x35, 0x34, 0x32, 0x32, 0x31, 0x30, 0x2f, 0x2e, 0x2d, 0x2d,
    0x2d, 0x2d, 0x2d, 0x2e, 0x2f, 0x30, 0x31, 0x32, 0x32, 0x32,
    0x31, 0x31, 0x30, 0x30, 0x2f, 0x2e, 0x2e, 0x2f, 0x2f, 0x30,
    0x31, 0x32, 0x34, 0x35, 0x36, 0x37, 0x39, 0x3a, 0x3c, 0x3d,
    0x3f, 0x41, 0x44, 0x47, 0x4b, 0x4f, 0x53, 0x57, 0x5a, 0x5e,
    0x61, 0x63, 0x64, 0x64, 0x65, 0x65, 0x65, 0x65, 0x65, 0x64,
    0x64, 0x63, 0x64, 0x64, 0x64, 0x64, 0x65, 0x67, 0x68, 0x69,
    0x6a, 0x6a, 0x6b, 0x6c, 0x6e, 0x70, 0x71, 0x73, 0x75, 0x77,
    0x79, 0x7b, 0x7c, 0x7d, 0x7e, 0x80, 0x81, 0x82, 0x83, 0x86,
    0x88, 0x8a, 0x8c, 0x8d, 0x8d, 0x8e, 0x8f, 0x8f, 0x90, 0x90,
    0x90, 0x90, 0x91, 0x92, 0x93, 0x95, 0x97, 0x98, 0x9a, 0x9d,
    0x9f, 0xa0, 0xa2, 0xa3, 0xa5, 0xa6, 0xa7, 0xa8, 0xaa, 0xac,
    0xad, 0xaf, 0xb0, 0xb2, 0xb3, 0xb4, 0xb4, 0xb5, 0xb7, 0xb9,
    0xbc, 0xbe, 0xc1, 0xc3, 0xc4, 0xc6, 0xc6, 0xc7, 0xc6, 0xc6,
    0xc6, 0xc6, 0xc6, 0xc6, 0xc6, 0xc7, 0xc7, 0xc7, 0xc8, 0xc9,
    0xca, 0xca, 0xca, 0xca, 0xca, 0xc9, 0xc9, 0xc9, 0xc9, 0xc9,
    0xc9, 0xc9, 0xc8, 0xc9, 0xc8, 0xc8, 0xc6, 0xc3, 0xc1, 0xbf,
    0xbc, 0xbb, 0xb9, 0xb8, 0xb6, 0xb5, 0xb3, 0xb1, 0xb0, 0xaf,
    0xae, 0xad, 0xac, 0xab, 0xa9, 0xa8, 0xa7, 0xa6, 0xa5, 0xa4,
    0xa4, 0xa4, 0xa3, 0xa3, 0xa2, 0xa1, 0xa0, 0x9e, 0x9c, 0x99,
    0x97, 0x94, 0x91, 0x8e, 0x8d, 0x8a, 0x88, 0x86, 0x84, 0x81,
    0x7e, 0x7b, 0x79, 0x76, 0x74, 0x73, 0x71, 0x6e, 0x6c, 0x6a,
    0x68, 0x65, 0x62, 0x5f, 0x5c, 0x58, 0x55, 0x51, 0x4d, 0x49,
    0x46, 0x44, 0x42, 0x41, 0x41, 0x41, 0x41, 0x41, 0x40, 0x3f,
    0x3f, 0x3e, 0x3e, 0x3f, 0x3f, 0x3f, 0x41, 0x42, 0x44, 0x45,
    0x46, 0x46, 0x46, 0x46, 0x46, 0x45, 0x44, 0x44, 0x44, 0x44,
    0x44, 0x44, 0x44, 0x44, 0x45, 0x46, 0x47, 0x47, 0x47, 0x46,
    0x46, 0x47, 0x47, 0x48, 0x4a, 0x4c, 0x4e, 0x51, 0x54, 0x57,
    0x59, 0x5c, 0x5e, 0x61, 0x62, 0x63, 0x65, 0x66, 0x67, 0x68,
    0x69, 0x69, 0x69, 0x6a, 0x6a, 0x6b, 0x6a, 0x69, 0x69, 0x69,
    0x69, 0x6a, 0x6a, 0x6b, 0x6d, 0x6f, 0x72, 0x74, 0x77, 0x79,
    0x7b, 0x7c, 0x7d, 0x7d, 0x7e, 0x7e, 0x7e, 0x7f, 0x80, 0x82,
    0x84, 0x86, 0x88, 0x88, 0x88, 0x88, 0x87, 0x87, 0x86, 0x85,
    0x84, 0x84, 0x84, 0x85, 0x86, 0x87, 0x88, 0x8a, 0x8b, 0x8d,
    0x8e, 0x8f, 0x90, 0x91, 0x93, 0x94, 0x96, 0x98, 0x9a, 0x9c,
    0x9f, 0xa2, 0xa4, 0xa6, 0xa7, 0xa8, 0xa8, 0xa9, 0xaa, 0xab,
    0xad, 0xaf, 0xb1, 0xb3, 0xb5, 0xb6, 0xb6, 0xb5, 0xb5, 0xb4,
    0xb3, 0xb2, 0xb2, 0xb2, 0xb1, 0xb2, 0xb2, 0xb2, 0xb3, 0xb4,
    0xb5, 0xb6, 0xb6, 0xb7, 0xb7, 0xb7, 0xb8, 0xb9, 0xba, 0xbb,
    0xbc, 0xbd, 0xbd, 0xbe, 0xbd, 0xbc, 0xbb, 0xba, 0xb8, 0xb6,
    0xb4, 0xb3, 0xb1, 0xb0, 0xae, 0xab, 0xaa, 0xa9, 0xa8, 0xa8,
    0xa8, 0xa8, 0xa7, 0xa7, 0xa8, 0xa8, 0xa7, 0xa6, 0xa6, 0xa7,
    0xa7, 0xa7, 0xa7, 0xa6, 0xa5, 0xa4, 0xa3, 0xa0, 0x9e, 0x9c,
    0x99, 0x96, 0x93, 0x90, 0x8d, 0x89, 0x86, 0x84, 0x81, 0x7e,
    0x7b, 0x79, 0x76, 0x75, 0x73, 0x71, 0x70, 0x70, 0x6f, 0x6e,
    0x6d, 0x6c, 0x6b, 0x69, 0x68, 0x66, 0x64, 0x62, 0x60, 0x5e,
    0x5c, 0x5a, 0x59, 0x57, 0x56, 0x55, 0x53, 0x51, 0x50, 0x4e,
    0x4d, 0x4b, 0x4a, 0x49, 0x48, 0x48, 0x47, 0x48, 0x48, 0x49,
    0x49, 0x49, 0x49, 0x48, 0x47, 0x47, 0x47, 0x46, 0x46, 0x46,
    0x45, 0x45, 0x45, 0x45, 0x45, 0x45, 0x46, 0x47, 0x48, 0x4a,
    0x4a, 0x4b, 0x4a, 0x4a, 0x4a, 0x4b, 0x4c, 0x4e, 0x51, 0x54,
    0x56, 0x59, 0x5b, 0x5d, 0x5f, 0x60, 0x62, 0x63, 0x63, 0x63,
    0x63, 0x63, 0x63, 0x63, 0x63, 0x63, 0x63, 0x63, 0x63, 0x62,
    0x61, 0x5f, 0x5f, 0x60, 0x61, 0x62, 0x63, 0x64, 0x65, 0x66,
    0x68, 0x6a, 0x6b, 0x6c, 0x6e, 0x70, 0x70, 0x71, 0x71, 0x72,
    0x73, 0x74, 0x75, 0x77, 0x78, 0x79, 0x79, 0x79, 0x78, 0x77,
    0x77, 0x78, 0x78, 0x78, 0x78, 0x78, 0x79, 0x79, 0x7b, 0x7b,
    0x7d, 0x7e, 0x80, 0x82, 0x84, 0x86, 0x88, 0x8a, 0x8b, 0x8c,
    0x8e, 0x8f, 0x90, 0x92, 0x94, 0x97, 0x98, 0x9a, 0x9b, 0x9c,
    0x9d, 0x9e, 0xa0, 0xa1, 0xa4, 0xa6, 0xa8, 0xa9, 0xaa, 0xaa,
    0xaa, 0xaa, 0xa9, 0xa9, 0xa8, 0xa8, 0xa9, 0xa9, 0xa9, 0xaa,
    0xab, 0xac, 0xad, 0xae, 0xae, 0xaf, 0xaf, 0xb0, 0xb0, 0xb0,
    0xb0, 0xb1, 0xb1, 0xb1, 0xb1, 0xb1, 0xb0, 0xb0, 0xb0, 0xb0,
    0xb0, 0xb0, 0xb0, 0xae, 0xac, 0xa9, 0xa7, 0xa4, 0xa2, 0xa0,
    0x9e, 0x9d, 0x9c, 0x9b, 0x9a, 0x99, 0x98, 0x98, 0x97, 0x96,
    0x95, 0x94, 0x94, 0x93, 0x93, 0x94, 0x94, 0x94, 0x95, 0x95,
    0x96, 0x95, 0x94, 0x93, 0x92, 0x90, 0x8f, 0x8c, 0x8a, 0x87,
    0x84, 0x81, 0x7f, 0x7d, 0x7b, 0x79, 0x77, 0x75, 0x74, 0x73,
    0x72, 0x71, 0x70, 0x6e, 0x6c, 0x6a, 0x67, 0x65, 0x63, 0x61,
    0x5e, 0x5c, 0x5a, 0x57, 0x56, 0x53, 0x52, 0x51, 0x51, 0x51,
    0x51, 0x51, 0x51, 0x50, 0x50, 0x4f, 0x4f, 0x50, 0x50, 0x50,
    0x50, 0x51, 0x51, 0x52, 0x52, 0x53, 0x53, 0x52, 0x52, 0x51,
    0x50, 0x4f, 0x4f, 0x4f, 0x4f, 0x4f, 0x4e, 0x4e, 0x4f, 0x50,
    0x50, 0x51, 0x51, 0x52, 0x52, 0x52, 0x52, 0x53, 0x54, 0x55,
    0x56, 0x59, 0x5b, 0x5e, 0x60, 0x62, 0x64, 0x65, 0x66, 0x66,
    0x67, 0x68, 0x69, 0x69, 0x69, 0x6a, 0x6b, 0x6b, 0x6b, 0x6b,
    0x6b, 0x6b, 0x6b, 0x6b, 0x6c, 0x6d, 0x6f, 0x71, 0x72, 0x73,
    0x75, 0x76, 0x77, 0x79, 0x7b, 0x7d, 0x7d, 0x7e, 0x7d, 0x7d,
    0x7d, 0x7e, 0x80, 0x81, 0x82, 0x84, 0x84, 0x84, 0x83, 0x83,
    0x83, 0x83, 0x83, 0x83, 0x83, 0x84, 0x85, 0x86, 0x87, 0x89,
    0x8b, 0x8d, 0x8f, 0x91, 0x93, 0x95, 0x96, 0x98, 0x9a, 0x9b,
    0x9c, 0x9e, 0xa0, 0xa2, 0xa4, 0xa6, 0xa8, 0xaa, 0xab, 0xac,
    0xac, 0xad, 0xad, 0xad, 0xae, 0xae, 0xaf, 0xb0, 0xb1, 0xb2,
    0xb1, 0xb1, 0xb0, 0xaf, 0xaf, 0xb0, 0xb0, 0xb0, 0xb0, 0xb0,
    0xb1, 0xb1, 0xb1, 0xb1, 0xb2, 0xb2, 0xb2, 0xb2, 0xb3, 0xb3,
    0xb3, 0xb4, 0xb4, 0xb5, 0xb5, 0xb5, 0xb5, 0xb5, 0xb4, 0xb2,
    0xb0, 0xaf, 0xae, 0xad, 0xab, 0xa8, 0xa7, 0xa6, 0xa4, 0xa2,
    0xa1, 0x9f, 0x9d, 0x9b, 0x9a, 0x98, 0x97, 0x97, 0x97, 0x97,
    0x97, 0x97, 0x97, 0x97, 0x97, 0x97, 0x98, 0x97, 0x96, 0x95,
    0x94, 0x93, 0x91, 0x8f, 0x8e, 0x8c, 0x8b, 0x89, 0x87, 0x85,
    0x82, 0x80, 0x7d, 0x7a, 0x77, 0x75, 0x73, 0x71, 0x71, 0x70,
    0x70, 0x70, 0x6f, 0x6e, 0x6c, 0x6a, 0x68, 0x66, 0x65, 0x64,
    0x63, 0x61, 0x60, 0x5e, 0x5c, 0x5a, 0x57, 0x55, 0x54, 0x53,
    0x52, 0x52, 0x51, 0x50, 0x4e, 0x4d, 0x4c, 0x4b, 0x4b, 0x4a,
    0x4a, 0x4a, 0x4a, 0x4a, 0x4a, 0x4a, 0x4a, 0x4b, 0x4b, 0x4b,
    0x4b, 0x4c, 0x4c, 0x4c, 0x4d, 0x4e, 0x4e, 0x4f, 0x4f, 0x4f,
    0x4f, 0x50, 0x51, 0x53, 0x55, 0x56, 0x58, 0x59, 0x5a, 0x5b,
    0x5b, 0x5c, 0x5d, 0x5e, 0x60, 0x63, 0x66, 0x68, 0x6b, 0x6d,
    0x6e, 0x6f, 0x6f, 0x70, 0x71, 0x72, 0x73, 0x74, 0x75, 0x76,
    0x77, 0x78, 0x79, 0x7a, 0x7b, 0x7c, 0x7d, 0x7d, 0x7e, 0x7f,
    0x80, 0x80, 0x81, 0x82, 0x83, 0x84, 0x85, 0x87, 0x89, 0x8b,
    0x8d, 0x8e, 0x8e, 0x8e, 0x8f, 0x90, 0x90, 0x91, 0x91, 0x92,
    0x94, 0x94, 0x94, 0x94, 0x94, 0x94, 0x94, 0x93, 0x92, 0x92,
    0x93, 0x93, 0x94, 0x95, 0x97, 0x99, 0x9b, 0x9d, 0x9f, 0xa1,
    0xa3, 0xa4, 0xa6, 0xa6, 0xa7, 0xa8, 0xa9, 0xaa, 0xab, 0xac,
    0xad, 0xaf, 0xb0, 0xb1, 0xb2, 0xb2, 0xb3, 0xb2, 0xb2, 0xb2,
    0xb2, 0xb2, 0xb3, 0xb3, 0xb3, 0xb2, 0xb2, 0xb1, 0xb1, 0xb0,
    0xb0, 0xaf, 0xb0, 0xb0, 0xb1, 0xb2, 0xb2, 0xb2, 0xb2, 0xb1,
    0xb0, 0xb0, 0xaf, 0xaf, 0xae, 0xae, 0xae, 0xad, 0xac, 0xac,
    0xaa, 0xa9, 0xa7, 0xa5, 0xa3, 0xa1, 0x9f, 0x9d, 0x9c, 0x9b,
    0x9a, 0x98, 0x96, 0x94, 0x92, 0x90, 0x8e, 0x8c, 0x8b, 0x8a,
    0x8a, 0x89, 0x89, 0x88, 0x88, 0x88, 0x88, 0x87, 0x87, 0x87,
    0x87, 0x87, 0x86, 0x85, 0x83, 0x82, 0x80, 0x7d, 0x7b, 0x79,
    0x76, 0x74, 0x71, 0x6e, 0x6b, 0x68, 0x65, 0x63, 0x60, 0x5f,
    0x5d, 0x5c, 0x5b, 0x5a, 0x59, 0x58, 0x56, 0x53, 0x52, 0x4f,
    0x4e, 0x4c, 0x4a, 0x49, 0x47, 0x45, 0x43, 0x41, 0x40, 0x3e,
    0x3d, 0x3b, 0x3a, 0x39, 0x38, 0x37, 0x36, 0x36, 0x36, 0x36,
    0x35, 0x35, 0x36, 0x35, 0x36, 0x36, 0x36, 0x37, 0x37, 0x38,
    0x38, 0x39, 0x3a, 0x3a, 0x3a, 0x3a, 0x3a, 0x3a, 0x39, 0x38,
    0x38, 0x39, 0x3a, 0x3b, 0x3d, 0x3f, 0x43, 0x46, 0x48, 0x4a,
    0x4a, 0x4a, 0x4a, 0x4a, 0x4b, 0x4d, 0x50, 0x53, 0x55, 0x57,
    0x59, 0x5b, 0x5c, 0x5d, 0x5d, 0x5d, 0x5c, 0x5c, 0x5b, 0x5c,
    0x5d, 0x5e, 0x60, 0x62, 0x64, 0x66, 0x68, 0x6a, 0x6c, 0x6c,
    0x6d, 0x6d, 0x6e, 0x6f, 0x70, 0x73, 0x75, 0x77, 0x79, 0x7b,
    0x7e, 0x80, 0x82, 0x84, 0x87, 0x88, 0x8b, 0x8c, 0x8d, 0x8e,
    0x90, 0x91, 0x91, 0x91, 0x91, 0x91, 0x90, 0x8f, 0x8e, 0x8d,
    0x8d, 0x8c, 0x8b, 0x8b, 0x8b, 0x8c, 0x8d, 0x8e, 0x90, 0x92,
    0x95, 0x98, 0x9c, 0x9f, 0xa2, 0xa5, 0xa7, 0xa8, 0xaa, 0xab,
    0xac, 0xad, 0xaf, 0xb1, 0xb3, 0xb5, 0xb7, 0xb9, 0xbb, 0xbc,
    0xbc, 0xbd, 0xbd, 0xbd, 0xbd, 0xbe, 0xbf, 0xc0, 0xc0, 0xc1,
    0xc1, 0xc2, 0xc2, 0xc2, 0xc2, 0xc3, 0xc5, 0xc6, 0xc8, 0xc8,
    0xc9, 0xc9, 0xc8, 0xc8, 0xc8, 0xc9, 0xc8, 0xc8, 0xc8, 0xc8,
    0xc8, 0xc7, 0xc6, 0xc5, 0xc4, 0xc3, 0xc1, 0xc0, 0xbe, 0xbd,
    0xbb, 0xbb, 0xb9, 0xb9, 0xb7, 0xb6, 0xb4, 0xb3, 0xb1, 0xaf,
    0xae, 0xad, 0xac, 0xab, 0xaa, 0xa9, 0xa8, 0xa8, 0xa7, 0xa7,
    0xa7, 0xa7, 0xa7, 0xa7, 0xa6, 0xa5, 0xa4, 0xa2, 0xa0, 0x9e,
    0x9d, 0x9b, 0x9a, 0x98, 0x96, 0x94, 0x92, 0x90, 0x8e, 0x8c,
    0x8a, 0x87, 0x85, 0x83, 0x81, 0x80, 0x7f, 0x7e, 0x7d, 0x7c,
    0x7a, 0x79, 0x76, 0x74, 0x71, 0x6e, 0x6c, 0x69, 0x67, 0x64,
    0x62, 0x60, 0x5e, 0x5d, 0x5b, 0x59, 0x57, 0x56, 0x55, 0x54,
    0x53, 0x52, 0x52, 0x51, 0x51, 0x51, 0x51, 0x50, 0x4f, 0x4f,
    0x4e, 0x4e, 0x4e, 0x4d, 0x4d, 0x4d, 0x4d, 0x4c, 0x4c, 0x4b,
    0x4b, 0x4a, 0x4b, 0x4b, 0x4b, 0x4b, 0x4c, 0x4d, 0x4e, 0x4f,
    0x50, 0x50, 0x51, 0x51, 0x51, 0x51, 0x51, 0x51, 0x52, 0x53,
    0x54, 0x56, 0x57, 0x58, 0x5a, 0x5b, 0x5c, 0x5c, 0x5d, 0x5d,
    0x5c, 0x5c, 0x5c, 0x5d, 0x5e, 0x5f, 0x60, 0x62, 0x63, 0x65,
    0x66, 0x68, 0x69, 0x6a, 0x6a, 0x6b, 0x6c, 0x6d, 0x6e, 0x70,
    0x71, 0x72, 0x74, 0x75, 0x76, 0x77, 0x78, 0x7a, 0x7a, 0x7b,
    0x7a, 0x79, 0x79, 0x79, 0x79, 0x79, 0x7a, 0x7b, 0x7b, 0x7c,
    0x7c, 0x7c, 0x7c, 0x7c, 0x7c, 0x7d, 0x7d, 0x7e, 0x7f, 0x80,
    0x82, 0x83, 0x85, 0x86, 0x89, 0x8b, 0x8d, 0x8f, 0x91, 0x93,
    0x94, 0x96, 0x96, 0x97, 0x98, 0x98, 0x99, 0x9a, 0x9b, 0x9d,
    0x9f, 0xa0, 0xa0, 0xa1, 0xa1, 0xa2, 0xa2, 0xa2, 0xa2, 0xa3,
    0xa4, 0xa5, 0xa6, 0xa7, 0xa8, 0xa8, 0xa8, 0xa8, 0xa8, 0xa9,
    0xa9, 0xa9, 0xa8, 0xa8, 0xa8, 0xa8, 0xa8, 0xa8, 0xa9, 0xa9,
    0xa9, 0xaa, 0xaa, 0xaa, 0xaa, 0xa9, 0xa8, 0xa7, 0xa5, 0xa4,
    0xa2, 0xa1, 0xa0, 0x9e, 0x9d, 0x9c, 0x9b, 0x9a, 0x98, 0x97,
    0x96, 0x94, 0x93, 0x91, 0x90, 0x8e, 0x8e, 0x8d, 0x8c, 0x8c,
    0x8c, 0x8c, 0x8d, 0x8d, 0x8e, 0x8e, 0x8e, 0x8e, 0x8d, 0x8d,
    0x8c, 0x8b, 0x8a, 0x89, 0x88, 0x87, 0x85, 0x83, 0x82, 0x80,
    0x7e, 0x7d, 0x7b, 0x79, 0x76, 0x74, 0x72, 0x70, 0x6f, 0x6d,
    0x6c, 0x6a, 0x69, 0x67, 0x65, 0x64, 0x62, 0x60, 0x5e, 0x5c,
    0x5a, 0x57, 0x56, 0x54, 0x53, 0x52, 0x51, 0x50, 0x4f, 0x4e,
    0x4c, 0x4b, 0x4b, 0x4b, 0x4b, 0x4b, 0x4c, 0x4c, 0x4d, 0x4d,
    0x4e, 0x4e, 0x4f, 0x4f, 0x50, 0x50, 0x51, 0x50, 0x50, 0x4f,
    0x4f, 0x4f, 0x4f, 0x4f, 0x4f, 0x4f, 0x4e, 0x4f, 0x4f, 0x4f,
    0x51, 0x52, 0x53, 0x54, 0x55, 0x55, 0x56, 0x56, 0x55, 0x56,
    0x56, 0x57, 0x58, 0x5a, 0x5b, 0x5d, 0x5e, 0x5f, 0x61, 0x62,
    0x63, 0x64, 0x65, 0x66, 0x67, 0x68, 0x69, 0x6b, 0x6c, 0x6e,
    0x6f, 0x71, 0x72, 0x73, 0x75, 0x75, 0x76, 0x76, 0x77, 0x77,
    0x78, 0x79, 0x7b, 0x7d, 0x7e, 0x80, 0x81, 0x83, 0x84, 0x85,
    0x86, 0x87, 0x87, 0x86, 0x86, 0x85, 0x85, 0x85, 0x85, 0x84,
    0x85, 0x85, 0x85, 0x85, 0x86, 0x86, 0x86, 0x87, 0x87, 0x89,
    0x8a, 0x8b, 0x8e, 0x90, 0x91, 0x94, 0x97, 0x9a, 0x9d, 0xa0,
    0xa3, 0xa5, 0xa6, 0xa6, 0xa7, 0xa7, 0xa7, 0xa7, 0xa8, 0xa8,
    0xa9, 0xaa, 0xab, 0xac, 0xac, 0xac, 0xac, 0xac, 0xac, 0xac,
    0xab, 0xab, 0xab, 0xab, 0xac, 0xad, 0xae, 0xb0, 0xb1, 0xb2,
    0xb2, 0xb3, 0xb3, 0xb3, 0xb3, 0xb4, 0xb4, 0xb4, 0xb5, 0xb6,
    0xb6, 0xb6, 0xb6, 0xb6, 0xb7, 0xb7, 0xb7, 0xb6, 0xb5, 0xb4,
    0xb2, 0xb0, 0xae, 0xac, 0xab, 0xaa, 0xa9, 0xa8, 0xa6, 0xa5,
    0xa4, 0xa2, 0xa0, 0x9f, 0x9d, 0x9c, 0x9b, 0x99, 0x99, 0x98,
    0x98, 0x98, 0x98, 0x99, 0x9a, 0x9a, 0x9a, 0x99, 0x99, 0x98,
    0x98, 0x97, 0x96, 0x95, 0x94, 0x93, 0x91, 0x8f, 0x8c, 0x89,
    0x87, 0x85, 0x83, 0x81, 0x80, 0x7e, 0x7c, 0x7b, 0x79, 0x78,
    0x76, 0x75, 0x74, 0x72, 0x70, 0x6e, 0x6d, 0x6b, 0x6a, 0x69,
    0x68, 0x66, 0x65, 0x64, 0x62, 0x61, 0x60, 0x5e, 0x5c, 0x5a,
    0x59, 0x57, 0x55, 0x54, 0x53, 0x52, 0x51, 0x51, 0x50, 0x4f,
    0x4f, 0x4e, 0x4d, 0x4c, 0x4b, 0x4b, 0x4a, 0x49, 0x49, 0x49,
    0x48, 0x48, 0x48, 0x47, 0x47, 0x47, 0x47, 0x47, 0x47, 0x47,
    0x48, 0x48, 0x49, 0x4a, 0x4c, 0x4d, 0x4e, 0x4f, 0x50, 0x51,
    0x51, 0x52, 0x52, 0x53, 0x54, 0x54, 0x56, 0x57, 0x58, 0x5a,
    0x5b, 0x5b, 0x5c, 0x5c, 0x5d, 0x5d, 0x5d, 0x5e, 0x5e, 0x5f,
    0x60, 0x61, 0x63, 0x65, 0x68, 0x69, 0x6a, 0x6b, 0x6c, 0x6d,
    0x6d, 0x6e, 0x6e, 0x70, 0x71, 0x73, 0x75, 0x77, 0x79, 0x7a,
    0x7c, 0x7e, 0x80, 0x82, 0x84, 0x85, 0x86, 0x87, 0x86, 0x87,
    0x87, 0x88, 0x89, 0x8a, 0x8b, 0x8c, 0x8d, 0x8d, 0x8e, 0x8e,
    0x8e, 0x8e, 0x8f, 0x90, 0x91, 0x92, 0x93, 0x94, 0x95, 0x97,
    0x99, 0x9b, 0x9e, 0xa0, 0xa2, 0xa4, 0xa4, 0xa5, 0xa6, 0xa7,
    0xa7, 0xa8, 0xa8, 0xa9, 0xa9, 0xaa, 0xab, 0xab, 0xac, 0xac,
    0xac, 0xac, 0xac, 0xac, 0xac, 0xac, 0xad, 0xad, 0xae, 0xaf,
    0xb0, 0xb0, 0xb1, 0xb2, 0xb2, 0xb2, 0xb2, 0xb2, 0xb2, 0xb2,
    0xb2, 0xb2, 0xb2, 0xb1, 0xb1, 0xb0, 0xaf, 0xae, 0xae, 0xad,
    0xac, 0xab, 0xaa, 0xa8, 0xa7, 0xa6, 0xa5, 0xa2, 0xa1, 0xa0,
    0x9e, 0x9d, 0x9c, 0x9b, 0x9a, 0x99, 0x98, 0x97, 0x96, 0x95,
    0x94, 0x93, 0x92, 0x91, 0x91, 0x90, 0x90, 0x90, 0x90, 0x90,
    0x8f, 0x8e, 0x8f, 0x8f, 0x8e, 0x8d, 0x8c, 0x8b, 0x8a, 0x89,
    0x87, 0x85, 0x83, 0x81, 0x80, 0x7e, 0x7d, 0x7b, 0x7a, 0x79,
    0x76, 0x74, 0x73, 0x71, 0x71, 0x6f, 0x6e, 0x6d, 0x6c, 0x6b,
    0x6a, 0x68, 0x67, 0x66, 0x65, 0x64, 0x64, 0x63, 0x61, 0x60,
    0x5e, 0x5d, 0x5b, 0x5a, 0x59, 0x59, 0x58, 0x58, 0x58, 0x58,
    0x57, 0x57, 0x57, 0x57, 0x57, 0x56, 0x57, 0x57, 0x56, 0x57,
    0x57, 0x58, 0x58, 0x58, 0x58, 0x58, 0x58, 0x58, 0x59, 0x59,
    0x59, 0x59, 0x59, 0x5a, 0x5a, 0x5b, 0x5d, 0x5e, 0x5e, 0x5f,
    0x60, 0x61, 0x62, 0x62, 0x63, 0x63, 0x64, 0x64, 0x65, 0x65,
    0x66, 0x67, 0x68, 0x68, 0x68, 0x69, 0x69, 0x6a, 0x6b, 0x6b,
    0x6c, 0x6c, 0x6d, 0x6e, 0x6e, 0x6f, 0x70, 0x71, 0x73, 0x74,
    0x74, 0x75, 0x75, 0x76, 0x76, 0x77, 0x77, 0x79, 0x79, 0x7b,
    0x7c, 0x7e, 0x7f, 0x80, 0x80, 0x81, 0x82, 0x82, 0x83, 0x83,
    0x83, 0x83, 0x83, 0x83, 0x82, 0x81, 0x81, 0x80, 0x80, 0x80,
    0x81, 0x81, 0x82, 0x82, 0x83, 0x84, 0x85, 0x85, 0x87, 0x88,
    0x89, 0x8b, 0x8c, 0x8d, 0x8e, 0x8f, 0x91, 0x92, 0x93, 0x94,
    0x95, 0x96, 0x96, 0x96, 0x96, 0x96, 0x96, 0x96, 0x96, 0x97,
    0x97, 0x96, 0x96, 0x96, 0x96, 0x95, 0x95, 0x96, 0x96, 0x97,
    0x98, 0x99, 0x9a, 0x9b, 0x9b, 0x9c, 0x9c, 0x9c, 0x9c, 0x9d,
    0x9d, 0x9e, 0x9d, 0x9e, 0x9d, 0x9e, 0x9e, 0x9e, 0x9e, 0x9e,
    0x9e, 0x9e, 0x9d, 0x9c, 0x9b, 0x9a, 0x9a, 0x99, 0x98, 0x97,
    0x96, 0x94, 0x93, 0x92, 0x91, 0x90, 0x8e, 0x8e, 0x8c, 0x8b,
    0x8b, 0x8a, 0x89, 0x89, 0x88, 0x87, 0x86, 0x86, 0x85, 0x85,
    0x85, 0x85, 0x86, 0x86, 0x86, 0x87, 0x87, 0x86, 0x86, 0x85,
    0x85, 0x83, 0x82, 0x81, 0x80, 0x7f, 0x7e, 0x7d, 0x7c, 0x7b,
    0x7a, 0x79, 0x78, 0x77, 0x76, 0x75, 0x74, 0x74, 0x72, 0x71,
    0x70, 0x70, 0x6f, 0x6e, 0x6d, 0x6c, 0x6b, 0x6b, 0x6a, 0x69,
    0x68, 0x67, 0x67, 0x66, 0x65, 0x64, 0x63, 0x61, 0x60, 0x5f,
    0x5e, 0x5e, 0x5d, 0x5d, 0x5e, 0x5f, 0x60, 0x61, 0x61, 0x61,
    0x62, 0x63, 0x63, 0x63, 0x63, 0x63, 0x64, 0x64, 0x65, 0x65,
    0x66, 0x66, 0x67, 0x67, 0x68, 0x68, 0x69, 0x69, 0x6a, 0x6a,
    0x6b, 0x6b, 0x6c, 0x6d, 0x6e, 0x6f, 0x6f, 0x70, 0x71, 0x72,
    0x73, 0x74, 0x75, 0x76, 0x77, 0x78, 0x79, 0x79, 0x7a, 0x7b,
    0x7b, 0x7c, 0x7d, 0x7d, 0x7d, 0x7e, 0x7e, 0x7e, 0x80, 0x81,
    0x82, 0x83, 0x85, 0x86, 0x87, 0x88, 0x88, 0x89, 0x89, 0x89,
    0x8a, 0x8b, 0x8c, 0x8d, 0x8e, 0x8f, 0x90, 0x90, 0x91, 0x91,
    0x92, 0x92, 0x92, 0x93, 0x93, 0x94, 0x95, 0x95, 0x96, 0x96,
    0x96, 0x95, 0x95, 0x95, 0x95, 0x95, 0x95, 0x96, 0x96, 0x97,
    0x98, 0x98, 0x99, 0x99, 0x9a, 0x9a, 0x9b, 0x9b, 0x9c, 0x9d,
    0x9e, 0x9f, 0xa0, 0xa1, 0xa1, 0xa2, 0xa3, 0xa3, 0xa4, 0xa3,
    0xa2, 0xa2, 0xa2, 0xa1, 0xa0, 0x9f, 0x9f, 0x9f, 0x9f, 0x9f,
    0x9f, 0x9f, 0x9f, 0x9f, 0xa0, 0xa0, 0xa1, 0xa2, 0xa2, 0xa3,
    0xa3, 0xa3, 0xa4, 0xa4, 0xa4, 0xa5, 0xa5, 0xa4, 0xa4, 0xa3,
    0xa3, 0xa2, 0xa2, 0xa0, 0x9f, 0x9e, 0x9d, 0x9b, 0x9a, 0x98,
    0x97, 0x95, 0x94, 0x93, 0x91, 0x90, 0x8e, 0x8d, 0x8c, 0x8b,
    0x8a, 0x88, 0x87, 0x86, 0x85, 0x84, 0x83, 0x81, 0x81, 0x80,
    0x7f, 0x7e, 0x7e, 0x7d, 0x7c, 0x7c, 0x7c, 0x7b, 0x7a, 0x79,
    0x79, 0x78, 0x77, 0x77, 0x76, 0x75, 0x75, 0x74, 0x73, 0x71,
    0x70, 0x6f, 0x6d, 0x6b, 0x6a, 0x68, 0x67, 0x65, 0x64, 0x62,
    0x61, 0x60, 0x5f, 0x5d, 0x5c, 0x5b, 0x5a, 0x5a, 0x59, 0x58,
    0x58, 0x58, 0x57, 0x56, 0x55, 0x54, 0x53, 0x52, 0x51, 0x50,
    0x4f, 0x4f, 0x4d, 0x4d, 0x4c, 0x4c, 0x4b, 0x4b, 0x4b, 0x4a,
    0x4a, 0x4a, 0x4a, 0x4a, 0x4a, 0x4b, 0x4c, 0x4c, 0x4c, 0x4c,
    0x4d, 0x4d, 0x4d, 0x4d, 0x4d, 0x4e, 0x4e, 0x4f, 0x50, 0x50,
    0x51, 0x52, 0x53, 0x54, 0x55, 0x56, 0x57, 0x58, 0x59, 0x59,
    0x5a, 0x5b, 0x5c, 0x5d, 0x5e, 0x60, 0x61, 0x62, 0x63, 0x64,
    0x65, 0x66, 0x67, 0x68, 0x69, 0x69, 0x6a, 0x6a, 0x6b, 0x6c,
    0x6d, 0x6e, 0x6f, 0x70, 0x71, 0x72, 0x73, 0x74, 0x75, 0x76,
    0x77, 0x77, 0x78, 0x7a, 0x7b, 0x7d, 0x7e, 0x80, 0x81, 0x82,
    0x83, 0x85, 0x86, 0x87, 0x89, 0x89, 0x8b, 0x8c, 0x8d, 0x8e,
    0x8f, 0x90, 0x91, 0x91, 0x92, 0x92, 0x93, 0x94, 0x95, 0x96,
    0x97, 0x97, 0x98, 0x99, 0x9a, 0x9b, 0x9c, 0x9d, 0x9d, 0x9e,
    0x9f, 0xa0, 0xa0, 0xa1, 0xa2, 0xa3, 0xa3, 0xa4, 0xa5, 0xa5,
    0xa6, 0xa6, 0xa7, 0xa7, 0xa8, 0xa8, 0xa9, 0xaa, 0xab, 0xab,
    0xac, 0xac, 0xad, 0xae, 0xaf, 0xaf, 0xb0, 0xb1, 0xb1, 0xb2,
    0xb2, 0xb2, 0xb3, 0xb3, 0xb3, 0xb3, 0xb3, 0xb3, 0xb4, 0xb4,
    0xb4, 0xb4, 0xb4, 0xb4, 0xb2, 0xb3, 0xb2, 0xb2, 0xb1, 0xb0,
    0xaf, 0xae, 0xad, 0xab, 0xaa, 0xa9, 0xa8, 0xa6, 0xa5, 0xa4,
    0xa2, 0xa1, 0xa0, 0x9f, 0x9e, 0x9d, 0x9d, 0x9c, 0x9b, 0x9b,
    0x9a, 0x9a, 0x99, 0x99, 0x98, 0x97, 0x96, 0x96, 0x95, 0x94,
    0x93, 0x92, 0x91, 0x90, 0x8f, 0x8e, 0x8d, 0x8c, 0x8b, 0x8a,
    0x88, 0x87, 0x85, 0x84, 0x82, 0x81, 0x7f, 0x7d, 0x7c, 0x7a,
    0x79, 0x78, 0x77, 0x75, 0x74, 0x73, 0x72, 0x70, 0x70, 0x6f,
    0x6e, 0x6e, 0x6d, 0x6c, 0x6b, 0x6a, 0x69, 0x69, 0x67, 0x67,
    0x66, 0x65, 0x64, 0x62, 0x62, 0x61, 0x60, 0x5f, 0x5e, 0x5d,
    0x5d, 0x5d, 0x5c, 0x5b, 0x5b, 0x5a, 0x5a, 0x5a, 0x5a, 0x5a,
    0x5a, 0x5a, 0x5a, 0x5a, 0x5a, 0x5a, 0x5a, 0x5a, 0x5a, 0x5a,
    0x5a, 0x5b, 0x5b, 0x5c, 0x5c, 0x5c, 0x5d, 0x5e, 0x5e, 0x5f,
    0x5f, 0x5f, 0x60, 0x60, 0x60, 0x60, 0x60, 0x60, 0x61, 0x61,
    0x61, 0x62, 0x62, 0x62, 0x62, 0x62, 0x62, 0x62, 0x62, 0x62,
    0x62, 0x63, 0x63, 0x63, 0x64, 0x64, 0x65, 0x65, 0x66, 0x66,
    0x67, 0x68, 0x68, 0x68, 0x69, 0x69, 0x6a, 0x6b, 0x6b, 0x6c,
    0x6d, 0x6e, 0x6f, 0x70, 0x71, 0x71, 0x72, 0x73, 0x73, 0x74,
    0x75, 0x76, 0x77, 0x78, 0x78, 0x79, 0x7a, 0x7b, 0x7b, 0x7c,
    0x7d, 0x7d, 0x7e, 0x7e, 0x7f, 0x7f, 0x7f, 0x7f, 0x80, 0x81,
    0x81, 0x82, 0x83, 0x84, 0x85, 0x86, 0x86, 0x87, 0x87, 0x87,
    0x88, 0x88, 0x89, 0x89, 0x8a, 0x89, 0x8a, 0x8a, 0x8b, 0x8b,
    0x8b, 0x8c, 0x8c, 0x8d, 0x8e, 0x8e, 0x90, 0x90, 0x91, 0x92,
    0x92, 0x93, 0x93, 0x94, 0x95, 0x96, 0x97, 0x98, 0x98, 0x99,
    0x9a, 0x9a, 0x9a, 0x9a, 0x9a, 0x9a, 0x9a, 0x99, 0x99, 0x98,
    0x97, 0x97, 0x96, 0x96, 0x95, 0x95, 0x94, 0x94, 0x94, 0x93,
    0x93, 0x92, 0x91, 0x91, 0x90, 0x90, 0x8f, 0x8f, 0x8e, 0x8e,
    0x8e, 0x8d, 0x8e, 0x8d, 0x8d, 0x8d, 0x8c, 0x8c, 0x8c, 0x8b,
    0x8b, 0x8b, 0x8b, 0x8b, 0x8a, 0x8a, 0x89, 0x89, 0x88, 0x88,
    0x88, 0x88, 0x88, 0x87, 0x87, 0x86, 0x85, 0x85, 0x83, 0x82,
    0x82, 0x80, 0x80, 0x7f, 0x7e, 0x7d, 0x7d, 0x7c, 0x7c, 0x7b,
    0x7b, 0x7a, 0x79, 0x79, 0x79, 0x78, 0x78, 0x78, 0x77, 0x77,
    0x77, 0x76, 0x76, 0x75, 0x74, 0x74, 0x73, 0x73, 0x72, 0x72,
    0x72, 0x71, 0x71, 0x71, 0x70, 0x70, 0x70, 0x70, 0x70, 0x70,
    0x70, 0x70, 0x70, 0x71, 0x71, 0x71, 0x72, 0x72, 0x72, 0x72,
    0x72, 0x72, 0x72, 0x73, 0x73, 0x73, 0x73, 0x74, 0x75, 0x75,
    0x75, 0x75, 0x76, 0x76, 0x76, 0x76, 0x76, 0x76, 0x76, 0x77,
    0x78, 0x78, 0x78, 0x78, 0x79, 0x79, 0x7a, 0x7a, 0x7a, 0x7a,
    0x7a, 0x7a, 0x7a, 0x7a, 0x7b, 0x7b, 0x7b, 0x7b, 0x7b, 0x7c,
    0x7d, 0x7d, 0x7e, 0x7e, 0x7f, 0x7f, 0x7f, 0x80, 0x80, 0x81,
    0x81, 0x81, 0x81, 0x81, 0x81, 0x81, 0x81, 0x82, 0x82, 0x82,
    0x82, 0x83, 0x83, 0x84, 0x84, 0x84, 0x85, 0x85, 0x86, 0x86,
    0x86, 0x87, 0x88, 0x88, 0x89, 0x89, 0x8a, 0x8a, 0x8a, 0x8a,
    0x8b, 0x8b, 0x8c, 0x8c, 0x8d, 0x8d, 0x8d, 0x8e, 0x8e, 0x8f,
    0x8f, 0x8f, 0x8f, 0x90, 0x90, 0x8f, 0x8f, 0x8f, 0x8f, 0x8f,
    0x8f, 0x8f, 0x8f, 0x8f, 0x90, 0x90, 0x90, 0x91, 0x91, 0x91,
    0x91, 0x92, 0x92, 0x92, 0x92, 0x92, 0x93, 0x93, 0x94, 0x94,
    0x94, 0x95, 0x95, 0x95, 0x95, 0x95, 0x96, 0x95, 0x96, 0x95,
    0x95, 0x95, 0x95, 0x95, 0x94, 0x93, 0x93, 0x92, 0x92, 0x91,
    0x90, 0x90, 0x8f, 0x8e, 0x8e, 0x8d, 0x8d, 0x8c, 0x8c, 0x8b,
    0x8b, 0x8a, 0x8a, 0x89, 0x89, 0x89, 0x89, 0x89, 0x89, 0x88,
    0x88, 0x88, 0x88, 0x87, 0x87, 0x87, 0x86, 0x86, 0x86, 0x85,
    0x85, 0x85, 0x84, 0x84, 0x83, 0x83, 0x82, 0x82, 0x81, 0x81,
    0x80, 0x7f, 0x7f, 0x7f, 0x7e, 0x7e, 0x7d, 0x7d, 0x7d, 0x7c,
    0x7c, 0x7b, 0x7b, 0x7b, 0x7a, 0x79, 0x79, 0x78, 0x78, 0x77,
    0x77, 0x76, 0x76, 0x75, 0x74, 0x74, 0x73, 0x73, 0x72, 0x72,
    0x72, 0x71, 0x71, 0x71, 0x70, 0x70, 0x70, 0x6f, 0x6f, 0x6f,
    0x6f, 0x6f, 0x6f, 0x6f, 0x6f, 0x6f, 0x70, 0x70, 0x70, 0x70,
    0x70, 0x70, 0x71, 0x71, 0x71, 0x71, 0x72, 0x72, 0x72, 0x73,
    0x73, 0x73, 0x74, 0x74, 0x74, 0x74, 0x74, 0x74, 0x75, 0x75,
    0x75, 0x75, 0x75, 0x76, 0x75, 0x76, 0x76, 0x76, 0x76, 0x76,
    0x76, 0x77, 0x77, 0x77, 0x77, 0x77, 0x77, 0x77, 0x77, 0x78,
    0x78, 0x78, 0x78, 0x79, 0x79, 0x79, 0x79, 0x7a, 0x79, 0x79,
    0x79, 0x7a, 0x7a, 0x7a, 0x7a, 0x7b, 0x7b, 0x7b, 0x7b, 0x7c,
    0x7c, 0x7c, 0x7d, 0x7d, 0x7e, 0x7e, 0x7f, 0x7f, 0x7f, 0x80,
    0x80, 0x80, 0x80, 0x81, 0x81, 0x81, 0x81, 0x81, 0x81, 0x82,
    0x82, 0x82, 0x82, 0x82, 0x83, 0x83, 0x83, 0x83, 0x84, 0x84,
    0x84, 0x85, 0x85, 0x85, 0x86, 0x85, 0x86, 0x86, 0x86, 0x86,
    0x86, 0x86, 0x86, 0x86, 0x86, 0x87, 0x87, 0x87, 0x88, 0x88,
    0x88, 0x89, 0x89, 0x89, 0x8a, 0x8a, 0x8a, 0x8a, 0x8b, 0x8b,
    0x8b, 0x8b, 0x8c, 0x8c, 0x8c, 0x8c, 0x8c, 0x8c, 0x8c, 0x8c,
    0x8b, 0x8b, 0x8b, 0x8b, 0x8a, 0x8a, 0x8a, 0x8a, 0x89, 0x89,
    0x89, 0x89, 0x88, 0x88, 0x88, 0x88, 0x87, 0x87, 0x87, 0x87,
    0x87, 0x86, 0x86, 0x86, 0x86, 0x86, 0x85, 0x85, 0x85, 0x85,
    0x85, 0x85, 0x85, 0x85, 0x85, 0x84, 0x84, 0x84, 0x83, 0x83,
    0x82, 0x82, 0x81, 0x81, 0x81, 0x80, 0x80, 0x7f, 0x7f, 0x7e,
    0x7e, 0x7d, 0x7c, 0x7c, 0x7b, 0x7a, 0x7a, 0x7a, 0x79, 0x79,
    0x79, 0x79, 0x79, 0x79, 0x79, 0x79, 0x79, 0x78, 0x78, 0x77,
    0x77, 0x76, 0x77, 0x76, 0x76, 0x75, 0x75, 0x75, 0x74, 0x73,
    0x72, 0x72, 0x72, 0x72, 0x71, 0x71, 0x71, 0x71, 0x71, 0x71,
    0x71, 0x71, 0x70, 0x71, 0x71, 0x71, 0x71, 0x71, 0x71, 0x71,
    0x72, 0x72, 0x71, 0x71, 0x71, 0x71, 0x71, 0x71, 0x71, 0x71,
    0x71, 0x72, 0x72, 0x72, 0x73, 0x73, 0x73, 0x74, 0x74, 0x74,
    0x74, 0x74, 0x75, 0x75, 0x75, 0x76, 0x76, 0x76, 0x77, 0x77,
    0x77, 0x78, 0x77, 0x77, 0x77, 0x77, 0x77, 0x77, 0x77, 0x77,
    0x78, 0x78, 0x79, 0x79, 0x79, 0x79, 0x79, 0x7a, 0x7a, 0x7a,
    0x7a, 0x7b, 0x7b, 0x7b, 0x7b, 0x7b, 0x7b, 0x7b, 0x7b, 0x7b,
    0x7c, 0x7c, 0x7c, 0x7c, 0x7c, 0x7c, 0x7d, 0x7d, 0x7e, 0x7e,
    0x7e, 0x7f, 0x7f, 0x7f, 0x7f, 0x7f, 0x80, 0x80, 0x80, 0x81,
    0x81, 0x81, 0x82, 0x82, 0x83, 0x83, 0x83, 0x84, 0x84, 0x85,
    0x85, 0x85, 0x85, 0x86, 0x86, 0x86, 0x86, 0x87, 0x87, 0x87,
    0x87, 0x87, 0x87, 0x87, 0x87, 0x87, 0x88, 0x88, 0x89, 0x89,
    0x89, 0x8a, 0x8a, 0x8b, 0x8b, 0x8c, 0x8c, 0x8c, 0x8d, 0x8d,
    0x8d, 0x8e, 0x8e, 0x8f, 0x8f, 0x90, 0x91, 0x91, 0x91, 0x91,
    0x92, 0x91, 0x91, 0x91, 0x91, 0x91, 0x91, 0x90, 0x90, 0x90,
    0x90, 0x8f, 0x8f, 0x8f, 0x8f, 0x8f, 0x8f, 0x8e, 0x8e, 0x8e,
    0x8e, 0x8e, 0x8e, 0x8d, 0x8e, 0x8d, 0x8d, 0x8d, 0x8d, 0x8c,
    0x8c, 0x8c, 0x8c, 0x8c, 0x8b, 0x8b, 0x8b, 0x8b, 0x8a, 0x8a,
    0x8a, 0x89, 0x89, 0x89, 0x89, 0x88, 0x88, 0x87, 0x86, 0x86,
    0x85, 0x85, 0x84, 0x84, 0x83, 0x83, 0x82, 0x81, 0x81, 0x80,
    0x80, 0x80, 0x7f, 0x7f, 0x7e, 0x7e, 0x7e, 0x7e, 0x7e, 0x7d,
    0x7c, 0x7c, 0x7c, 0x7c, 0x7c, 0x7b, 0x7b, 0x7b, 0x7a, 0x7a,
    0x7a, 0x79, 0x79, 0x78, 0x78, 0x77, 0x77, 0x77, 0x77, 0x77,
    0x77, 0x77, 0x77, 0x76, 0x76, 0x76, 0x76, 0x76, 0x76, 0x76,
    0x76, 0x77, 0x77, 0x77, 0x77, 0x77, 0x77, 0x77, 0x77, 0x77,
    0x77, 0x77, 0x77, 0x77, 0x77, 0x77, 0x78, 0x78, 0x78, 0x78,
    0x78, 0x78, 0x78, 0x78, 0x78, 0x79, 0x79, 0x79, 0x7a, 0x7a,
    0x7a, 0x7a, 0x7a, 0x7b, 0x7b, 0x7b, 0x7c, 0x7c, 0x7c, 0x7c,
    0x7c, 0x7c, 0x7d, 0x7d, 0x7d, 0x7d, 0x7e, 0x7e, 0x7e, 0x7e,
    0x7e, 0x7e, 0x7e, 0x7e, 0x7e, 0x7e, 0x7e, 0x7e, 0x7e, 0x7e,
    0x7e, 0x7e, 0x7f, 0x7e, 0x7e, 0x7f, 0x7f, 0x7f, 0x7f, 0x80,
    0x80, 0x80, 0x80, 0x81, 0x81, 0x81, 0x81, 0x82, 0x81, 0x81,
    0x82, 0x82, 0x82, 0x83, 0x83, 0x83, 0x83, 0x83, 0x83, 0x83,
    0x83, 0x83, 0x83, 0x83, 0x83, 0x83, 0x83, 0x83, 0x83, 0x83,
    0x83, 0x83, 0x83, 0x83, 0x83, 0x83, 0x83, 0x83, 0x83, 0x83,
    0x83, 0x84, 0x84, 0x84, 0x85, 0x85, 0x85, 0x85, 0x86, 0x86,
    0x86, 0x87, 0x87, 0x87, 0x87, 0x87, 0x87, 0x87, 0x87, 0x87,
    0x87, 0x87, 0x87, 0x86, 0x86, 0x86, 0x86, 0x85, 0x85, 0x85,
    0x85, 0x84, 0x84, 0x84, 0x83, 0x83, 0x83, 0x83, 0x82, 0x82,
    0x82, 0x81, 0x81, 0x81, 0x80, 0x80, 0x80, 0x80, 0x7f, 0x7f,
    0x7f, 0x7f, 0x7f, 0x7f, 0x7e, 0x7e, 0x7e, 0x7e, 0x7e, 0x7e,
    0x7e, 0x7d, 0x7d, 0x7d, 0x7d, 0x7c, 0x7c, 0x7b, 0x7b, 0x7a,
    0x7a, 0x79, 0x79, 0x78, 0x78, 0x77, 0x77, 0x76, 0x76, 0x75,
    0x75, 0x74, 0x74, 0x73, 0x73, 0x73, 0x72, 0x72, 0x72, 0x72,
    0x71, 0x71, 0x71, 0x71, 0x71, 0x71, 0x71, 0x71, 0x71, 0x71,
    0x70, 0x70, 0x70, 0x70, 0x6f, 0x6f, 0x6f, 0x6f, 0x6f, 0x6f,
    0x6f, 0x6e, 0x6f, 0x6f, 0x6f, 0x6f, 0x6e, 0x6f, 0x6f, 0x6e,
    0x6e, 0x6e, 0x6f, 0x6f, 0x6f, 0x6f, 0x6f, 0x70, 0x6f, 0x70,
    0x70, 0x70, 0x70, 0x71, 0x72, 0x72, 0x72, 0x73, 0x73, 0x74,
    0x74, 0x75, 0x75, 0x76, 0x76, 0x76, 0x77, 0x77, 0x78, 0x79,
    0x79, 0x7a, 0x7b, 0x7b, 0x7c, 0x7c, 0x7d, 0x7d, 0x7e, 0x7e,
    0x7e, 0x7f, 0x7f, 0x80, 0x80, 0x80, 0x81, 0x81, 0x82, 0x82,
    0x83, 0x83, 0x84, 0x83, 0x84, 0x84, 0x84, 0x84, 0x84, 0x85,
    0x85, 0x85, 0x86, 0x86, 0x86, 0x87, 0x87, 0x88, 0x88, 0x89,
    0x8a, 0x8b, 0x8b, 0x8c, 0x8c, 0x8c, 0x8d, 0x8d, 0x8d, 0x8d,
    0x8d, 0x8d, 0x8d, 0x8d, 0x8e, 0x8e, 0x8e, 0x8e, 0x8e, 0x8f,
    0x8f, 0x8f, 0x8e, 0x8f, 0x8f, 0x8f, 0x8f, 0x8f, 0x90, 0x90,
    0x90, 0x90, 0x91, 0x91, 0x91, 0x92, 0x91, 0x91, 0x91, 0x91,
    0x92, 0x91, 0x92, 0x92, 0x92, 0x92, 0x93, 0x93, 0x93, 0x93,
    0x94, 0x94, 0x94, 0x95, 0x95, 0x95, 0x95, 0x96, 0x95, 0x96,
    0x95, 0x96, 0x95, 0x95, 0x95, 0x95, 0x94, 0x94, 0x94, 0x93,
    0x93, 0x93, 0x92, 0x92, 0x92, 0x91, 0x91, 0x90, 0x90, 0x90,
    0x8f, 0x8f, 0x8f, 0x8f, 0x8e, 0x8e, 0x8d, 0x8c, 0x8c, 0x8c,
    0x8c, 0x8c, 0x8b, 0x8b, 0x8a, 0x8a, 0x8a, 0x89, 0x89, 0x89,
    0x88, 0x88, 0x87, 0x87, 0x86, 0x86, 0x85, 0x84, 0x84, 0x83,
    0x83, 0x82, 0x81, 0x81, 0x80, 0x7f, 0x7f, 0x7e, 0x7e, 0x7d,
    0x7c, 0x7c, 0x7b, 0x7a, 0x7a, 0x7a, 0x79, 0x79, 0x78, 0x77,
    0x77, 0x76, 0x76, 0x75, 0x75, 0x75, 0x75, 0x74, 0x73, 0x74,
    0x73, 0x73, 0x72, 0x72, 0x72, 0x72, 0x71, 0x71, 0x70, 0x70,
    0x70, 0x70, 0x6f, 0x6f, 0x6f, 0x6e, 0x6e, 0x6e, 0x6e, 0x6e,
    0x6d, 0x6d, 0x6e, 0x6e, 0x6e, 0x6e, 0x6e, 0x6d, 0x6e, 0x6e,
    0x6e, 0x6e, 0x6e, 0x6e, 0x6f, 0x6f, 0x6f, 0x6f, 0x70, 0x70,
    0x71, 0x71, 0x71, 0x72, 0x72, 0x73, 0x73, 0x73, 0x73, 0x73,
    0x74, 0x74, 0x75, 0x75, 0x76, 0x76, 0x77, 0x77, 0x77, 0x78,
    0x78, 0x79, 0x79, 0x79, 0x7a, 0x7a, 0x7a, 0x7b, 0x7b, 0x7c,
    0x7c, 0x7c, 0x7d, 0x7d, 0x7d, 0x7e, 0x7e, 0x7e, 0x7e, 0x7e,
    0x7e, 0x7e, 0x7f, 0x7e, 0x7f, 0x7f, 0x7f, 0x80, 0x80, 0x80,
    0x80, 0x81, 0x81, 0x81, 0x82, 0x82, 0x82, 0x83, 0x83, 0x83,
    0x83, 0x84, 0x84, 0x84, 0x85, 0x84, 0x85, 0x85, 0x85, 0x85,
    0x85, 0x86, 0x86, 0x86, 0x86, 0x86, 0x86, 0x86, 0x86, 0x86,
    0x86, 0x86, 0x86, 0x86, 0x86, 0x86, 0x86, 0x86, 0x86, 0x87,
    0x87, 0x87, 0x87, 0x87, 0x87, 0x88, 0x88, 0x88, 0x89, 0x89,
    0x89, 0x89, 0x8a, 0x8a, 0x8a, 0x8a, 0x8a, 0x8a, 0x8a, 0x8a,
    0x8a, 0x8b, 0x8b, 0x8b, 0x8a, 0x8b, 0x8b, 0x8a, 0x8a, 0x8a,
    0x8a, 0x89, 0x89, 0x89, 0x89, 0x89, 0x88, 0x88, 0x88, 0x88,
    0x87, 0x87, 0x87, 0x87, 0x86, 0x86, 0x86, 0x86, 0x85, 0x85,
    0x85, 0x85, 0x85, 0x84, 0x84, 0x84, 0x84, 0x84, 0x84, 0x83,
    0x83, 0x83, 0x82, 0x82, 0x82, 0x82, 0x82, 0x81, 0x81, 0x81,
    0x81, 0x80, 0x80, 0x7f, 0x7f, 0x7f, 0x7e, 0x7e, 0x7d, 0x7c,
    0x7c, 0x7b, 0x7b, 0x7b, 0x7a, 0x7a, 0x79, 0x79, 0x78, 0x78,
    0x78, 0x77, 0x77, 0x77, 0x76, 0x76, 0x76, 0x75, 0x75, 0x75,
    0x75, 0x75, 0x74, 0x74, 0x74, 0x74, 0x74, 0x74, 0x73, 0x73,
    0x73, 0x73, 0x73, 0x72, 0x72, 0x72, 0x72, 0x72, 0x72, 0x71,
    0x71, 0x71, 0x71, 0x71, 0x71, 0x70, 0x70, 0x70, 0x70, 0x70,
    0x70, 0x71, 0x70, 0x71, 0x71, 0x71, 0x71, 0x71, 0x72, 0x72,
    0x72, 0x72, 0x73, 0x73, 0x73, 0x73, 0x74, 0x74, 0x74, 0x74,
    0x74, 0x75, 0x75, 0x76, 0x76, 0x77, 0x77, 0x78, 0x78, 0x79,
    0x79, 0x7a, 0x7a, 0x7a, 0x7a, 0x7b, 0x7b, 0x7c, 0x7c, 0x7c,
    0x7d, 0x7d, 0x7e, 0x7e, 0x7f, 0x7f, 0x7f, 0x7f, 0x7f, 0x80,
    0x80, 0x80, 0x80, 0x81, 0x81, 0x81, 0x82, 0x82, 0x82, 0x82,
    0x83, 0x83, 0x83, 0x83, 0x84, 0x84, 0x84, 0x85, 0x85, 0x85,
    0x86, 0x86, 0x86, 0x87, 0x87, 0x87, 0x87, 0x87, 0x87, 0x87,
    0x88, 0x88, 0x88, 0x88, 0x88, 0x88, 0x88, 0x88, 0x88, 0x88,
    0x88, 0x88, 0x88, 0x88, 0x88, 0x88, 0x88, 0x88, 0x88, 0x88,
    0x89, 0x89, 0x88, 0x88, 0x88, 0x89, 0x89, 0x89, 0x89, 0x89,
    0x8a, 0x8a, 0x8a, 0x8a, 0x8b, 0x8b, 0x8b, 0x8b, 0x8b, 0x8c,
    0x8c, 0x8c, 0x8c, 0x8c, 0x8d, 0x8d, 0x8d, 0x8d, 0x8d, 0x8d,
    0x8d, 0x8c, 0x8c, 0x8c, 0x8c, 0x8c, 0x8b, 0x8b, 0x8b, 0x8b,
    0x8b, 0x8a, 0x8a, 0x8a, 0x8a, 0x89, 0x89, 0x89, 0x88, 0x88,
    0x87, 0x87, 0x87, 0x87, 0x87, 0x87, 0x86, 0x86, 0x86, 0x86,
    0x85, 0x85, 0x85, 0x85, 0x85, 0x85, 0x85, 0x85, 0x85, 0x85,
    0x85, 0x84, 0x84, 0x84, 0x83, 0x83, 0x82, 0x81, 0x81, 0x80,
    0x80, 0x7f, 0x7f, 0x7e, 0x7d, 0x7d, 0x7d, 0x7c, 0x7c, 0x7b,
    0x7b, 0x7a, 0x7a, 0x7a, 0x79, 0x79, 0x79, 0x79, 0x79, 0x78,
    0x78, 0x78, 0x78, 0x78, 0x78, 0x78, 0x77, 0x77, 0x77, 0x76,
    0x76, 0x76, 0x76, 0x75, 0x75, 0x75, 0x75, 0x75, 0x74, 0x74,
    0x74, 0x74, 0x74, 0x74, 0x74, 0x74, 0x74, 0x74, 0x74, 0x74,
    0x74, 0x74, 0x74, 0x74, 0x74, 0x75, 0x74, 0x75, 0x75, 0x75,
    0x75, 0x75, 0x76, 0x76, 0x76, 0x77, 0x77, 0x77, 0x77, 0x78,
    0x78, 0x78, 0x79, 0x78, 0x79, 0x79, 0x7a, 0x7a, 0x7b, 0x7b,
    0x7c, 0x7c, 0x7c, 0x7c, 0x7d, 0x7d, 0x7d, 0x7d, 0x7d, 0x7e,
    0x7e, 0x7e, 0x7e, 0x7f, 0x7f, 0x7f, 0x80, 0x80, 0x80, 0x80,
    0x80, 0x80, 0x80, 0x81, 0x81, 0x81, 0x82, 0x82, 0x82, 0x83,
    0x83, 0x84, 0x84, 0x84, 0x84, 0x85, 0x85, 0x85, 0x85, 0x86,
    0x86, 0x86, 0x87, 0x87, 0x87, 0x88, 0x87, 0x87, 0x88, 0x88,
    0x88, 0x88, 0x88, 0x88, 0x88, 0x88, 0x88, 0x88, 0x88, 0x88,
    0x88, 0x87, 0x87, 0x87, 0x87, 0x87, 0x88, 0x87, 0x87, 0x87,
    0x88, 0x87, 0x88, 0x88, 0x88, 0x88, 0x88, 0x88, 0x88, 0x89,
    0x88, 0x89, 0x89, 0x89, 0x8a, 0x8a, 0x8a, 0x8b, 0x8a, 0x8b,
    0x8b, 0x8b, 0x8b, 0x8b, 0x8c, 0x8b, 0x8b, 0x8c, 0x8b, 0x8b,
    0x8b, 0x8b, 0x8b, 0x8a, 0x8a, 0x8a, 0x89, 0x89, 0x89, 0x89,
    0x88, 0x88, 0x88, 0x87, 0x87, 0x87, 0x86, 0x86, 0x86, 0x85,
    0x85, 0x85, 0x84, 0x84, 0x84, 0x84, 0x83, 0x83, 0x83, 0x83,
    0x82, 0x82, 0x82, 0x82, 0x81, 0x81, 0x81, 0x81, 0x80, 0x80,
    0x80, 0x7f, 0x7f, 0x7f, 0x7e, 0x7e, 0x7d, 0x7d, 0x7d, 0x7c,
    0x7c, 0x7b, 0x7b, 0x7a, 0x7a, 0x7a, 0x79, 0x79, 0x78, 0x78,
    0x78, 0x77, 0x77, 0x76, 0x76, 0x76, 0x75, 0x75, 0x75, 0x75,
    0x74, 0x74, 0x74, 0x74, 0x73, 0x73, 0x73, 0x73, 0x73, 0x73,
    0x73, 0x73, 0x72, 0x72, 0x72, 0x72, 0x72, 0x72, 0x71, 0x71,
    0x71, 0x71, 0x71, 0x71, 0x70, 0x70, 0x70, 0x70, 0x70, 0x70,
    0x70, 0x70, 0x6f, 0x70, 0x70, 0x70, 0x70, 0x70, 0x70, 0x70,
    0x70, 0x71, 0x71, 0x71, 0x72, 0x72, 0x72, 0x73, 0x73, 0x74,
    0x74, 0x74, 0x75, 0x75, 0x76, 0x76, 0x76, 0x77, 0x77, 0x78,
    0x78, 0x79, 0x79, 0x7a, 0x7a, 0x7b, 0x7b, 0x7c, 0x7c, 0x7d,
    0x7d, 0x7d, 0x7e, 0x7e, 0x7f, 0x7f, 0x7f, 0x80, 0x80, 0x80,
    0x81, 0x81, 0x81, 0x81, 0x82, 0x82, 0x82, 0x82, 0x83, 0x83,
    0x83, 0x84, 0x84, 0x85, 0x85, 0x86, 0x86, 0x86, 0x87, 0x87,
    0x87, 0x88, 0x88, 0x88, 0x89, 0x89, 0x89, 0x89, 0x8a, 0x8a,
    0x8a, 0x8a, 0x8a, 0x8b, 0x8b, 0x8b, 0x8b, 0x8b, 0x8b, 0x8b,
    0x8b, 0x8b, 0x8b, 0x8b, 0x8b, 0x8b, 0x8b, 0x8b, 0x8a, 0x8b,
    0x8b, 0x8b, 0x8b, 0x8b, 0x8b, 0x8b, 0x8b, 0x8b, 0x8b, 0x8b,
    0x8b, 0x8b, 0x8c, 0x8b, 0x8c, 0x8c, 0x8c, 0x8c, 0x8c, 0x8c,
    0x8d, 0x8d, 0x8d, 0x8d, 0x8d, 0x8d, 0x8d, 0x8d, 0x8d, 0x8d,
    0x8d, 0x8d, 0x8d, 0x8d, 0x8d, 0x8d, 0x8c, 0x8c, 0x8c, 0x8c,
    0x8b, 0x8b, 0x8b, 0x8a, 0x8a, 0x8a, 0x89, 0x89, 0x89, 0x89,
    0x88, 0x88, 0x88, 0x87, 0x87, 0x87, 0x86, 0x86, 0x86, 0x85,
    0x85, 0x85, 0x85, 0x84, 0x84, 0x84, 0x83, 0x83, 0x83, 0x82,
    0x82, 0x82, 0x81, 0x81, 0x81, 0x80, 0x80, 0x80, 0x80, 0x7f,
    0x7f, 0x7e, 0x7e, 0x7d, 0x7d, 0x7d, 0x7c, 0x7c, 0x7b, 0x7b,
    0x7a, 0x7a, 0x79, 0x79, 0x79, 0x79, 0x78, 0x77, 0x77, 0x77,
    0x77, 0x76, 0x76, 0x76, 0x75, 0x75, 0x74, 0x75, 0x74, 0x74,
    0x74, 0x74, 0x73, 0x73, 0x73, 0x73, 0x73, 0x72, 0x72, 0x72,
    0x72, 0x72, 0x72, 0x72, 0x71, 0x71, 0x71, 0x71, 0x71, 0x71,
    0x71, 0x71, 0x71, 0x71, 0x71, 0x72, 0x71, 0x72, 0x72, 0x72,
    0x72, 0x72, 0x72, 0x73, 0x73, 0x73, 0x73, 0x73, 0x74, 0x74,
    0x74, 0x75, 0x75, 0x75, 0x76, 0x76, 0x76, 0x76, 0x77, 0x77,
    0x77, 0x78, 0x78, 0x78, 0x79, 0x79, 0x79, 0x7a, 0x7a, 0x7b,
    0x7b, 0x7b, 0x7c, 0x7c, 0x7c, 0x7d, 0x7d, 0x7e, 0x7e, 0x7f,
    0x80, 0x80, 0x81, 0x81, 0x82, 0x82, 0x82, 0x82, 0x82, 0x83,
    0x83, 0x83, 0x83, 0x83, 0x83, 0x83, 0x84, 0x84, 0x84, 0x84,
    0x85, 0x85, 0x85, 0x86, 0x86, 0x86, 0x87, 0x87, 0x88, 0x87,
    0x88, 0x88, 0x88, 0x89, 0x89, 0x89, 0x89, 0x89, 0x89, 0x8a,
    0x89, 0x8a, 0x8a, 0x89, 0x89, 0x89, 0x89, 0x89, 0x89, 0x89,
    0x89, 0x89, 0x89, 0x89, 0x89, 0x89, 0x89, 0x89, 0x8a, 0x8a,
    0x89, 0x89, 0x8a, 0x8a, 0x8a, 0x8a, 0x8a, 0x8a, 0x8a, 0x8a,
    0x8a, 0x8b, 0x8a, 0x8a, 0x8b, 0x8a, 0x8b, 0x8b, 0x8b, 0x8a,
    0x8a, 0x8a, 0x8a, 0x8a, 0x8a, 0x8a, 0x8a, 0x8a, 0x89, 0x89,
    0x89, 0x89, 0x88, 0x87, 0x87, 0x87, 0x87, 0x86, 0x86, 0x86,
    0x85, 0x85, 0x85, 0x84, 0x84, 0x84, 0x83, 0x83, 0x83, 0x82,
    0x82, 0x82, 0x82, 0x81, 0x81, 0x81, 0x80, 0x80, 0x80, 0x80,
    0x7f, 0x7f, 0x7f, 0x7f, 0x7f, 0x7e, 0x7e, 0x7e, 0x7d, 0x7d,
    0x7d, 0x7c, 0x7c, 0x7c, 0x7b, 0x7b, 0x7b, 0x7a, 0x7a, 0x7a,
    0x79, 0x79, 0x79, 0x78, 0x78, 0x78, 0x77, 0x77, 0x76, 0x76,
    0x76, 0x75, 0x75, 0x75, 0x75, 0x74, 0x74, 0x74, 0x73, 0x73,
    0x73, 0x73, 0x73, 0x73, 0x73, 0x73, 0x72, 0x72, 0x72, 0x72,
    0x72, 0x72, 0x71, 0x71, 0x71, 0x71, 0x71, 0x71, 0x71, 0x71,
    0x71, 0x71, 0x71, 0x71, 0x71, 0x71, 0x71, 0x71, 0x71, 0x71,
    0x71, 0x71, 0x71, 0x71, 0x71, 0x71, 0x71, 0x71, 0x72, 0x72,
    0x72, 0x72, 0x73, 0x73, 0x73, 0x74, 0x74, 0x74, 0x75, 0x75,
    0x75, 0x75, 0x76, 0x76, 0x77, 0x77, 0x78, 0x78, 0x78, 0x79,
    0x79, 0x79, 0x7a, 0x7a, 0x7b, 0x7b, 0x7b, 0x7c, 0x7c, 0x7c,
    0x7c, 0x7d, 0x7d, 0x7e, 0x7e, 0x7e, 0x7f, 0x7f, 0x7f, 0x80,
    0x80, 0x80, 0x80, 0x81, 0x81, 0x82, 0x82, 0x83, 0x83, 0x83,
    0x83, 0x84, 0x84, 0x85, 0x85, 0x86, 0x86, 0x86, 0x87, 0x87,
    0x87, 0x87, 0x88, 0x88, 0x88, 0x88, 0x88, 0x88, 0x89, 0x89,
    0x89, 0x89, 0x89, 0x8a, 0x8a, 0x8a, 0x8b, 0x8a, 0x8a, 0x8b,
    0x8a, 0x8b, 0x8b, 0x8b, 0x8b, 0x8b, 0x8b, 0x8b, 0x8b, 0x8b,
    0x8b, 0x8b, 0x8b, 0x8b, 0x8b, 0x8c, 0x8c, 0x8c, 0x8c, 0x8c,
    0x8d, 0x8d, 0x8d, 0x8d, 0x8e, 0x8e, 0x8e, 0x8e, 0x8f, 0x8f,
    0x8f, 0x8f, 0x8f, 0x90, 0x8f, 0x90, 0x90, 0x90, 0x90, 0x90,
    0x90, 0x90, 0x8f, 0x90, 0x8f, 0x8f, 0x8f, 0x8f, 0x8f, 0x8e,
    0x8e, 0x8e, 0x8e, 0x8d, 0x8d, 0x8d, 0x8c, 0x8c, 0x8c, 0x8c,
    0x8b, 0x8b, 0x8b, 0x8b, 0x8b, 0x8a, 0x8a, 0x8a, 0x8a, 0x89,
    0x89, 0x88, 0x88, 0x88, 0x87, 0x87, 0x87, 0x86, 0x86, 0x86,
    0x86, 0x85, 0x85, 0x84, 0x84, 0x84, 0x83, 0x83, 0x82, 0x82,
    0x81, 0x81, 0x80, 0x80, 0x80, 0x7f, 0x7f, 0x7f, 0x7e, 0x7e,
    0x7d, 0x7d, 0x7d, 0x7c, 0x7c, 0x7c, 0x7b, 0x7b, 0x7b, 0x7a,
    0x7a, 0x79, 0x79, 0x79, 0x78, 0x78, 0x78, 0x77, 0x77, 0x77,
    0x76, 0x76, 0x76, 0x76, 0x75, 0x75, 0x75, 0x74, 0x74, 0x74,
    0x74, 0x74, 0x74, 0x73, 0x73, 0x73, 0x73, 0x73, 0x73, 0x73,
    0x73, 0x73, 0x72, 0x72, 0x72, 0x72, 0x72, 0x72, 0x72, 0x72,
    0x72, 0x72, 0x73, 0x73, 0x73, 0x73, 0x74, 0x74, 0x74, 0x74,
    0x75, 0x75, 0x75, 0x75, 0x75, 0x76, 0x76, 0x76, 0x76, 0x76,
    0x77, 0x77, 0x77, 0x78, 0x78, 0x78, 0x78, 0x78, 0x78, 0x79,
    0x79, 0x79, 0x7a, 0x7a, 0x7a, 0x7a, 0x7b, 0x7b, 0x7b, 0x7b,
    0x7b, 0x7c, 0x7c, 0x7c, 0x7c, 0x7c, 0x7d, 0x7d, 0x7d, 0x7d,
    0x7e, 0x7e, 0x7e, 0x7e, 0x7f, 0x7f, 0x7f, 0x7f, 0x80, 0x80,
    0x80, 0x80, 0x80, 0x81, 0x81, 0x81, 0x81, 0x81, 0x81, 0x81,
    0x81, 0x82, 0x81, 0x81, 0x82, 0x82, 0x82, 0x82, 0x82, 0x82,
    0x82, 0x82, 0x82, 0x82, 0x82, 0x82, 0x82, 0x82, 0x82, 0x82,
    0x83, 0x83, 0x83, 0x83, 0x83, 0x83, 0x84, 0x83, 0x84, 0x84,
    0x84, 0x84, 0x84, 0x85, 0x85, 0x85, 0x85, 0x86, 0x86, 0x86,
    0x86, 0x86, 0x86, 0x86, 0x87, 0x87, 0x87, 0x87, 0x87, 0x87,
    0x87, 0x87, 0x87, 0x87, 0x87, 0x87, 0x87, 0x87, 0x86, 0x86,
    0x86, 0x86, 0x86, 0x86, 0x85, 0x85, 0x85, 0x85, 0x85, 0x85,
    0x85, 0x85, 0x85, 0x85, 0x85, 0x85, 0x85, 0x85, 0x85, 0x84,
    0x84, 0x84, 0x83, 0x83, 0x83, 0x83, 0x82, 0x82, 0x82, 0x82,
    0x82, 0x82, 0x82, 0x82, 0x81, 0x81, 0x81, 0x81, 0x81, 0x80,
    0x80, 0x80, 0x80, 0x80, 0x7f, 0x7f, 0x7f, 0x7f, 0x7f, 0x7e,
    0x7e, 0x7e, 0x7e, 0x7d, 0x7d, 0x7d, 0x7d, 0x7d, 0x7c, 0x7c,
    0x7c, 0x7c, 0x7b, 0x7b, 0x7b, 0x7b, 0x7b, 0x7b, 0x7a, 0x7a,
    0x7a, 0x7a, 0x79, 0x7a, 0x79, 0x79, 0x79, 0x78, 0x78, 0x78,
    0x78, 0x78, 0x78, 0x78, 0x78, 0x77, 0x77, 0x77, 0x77, 0x77,
    0x77, 0x77, 0x77, 0x77, 0x76, 0x77, 0x77, 0x77, 0x77, 0x77,
    0x77, 0x77, 0x77, 0x78, 0x78, 0x78, 0x78, 0x78, 0x79, 0x79,
    0x79, 0x7a, 0x7a, 0x7a, 0x7a, 0x7a, 0x7b, 0x7b, 0x7b, 0x7b,
    0x7b, 0x7b, 0x7c, 0x7c, 0x7c, 0x7c, 0x7d, 0x7d, 0x7d, 0x7d,
    0x7d, 0x7e, 0x7e, 0x7e, 0x7e, 0x7f, 0x7f, 0x7f, 0x7f, 0x7f,
    0x7f, 0x80, 0x80, 0x80, 0x80, 0x81, 0x81, 0x81, 0x81, 0x82,
    0x82, 0x82, 0x83, 0x83, 0x83, 0x83, 0x84, 0x84, 0x84, 0x84,
    0x84, 0x84, 0x84, 0x85, 0x85, 0x85, 0x85, 0x85, 0x85, 0x85,
    0x85, 0x86, 0x86, 0x86, 0x86, 0x86, 0x86, 0x86, 0x86, 0x86,
    0x86, 0x86, 0x86, 0x86, 0x86, 0x86, 0x86, 0x86, 0x86, 0x86,
    0x86, 0x87, 0x87, 0x87, 0x87, 0x87, 0x87, 0x87, 0x87, 0x87,
    0x87, 0x87, 0x87, 0x87, 0x87, 0x88, 0x88, 0x88, 0x88, 0x88,
    0x88, 0x88, 0x89, 0x88, 0x89, 0x88, 0x88, 0x89, 0x88, 0x88,
    0x88, 0x88, 0x88, 0x88, 0x88, 0x88, 0x88, 0x88, 0x88, 0x87,
    0x87, 0x87, 0x87, 0x86, 0x86, 0x86, 0x86, 0x86, 0x85, 0x85,
    0x85, 0x85, 0x85, 0x84, 0x84, 0x84, 0x84, 0x83, 0x83, 0x83,
    0x83, 0x83, 0x82, 0x82, 0x82, 0x82, 0x82, 0x82, 0x81, 0x81,
    0x81, 0x81, 0x80, 0x80, 0x80, 0x80, 0x7f, 0x7f, 0x7f, 0x7e,
    0x7e, 0x7e, 0x7d, 0x7d, 0x7d, 0x7d, 0x7c, 0x7c, 0x7c, 0x7c,
    0x7b, 0x7b, 0x7b, 0x7b, 0x7a, 0x7a, 0x7a, 0x7a, 0x79, 0x79,
    0x79, 0x79, 0x79, 0x78, 0x78, 0x78, 0x78, 0x78, 0x78, 0x77,
    0x77, 0x77, 0x77, 0x77, 0x76, 0x77, 0x76, 0x76, 0x76, 0x76,
    0x76, 0x76, 0x76, 0x75, 0x75, 0x75, 0x75, 0x75, 0x75, 0x75,
    0x75, 0x75, 0x75, 0x75, 0x75, 0x75, 0x75, 0x75, 0x76, 0x76,
    0x76, 0x76, 0x76, 0x77, 0x77, 0x77, 0x77, 0x77, 0x78, 0x78,
    0x78, 0x78, 0x78, 0x79, 0x79, 0x79, 0x79, 0x7a, 0x7a, 0x7a,
    0x7a, 0x7b, 0x7b, 0x7b, 0x7c, 0x7c, 0x7c, 0x7c, 0x7d, 0x7d,
    0x7d, 0x7e, 0x7e, 0x7e, 0x7e, 0x7f, 0x7f, 0x7f, 0x7f, 0x80,
    0x80, 0x81, 0x81, 0x81, 0x81, 0x82, 0x82, 0x82, 0x82, 0x82,
    0x83, 0x83, 0x83, 0x83, 0x84, 0x84, 0x84, 0x84, 0x85, 0x85,
    0x85, 0x85, 0x85, 0x85, 0x86, 0x86, 0x86, 0x86, 0x86, 0x86,
    0x86, 0x87, 0x87, 0x87, 0x87, 0x87, 0x86, 0x87, 0x86, 0x87,
    0x86, 0x86, 0x87, 0x86, 0x86, 0x86, 0x86, 0x86, 0x86, 0x86,
    0x86, 0x86, 0x86, 0x86, 0x86, 0x86, 0x86, 0x86, 0x86, 0x86,
    0x86, 0x86, 0x86, 0x86, 0x86, 0x86, 0x86, 0x86, 0x86, 0x86,
    0x86, 0x86, 0x86, 0x86, 0x87, 0x87, 0x86, 0x87, 0x87, 0x87,
    0x87, 0x87, 0x87, 0x87, 0x87, 0x87, 0x86, 0x87, 0x86, 0x86,
    0x86, 0x86, 0x86, 0x86, 0x85, 0x85, 0x85, 0x85, 0x84, 0x84,
    0x84, 0x84, 0x84, 0x83, 0x83, 0x83, 0x83, 0x83, 0x82, 0x82,
    0x82, 0x82, 0x81, 0x81, 0x81, 0x81, 0x81, 0x80, 0x80, 0x80,
    0x80, 0x80, 0x80, 0x7f, 0x7f, 0x7f, 0x7f, 0x7f, 0x7e, 0x7e,
    0x7e, 0x7e, 0x7d, 0x7d, 0x7d, 0x7d, 0x7d, 0x7d, 0x7c, 0x7c,
    0x7c, 0x7b, 0x7b, 0x7a, 0x7a, 0x7a, 0x7a, 0x7a, 0x7a, 0x79,
    0x79, 0x79, 0x79, 0x78, 0x78, 0x78, 0x78, 0x78, 0x78, 0x78,
    0x77, 0x78, 0x78, 0x77, 0x77, 0x77, 0x77, 0x77, 0x77, 0x77,
    0x77, 0x77, 0x77, 0x76, 0x76, 0x76, 0x76, 0x76, 0x76, 0x76,
    0x76, 0x76, 0x76, 0x76, 0x76, 0x76, 0x76, 0x76, 0x76, 0x76,
    0x76, 0x76, 0x76, 0x76, 0x77, 0x77, 0x77, 0x77, 0x77, 0x78,
    0x78, 0x78, 0x79, 0x79, 0x79, 0x79, 0x7a, 0x7a, 0x7a, 0x7b,
    0x7b, 0x7b, 0x7c, 0x7c, 0x7d, 0x7c, 0x7d, 0x7d, 0x7d, 0x7e,
    0x7e, 0x7e, 0x7e, 0x7e, 0x7f, 0x7f, 0x7f, 0x80, 0x80, 0x80,
    0x81, 0x81, 0x81, 0x82, 0x82, 0x82, 0x83, 0x83, 0x83, 0x83,
    0x83, 0x83, 0x84, 0x84, 0x84, 0x84, 0x85, 0x85, 0x85, 0x85,
    0x85, 0x86, 0x86, 0x86, 0x86, 0x86, 0x86, 0x86, 0x87, 0x87,
    0x87, 0x87, 0x87, 0x87, 0x87, 0x87, 0x87, 0x88, 0x88, 0x87,
    0x88, 0x87, 0x88, 0x87, 0x87, 0x87, 0x87, 0x87, 0x87, 0x87,
    0x87, 0x87, 0x87, 0x87, 0x87, 0x87, 0x87, 0x87, 0x87, 0x87,
    0x87, 0x87, 0x87, 0x87, 0x87, 0x87, 0x87, 0x87, 0x87, 0x87,
    0x87, 0x87, 0x87, 0x87, 0x88, 0x87, 0x88, 0x88, 0x88, 0x88,
    0x88, 0x88, 0x88, 0x88, 0x88, 0x88, 0x88, 0x87, 0x87, 0x87,
    0x87, 0x87, 0x87, 0x87, 0x87, 0x86, 0x86, 0x86, 0x86, 0x86,
    0x86, 0x85, 0x85, 0x85, 0x85, 0x85, 0x84, 0x84, 0x84, 0x84,
    0x83, 0x83, 0x83, 0x83, 0x83, 0x82, 0x82, 0x82, 0x82, 0x81,
    0x81, 0x81, 0x81, 0x81, 0x81, 0x80, 0x80, 0x80, 0x80, 0x7f,
    0x7f, 0x7f, 0x7f, 0x7f, 0x7e, 0x7e, 0x7e, 0x7d, 0x7d, 0x7d,
    0x7d, 0x7c, 0x7c, 0x7c, 0x7c, 0x7b, 0x7b, 0x7b, 0x7a, 0x7a,
    0x7a, 0x7a, 0x79, 0x79, 0x79, 0x79, 0x78, 0x78, 0x78, 0x78,
    0x78, 0x78, 0x77, 0x77, 0x77, 0x77, 0x77, 0x77, 0x77, 0x76,
    0x76, 0x76, 0x76, 0x76, 0x76, 0x76, 0x76, 0x75, 0x75, 0x75,
    0x75, 0x75, 0x75, 0x75, 0x75, 0x75, 0x75, 0x75, 0x75, 0x75,
    0x75, 0x75, 0x75, 0x75, 0x75, 0x75, 0x75, 0x76, 0x76, 0x76,
    0x76, 0x76, 0x76, 0x77, 0x77, 0x77, 0x77, 0x78, 0x78, 0x78,
    0x78, 0x78, 0x79, 0x79, 0x79, 0x79, 0x79, 0x7a, 0x7a, 0x7a,
    0x7b, 0x7b, 0x7c, 0x7c, 0x7d, 0x7d, 0x7d, 0x7e, 0x7e, 0x7e,
    0x7e, 0x7f, 0x7f, 0x7f, 0x7f, 0x80, 0x80, 0x80, 0x81, 0x81,
    0x81, 0x81, 0x82, 0x82, 0x82, 0x82, 0x83, 0x83, 0x83, 0x83,
    0x83, 0x84, 0x84, 0x84, 0x84, 0x84, 0x84, 0x84, 0x85, 0x85,
    0x85, 0x85, 0x85, 0x85, 0x85, 0x85, 0x85, 0x86, 0x86, 0x86,
    0x86, 0x86, 0x86, 0x86, 0x86, 0x86, 0x86, 0x86, 0x86, 0x86,
    0x86, 0x86, 0x86, 0x86, 0x86, 0x86, 0x86, 0x87, 0x87, 0x87,
    0x87, 0x87, 0x87, 0x87, 0x87, 0x87, 0x87, 0x87, 0x87, 0x87,
    0x87, 0x88, 0x88, 0x88, 0x88, 0x88, 0x88, 0x88, 0x88, 0x88,
    0x89, 0x89, 0x89, 0x89, 0x89, 0x89, 0x88, 0x89, 0x88, 0x89,
    0x89, 0x89, 0x89, 0x88, 0x88, 0x88, 0x88, 0x88, 0x88, 0x87,
    0x87, 0x87, 0x87, 0x87, 0x87, 0x87, 0x86, 0x86, 0x86, 0x86,
    0x86, 0x85, 0x85, 0x85, 0x85, 0x84, 0x84, 0x84, 0x84, 0x83,
    0x83, 0x83, 0x83, 0x83, 0x83, 0x82, 0x82, 0x82, 0x82, 0x81,
    0x81, 0x81, 0x81, 0x81, 0x80, 0x80, 0x80, 0x7f, 0x7f, 0x7f,
    0x7f, 0x7f, 0x7e, 0x7e, 0x7e, 0x7d, 0x7d, 0x7d, 0x7d, 0x7c,
    0x7c, 0x7c, 0x7b, 0x7b, 0x7b, 0x7a, 0x7a, 0x7a, 0x7a, 0x79,
    0x79, 0x79, 0x79, 0x78, 0x78, 0x78, 0x78, 0x77, 0x77, 0x77,
    0x77, 0x77, 0x77, 0x76, 0x76, 0x76, 0x76, 0x76, 0x76, 0x75,
    0x75, 0x75, 0x75, 0x75, 0x75, 0x75, 0x75, 0x75, 0x75, 0x75,
    0x75, 0x75, 0x75, 0x75, 0x75, 0x75, 0x75, 0x75, 0x75, 0x75,
    0x75, 0x75, 0x76, 0x76, 0x76, 0x76, 0x76, 0x76, 0x77, 0x77,
    0x77, 0x77, 0x78, 0x78, 0x78, 0x78, 0x79, 0x79, 0x79, 0x79,
    0x7a, 0x7a, 0x7a, 0x7a, 0x7b, 0x7b, 0x7b, 0x7c, 0x7c, 0x7c,
    0x7c, 0x7c, 0x7d, 0x7d, 0x7d, 0x7d, 0x7d, 0x7e, 0x7e, 0x7e,
    0x7f, 0x7f, 0x7f, 0x7f, 0x7f, 0x7f, 0x7f, 0x80, 0x80, 0x80,
    0x80, 0x80, 0x80, 0x81, 0x81, 0x81, 0x81, 0x82, 0x82, 0x82,
    0x82, 0x82, 0x82, 0x82, 0x83, 0x83, 0x83, 0x83, 0x83, 0x83,
    0x83, 0x83, 0x83, 0x83, 0x83, 0x83, 0x83, 0x83, 0x84, 0x83,
    0x84, 0x84, 0x84, 0x84, 0x84, 0x84, 0x84, 0x84, 0x84, 0x84,
    0x84, 0x84, 0x85, 0x85, 0x85, 0x85, 0x85, 0x85, 0x85, 0x85,
    0x86, 0x85, 0x85, 0x85, 0x86, 0x86, 0x86, 0x86, 0x86, 0x87,
    0x87, 0x87, 0x87, 0x87, 0x87, 0x88, 0x88, 0x88, 0x88, 0x88,
    0x88, 0x88, 0x88, 0x88, 0x88, 0x88, 0x88, 0x88, 0x88, 0x88,
    0x88, 0x87, 0x87, 0x87, 0x87, 0x87, 0x87, 0x87, 0x87, 0x87,
    0x86, 0x86, 0x86, 0x86, 0x86, 0x86, 0x85, 0x85, 0x85, 0x85,
    0x85, 0x85, 0x85, 0x85, 0x84, 0x84, 0x84, 0x84, 0x84, 0x83,
    0x83, 0x83, 0x83, 0x83, 0x83, 0x82, 0x82, 0x82, 0x82, 0x82,
    0x82, 0x81, 0x81, 0x81, 0x81, 0x80, 0x80, 0x80, 0x80, 0x80,
    0x7f, 0x7f, 0x7f, 0x7f, 0x7f, 0x7e, 0x7e, 0x7e, 0x7d, 0x7d,
    0x7d, 0x7d, 0x7c, 0x7c, 0x7c, 0x7c, 0x7b, 0x7b, 0x7b, 0x7b,
    0x7b, 0x7b, 0x7a, 0x7a, 0x7a, 0x7a, 0x7a, 0x7a, 0x79, 0x79,
    0x79, 0x79, 0x79, 0x79, 0x79, 0x78, 0x78, 0x78, 0x78, 0x78,
    0x78, 0x78, 0x78, 0x78, 0x78, 0x78, 0x78, 0x78, 0x78, 0x78,
    0x78, 0x78, 0x79, 0x78, 0x79, 0x79, 0x79, 0x79, 0x79, 0x79,
    0x79, 0x79, 0x7a, 0x7a, 0x7a, 0x7a, 0x7b, 0x7a, 0x7b, 0x7b,
    0x7b, 0x7b, 0x7c, 0x7c, 0x7c, 0x7c, 0x7d, 0x7d, 0x7d, 0x7d,
    0x7e, 0x7d, 0x7e, 0x7e, 0x7e, 0x7f, 0x7f, 0x7f, 0x7f, 0x7f,
    0x7f, 0x80, 0x80, 0x80, 0x80, 0x80, 0x80, 0x81, 0x81, 0x81,
    0x81, 0x81, 0x81, 0x82, 0x81, 0x82, 0x82, 0x82, 0x82, 0x82,
    0x82, 0x82, 0x82, 0x83, 0x83, 0x83, 0x83, 0x83, 0x83, 0x83,
    0x83, 0x83, 0x83, 0x83, 0x83, 0x83, 0x83, 0x83, 0x83, 0x83,
    0x83, 0x83, 0x83, 0x83, 0x83, 0x83, 0x83, 0x83, 0x83, 0x82,
    0x82, 0x83, 0x83, 0x83, 0x82, 0x82, 0x83, 0x82, 0x82, 0x83,
    0x83, 0x83, 0x83, 0x83, 0x83, 0x83, 0x83, 0x83, 0x83, 0x83,
    0x83, 0x83, 0x84, 0x83, 0x84, 0x84, 0x84, 0x84, 0x84, 0x84,
    0x84, 0x84, 0x84, 0x84, 0x84, 0x84, 0x84, 0x84, 0x84, 0x85,
    0x84, 0x84, 0x84, 0x84, 0x84, 0x84, 0x84, 0x84, 0x83, 0x83,
    0x83, 0x83, 0x83, 0x83, 0x82, 0x82, 0x82, 0x82, 0x82, 0x82,
    0x82, 0x81, 0x81, 0x81, 0x81, 0x81, 0x81, 0x81, 0x81, 0x81,
    0x80, 0x80, 0x80, 0x80, 0x80, 0x80, 0x80, 0x80, 0x80, 0x7f,
    0x7f, 0x7f, 0x7f, 0x7f, 0x7f, 0x7e, 0x7e, 0x7e, 0x7e, 0x7e,
    0x7d, 0x7d, 0x7d, 0x7d, 0x7d, 0x7d, 0x7d, 0x7c, 0x7c, 0x7c,
    0x7c, 0x7c, 0x7c, 0x7c, 0x7c, 0x7b, 0x7b, 0x7b, 0x7b, 0x7b,
    0x7b, 0x7b, 0x7b, 0x7b, 0x7b, 0x7b, 0x7b, 0x7a, 0x7a, 0x7a,
    0x7a, 0x7a, 0x7a, 0x7a, 0x7a, 0x7a, 0x7a, 0x7a, 0x7a, 0x7a,
    0x7a, 0x7a, 0x7a, 0x7a, 0x7a, 0x7a, 0x7a, 0x7a, 0x7a, 0x7a,
    0x7b, 0x7b, 0x7b, 0x7b, 0x7b, 0x7b, 0x7b, 0x7b, 0x7b, 0x7c,
    0x7c, 0x7c, 0x7c, 0x7c, 0x7d, 0x7d, 0x7d, 0x7d, 0x7e, 0x7e,
    0x7e, 0x7e, 0x7e, 0x7f, 0x7f, 0x7f, 0x7f, 0x80, 0x80, 0x81,
    0x81, 0x81, 0x81, 0x82, 0x81, 0x82, 0x82, 0x82, 0x82, 0x82,
    0x82, 0x82, 0x83, 0x83, 0x83, 0x83, 0x83, 0x84, 0x84, 0x84,
    0x84, 0x84, 0x84, 0x84, 0x84, 0x84, 0x84, 0x84, 0x84, 0x84,
    0x85, 0x85, 0x84, 0x85, 0x85, 0x85, 0x85, 0x85, 0x85, 0x85,
    0x85, 0x84, 0x84, 0x84, 0x84, 0x84, 0x84, 0x84, 0x84, 0x84,
    0x84, 0x84, 0x84, 0x84, 0x83, 0x84, 0x83, 0x83, 0x83, 0x83,
    0x83, 0x83, 0x83, 0x83, 0x83, 0x83, 0x83, 0x83, 0x83, 0x83,
    0x83, 0x83, 0x83, 0x83, 0x83, 0x83, 0x83, 0x83, 0x83, 0x83,
    0x83, 0x83, 0x83, 0x83, 0x84, 0x83, 0x84, 0x83, 0x83, 0x84,
    0x83, 0x83, 0x83, 0x83, 0x83, 0x84, 0x83, 0x83, 0x83, 0x83,
    0x83, 0x83, 0x83, 0x83, 0x83, 0x83, 0x82, 0x82, 0x82, 0x82,
    0x82, 0x81, 0x81, 0x81, 0x81, 0x81, 0x81, 0x80, 0x80, 0x80,
    0x80, 0x7f, 0x7f, 0x7f, 0x7f, 0x7f, 0x7e, 0x7e, 0x7e, 0x7e,
    0x7e, 0x7d, 0x7d, 0x7d, 0x7d, 0x7d, 0x7c, 0x7c, 0x7c, 0x7c,
    0x7c, 0x7c, 0x7c, 0x7c, 0x7c, 0x7b, 0x7b, 0x7b, 0x7b, 0x7a,
    0x7b, 0x7a, 0x7a, 0x7a, 0x7a, 0x7a, 0x7a, 0x79, 0x79, 0x79,
    0x79, 0x79, 0x79, 0x79, 0x79, 0x78, 0x79, 0x78, 0x78, 0x78,
    0x78, 0x78, 0x78, 0x78, 0x78, 0x78, 0x78, 0x77, 0x77, 0x77,
    0x77, 0x77, 0x77, 0x77, 0x77, 0x77, 0x77, 0x77, 0x77, 0x77,
    0x78, 0x78, 0x78, 0x78, 0x78, 0x78, 0x79, 0x79, 0x79, 0x79,
    0x79, 0x79, 0x79, 0x79, 0x79, 0x79, 0x7a, 0x7a, 0x7a, 0x7a,
    0x7a, 0x7b, 0x7b, 0x7b, 0x7c, 0x7c, 0x7c, 0x7c, 0x7d, 0x7d,
    0x7d, 0x7d, 0x7e, 0x7e, 0x7e, 0x7f, 0x7f, 0x7f, 0x7f, 0x80,
    0x80, 0x81, 0x81, 0x81, 0x81, 0x82, 0x82, 0x82, 0x82, 0x83,
    0x83, 0x83, 0x84, 0x84, 0x84, 0x84, 0x84, 0x85, 0x85, 0x85,
    0x85, 0x85, 0x85, 0x86, 0x86, 0x86, 0x86, 0x86, 0x86, 0x86,
    0x86, 0x87, 0x87, 0x87, 0x87, 0x87, 0x87, 0x87, 0x87, 0x87,
    0x86, 0x86, 0x87, 0x86, 0x86, 0x86, 0x86, 0x86, 0x86, 0x86,
    0x86, 0x85, 0x86, 0x85, 0x85, 0x85, 0x84, 0x84, 0x84, 0x84,
    0x84, 0x84, 0x84, 0x84, 0x84, 0x84, 0x83, 0x84, 0x83, 0x83,
    0x83, 0x83, 0x83, 0x83, 0x83, 0x83, 0x83, 0x83, 0x83, 0x83,
    0x83, 0x83, 0x83, 0x83, 0x83, 0x83, 0x83, 0x83, 0x84, 0x84,
    0x84, 0x84, 0x83, 0x84, 0x84, 0x84, 0x84, 0x84, 0x84, 0x84,
    0x84, 0x84, 0x84, 0x83, 0x83, 0x83, 0x83, 0x83, 0x83, 0x83,
    0x83, 0x83, 0x82, 0x82, 0x82, 0x82, 0x82, 0x82, 0x81, 0x81,
    0x81, 0x81, 0x81, 0x81, 0x81, 0x80, 0x80, 0x80, 0x80, 0x80,
    0x80, 0x7f, 0x7f, 0x7f, 0x7f, 0x7f, 0x7f, 0x7f, 0x7e, 0x7e,
    0x7e, 0x7e, 0x7e, 0x7e, 0x7e, 0x7e, 0x7e, 0x7d, 0x7e, 0x7d,
    0x7d, 0x7d, 0x7d, 0x7d, 0x7c, 0x7c, 0x7c, 0x7c, 0x7c, 0x7c,
    0x7b, 0x7b, 0x7b, 0x7a, 0x7a, 0x7a, 0x7a, 0x7a, 0x7a, 0x79,
    0x79, 0x79, 0x79, 0x79, 0x79, 0x78, 0x78, 0x78, 0x78, 0x78,
    0x78, 0x78, 0x78, 0x78, 0x77, 0x77, 0x78, 0x77, 0x77, 0x78,
    0x77, 0x77, 0x77, 0x78, 0x78, 0x77, 0x78, 0x78, 0x78, 0x78,
    0x78, 0x78, 0x78, 0x78, 0x78, 0x78, 0x78, 0x79, 0x79, 0x79,
    0x79, 0x79, 0x79, 0x79, 0x7a, 0x7a, 0x7a, 0x7a, 0x7b, 0x7b,
    0x7b, 0x7b, 0x7c, 0x7c, 0x7c, 0x7d, 0x7d, 0x7d, 0x7d, 0x7d,
    0x7e, 0x7e, 0x7e, 0x7f, 0x7f, 0x7f, 0x80, 0x80, 0x80, 0x80,
    0x81, 0x81, 0x81, 0x82, 0x82, 0x82, 0x82, 0x82, 0x83, 0x83,
    0x83, 0x83, 0x83, 0x83, 0x83, 0x83, 0x83, 0x83, 0x84, 0x84,
    0x84, 0x84, 0x85, 0x84, 0x85, 0x85, 0x85, 0x85, 0x85, 0x85,
    0x85, 0x85, 0x85, 0x85, 0x86, 0x85, 0x86, 0x86, 0x86, 0x86,
    0x86, 0x86, 0x86, 0x86, 0x86, 0x86, 0x86, 0x86, 0x86, 0x86,
    0x86, 0x86, 0x86, 0x86, 0x86, 0x86, 0x86, 0x86, 0x86, 0x86,
    0x86, 0x86, 0x86, 0x86, 0x86, 0x86, 0x86, 0x86, 0x87, 0x86,
    0x86, 0x86, 0x86, 0x86, 0x87, 0x87, 0x87, 0x87, 0x87, 0x87,
    0x87, 0x87, 0x87, 0x87, 0x87, 0x87, 0x87, 0x87, 0x87, 0x87,
    0x87, 0x87, 0x87, 0x87, 0x87, 0x87, 0x87, 0x87, 0x87, 0x86,
    0x86, 0x86, 0x86, 0x86, 0x86, 0x86, 0x85, 0x85, 0x85, 0x85,
    0x85, 0x84, 0x84, 0x84, 0x84, 0x83, 0x83, 0x83, 0x83, 0x83,
    0x82, 0x82, 0x82, 0x81, 0x81, 0x81, 0x81, 0x81, 0x80, 0x80,
    0x80, 0x80, 0x7f, 0x7f, 0x80, 0x7f, 0x7f, 0x7e, 0x7e, 0x7e,
    0x7e, 0x7d, 0x7d, 0x7d, 0x7d, 0x7d, 0x7c, 0x7c, 0x7c, 0x7c,
    0x7c, 0x7b, 0x7b, 0x7b, 0x7b, 0x7a, 0x7a, 0x7a, 0x7a, 0x79,
    0x79, 0x78, 0x78, 0x78, 0x77, 0x77, 0x77, 0x77, 0x77, 0x76,
    0x76, 0x76, 0x76, 0x76, 0x76, 0x76, 0x76, 0x75, 0x75, 0x75,
    0x75, 0x75, 0x75, 0x75, 0x75, 0x75, 0x75, 0x75, 0x75, 0x75,
    0x75, 0x75, 0x75, 0x75, 0x75, 0x75, 0x75, 0x75, 0x75, 0x76,
    0x75, 0x75, 0x76, 0x76, 0x76, 0x76, 0x76, 0x76, 0x76, 0x76,
    0x77, 0x77, 0x77, 0x77, 0x78, 0x78, 0x78, 0x78, 0x79, 0x79,
    0x79, 0x7a, 0x7a, 0x7a, 0x7a, 0x7b, 0x7b, 0x7c, 0x7c, 0x7c,
    0x7d, 0x7d, 0x7d, 0x7d, 0x7d, 0x7e, 0x7e, 0x7e, 0x7f, 0x7f,
    0x7f, 0x80, 0x80, 0x80, 0x80, 0x81, 0x81, 0x81, 0x81, 0x82,
    0x82, 0x82, 0x82, 0x82, 0x83, 0x83, 0x83, 0x83, 0x83, 0x83,
    0x84, 0x84, 0x84, 0x84, 0x84, 0x84, 0x84, 0x84, 0x84, 0x84,
    0x84, 0x84, 0x84, 0x84, 0x84, 0x84, 0x84, 0x84, 0x84, 0x85,
    0x84, 0x84, 0x84, 0x84, 0x84, 0x84, 0x84, 0x84, 0x84, 0x85,
    0x85, 0x85, 0x85, 0x85, 0x85, 0x85, 0x85, 0x86, 0x86, 0x85,
    0x85, 0x85, 0x85, 0x85, 0x85, 0x85, 0x85, 0x86, 0x86, 0x86,
    0x86, 0x86, 0x86, 0x86, 0x86, 0x86, 0x86, 0x86, 0x86, 0x86,
    0x87, 0x87, 0x87, 0x87, 0x87, 0x87, 0x87, 0x87, 0x87, 0x87,
    0x87, 0x87, 0x87, 0x87, 0x87, 0x87, 0x87, 0x87, 0x86, 0x86,
    0x86, 0x86, 0x86, 0x86, 0x86, 0x85, 0x85, 0x85, 0x85, 0x85,
    0x85, 0x84, 0x84, 0x84, 0x84, 0x84, 0x84, 0x84, 0x83, 0x83,
    0x84, 0x83, 0x83, 0x83, 0x83, 0x83, 0x82, 0x82, 0x82, 0x82,
    0x82, 0x82, 0x82, 0x82, 0x81, 0x81, 0x81, 0x81, 0x80, 0x80,
    0x80, 0x80, 0x7f, 0x7f, 0x7f, 0x7e, 0x7e, 0x7e, 0x7e, 0x7d,
    0x7d, 0x7d, 0x7d, 0x7c, 0x7c, 0x7c, 0x7c, 0x7b, 0x7b, 0x7b,
    0x7b, 0x7a, 0x7a, 0x7a, 0x7a, 0x79, 0x7a, 0x79, 0x79, 0x79,
    0x79, 0x79, 0x79, 0x79, 0x78, 0x78, 0x78, 0x78, 0x78, 0x78,
    0x78, 0x78, 0x78, 0x78, 0x78, 0x78, 0x78, 0x78, 0x78, 0x79,
    0x78, 0x79, 0x79, 0x79, 0x79, 0x79, 0x79, 0x79, 0x79, 0x7a,
    0x7a, 0x7a, 0x7a, 0x7a, 0x7a, 0x7b, 0x7b, 0x7b, 0x7b, 0x7b,
    0x7c, 0x7c, 0x7c, 0x7c, 0x7c, 0x7d, 0x7d, 0x7d, 0x7e, 0x7e,
    0x7e, 0x7e, 0x7f, 0x7f, 0x7f, 0x7f, 0x80, 0x80, 0x80, 0x80,
    0x81, 0x81, 0x81, 0x81, 0x81, 0x82, 0x82, 0x82, 0x82, 0x82,
    0x83, 0x83, 0x83, 0x83, 0x83, 0x83, 0x83, 0x84, 0x83, 0x83,
    0x84, 0x84, 0x84, 0x84, 0x84, 0x84, 0x84, 0x84, 0x83, 0x84,
    0x84, 0x84, 0x84, 0x83, 0x84, 0x83, 0x83, 0x84, 0x83, 0x83,
    0x83, 0x83, 0x83, 0x83, 0x83, 0x83, 0x83, 0x83, 0x83, 0x83,
    0x82, 0x82, 0x82, 0x82, 0x82, 0x82, 0x82, 0x82, 0x82, 0x82,
    0x82, 0x82, 0x82, 0x83, 0x83, 0x83, 0x83, 0x83, 0x83, 0x83,
    0x83, 0x83, 0x83, 0x83, 0x83, 0x83, 0x84, 0x84, 0x83, 0x84,
    0x84, 0x84, 0x84, 0x84, 0x84, 0x84, 0x84, 0x84, 0x84, 0x84,
    0x84, 0x84, 0x84, 0x84, 0x84, 0x83, 0x83, 0x83, 0x83, 0x83,
    0x83, 0x83, 0x82, 0x82, 0x82, 0x82, 0x82, 0x82, 0x81, 0x81,
    0x81, 0x81, 0x81, 0x80, 0x80, 0x80, 0x80, 0x80, 0x80, 0x80,
    0x7f, 0x80, 0x7f, 0x80, 0x80, 0x7f, 0x7f, 0x7f, 0x7f, 0x7f,
    0x7f, 0x7f, 0x7e, 0x7f, 0x7e, 0x7f, 0x7e, 0x7e, 0x7e, 0x7e,
    0x7e, 0x7d, 0x7d, 0x7d, 0x7d, 0x7d, 0x7c, 0x7d, 0x7c, 0x7d,
    0x7c, 0x7c, 0x7c, 0x7c, 0x7c, 0x7c, 0x7c, 0x7b, 0x7b, 0x7b,
    0x7b, 0x7b, 0x7a, 0x7a, 0x7a, 0x7a, 0x7a, 0x7a, 0x7a, 0x7a,
    0x7a, 0x7a, 0x79, 0x79, 0x79, 0x79, 0x79, 0x79, 0x79, 0x79,
    0x79, 0x79, 0x79, 0x79, 0x79, 0x79, 0x79, 0x79, 0x79, 0x79,
    0x79, 0x79, 0x7a, 0x7a, 0x7a, 0x7a, 0x7a, 0x7a, 0x7a, 0x7a,
    0x7a, 0x7a, 0x7b, 0x7b, 0x7b, 0x7b, 0x7b, 0x7c, 0x7c, 0x7c,
    0x7d, 0x7c, 0x7d, 0x7d, 0x7e, 0x7e, 0x7e, 0x7e, 0x7e, 0x7e,
    0x7f, 0x7f, 0x7f, 0x80, 0x80, 0x80, 0x80, 0x81, 0x80, 0x81,
    0x81, 0x81, 0x82, 0x81, 0x82, 0x82, 0x82, 0x82, 0x83, 0x83,
    0x83, 0x83, 0x83, 0x83, 0x83, 0x84, 0x84, 0x84, 0x84, 0x84,
    0x84, 0x84, 0x84, 0x84, 0x84, 0x85, 0x84, 0x84, 0x84, 0x85,
    0x84, 0x84, 0x84, 0x84, 0x84, 0x85, 0x84, 0x84, 0x84, 0x84,
    0x84, 0x84, 0x84, 0x84, 0x84, 0x83, 0x83, 0x83, 0x83, 0x83,
    0x83, 0x83, 0x83, 0x83, 0x83, 0x83, 0x83, 0x83, 0x83, 0x83,
    0x83, 0x82, 0x82, 0x82, 0x82, 0x83, 0x83, 0x82, 0x82, 0x82,
    0x82, 0x82, 0x82, 0x82, 0x82, 0x82, 0x82, 0x82, 0x82, 0x83,
    0x82, 0x83, 0x82, 0x82, 0x83, 0x82, 0x83, 0x83, 0x83, 0x83,
    0x82, 0x82, 0x82, 0x82, 0x82, 0x82, 0x82, 0x82, 0x82, 0x82,
    0x82, 0x81, 0x81, 0x81, 0x81, 0x81, 0x81, 0x81, 0x81, 0x80,
    0x80, 0x80, 0x80, 0x80, 0x80, 0x80, 0x7f, 0x7f, 0x7f, 0x7f,
    0x7f, 0x7f, 0x7f, 0x7f, 0x7e, 0x7e, 0x7e, 0x7e, 0x7e, 0x7e,
    0x7e, 0x7e, 0x7e, 0x7e, 0x7e, 0x7e, 0x7d, 0x7d, 0x7d, 0x7d,
    0x7d, 0x7d, 0x7d, 0x7d, 0x7c, 0x7c, 0x7c, 0x7c, 0x7c, 0x7c,
    0x7c, 0x7b, 0x7b, 0x7b, 0x7b, 0x7b, 0x7b, 0x7b, 0x7a, 0x7b,
    0x7a, 0x7a, 0x7a, 0x7a, 0x7a, 0x7a, 0x7a, 0x7a, 0x7a, 0x7a,
    0x7a, 0x7a, 0x7a, 0x7a, 0x7a, 0x7a, 0x7a, 0x79, 0x79, 0x79,
    0x79, 0x79, 0x79, 0x79, 0x79, 0x79, 0x79, 0x79, 0x79, 0x79,
    0x79, 0x79, 0x79, 0x79, 0x79, 0x79, 0x7a, 0x7a, 0x7a, 0x7a,
    0x7a, 0x7a, 0x7a, 0x7b, 0x7b, 0x7b, 0x7b, 0x7b, 0x7c, 0x7c,
    0x7c, 0x7c, 0x7c, 0x7d, 0x7d, 0x7d, 0x7e, 0x7e, 0x7e, 0x7e,
    0x7f, 0x7f, 0x7f, 0x7f, 0x7f, 0x80, 0x80, 0x80, 0x81, 0x81,
    0x81, 0x81, 0x82, 0x82, 0x82, 0x83, 0x82, 0x83, 0x83, 0x83,
    0x84, 0x84, 0x84, 0x84, 0x84, 0x84, 0x84, 0x85, 0x85, 0x85,
    0x85, 0x85, 0x85, 0x85, 0x85, 0x85, 0x85, 0x85, 0x85, 0x85,
    0x85, 0x85, 0x85, 0x85, 0x85, 0x85, 0x85, 0x85, 0x85, 0x85,
    0x85, 0x85, 0x85, 0x85, 0x85, 0x84, 0x84, 0x85, 0x84, 0x84,
    0x84, 0x84, 0x84, 0x84, 0x84, 0x84, 0x84, 0x84, 0x84, 0x84,
    0x84, 0x84, 0x84, 0x84, 0x84, 0x84, 0x83, 0x84, 0x84, 0x84,
    0x84, 0x84, 0x84, 0x84, 0x84, 0x84, 0x84, 0x84, 0x84, 0x84,
    0x85, 0x85, 0x85, 0x85, 0x85, 0x85, 0x85, 0x85, 0x85, 0x85,
    0x85, 0x85, 0x85, 0x85, 0x85, 0x85, 0x85, 0x85, 0x85, 0x85,
    0x85, 0x85, 0x85, 0x85, 0x85, 0x84, 0x84, 0x84, 0x84, 0x84,
    0x84, 0x84, 0x84, 0x83, 0x83, 0x83, 0x83, 0x83, 0x82, 0x82,
    0x82, 0x82, 0x82, 0x82, 0x81, 0x81, 0x81, 0x81, 0x81, 0x81,
    0x80, 0x80, 0x80, 0x80, 0x80, 0x80, 0x7f, 0x7f, 0x7f, 0x7f,
    0x7f, 0x7f, 0x7f, 0x7f, 0x7e, 0x7e, 0x7e, 0x7e, 0x7e, 0x7d,
    0x7d, 0x7d, 0x7d, 0x7d, 0x7c, 0x7c, 0x7c, 0x7c, 0x7b, 0x7b,
    0x7b, 0x7b, 0x7b, 0x7a, 0x7a, 0x7a, 0x7a, 0x7a, 0x79, 0x79,
    0x79, 0x79, 0x79, 0x79, 0x78, 0x78, 0x78, 0x78, 0x78, 0x78,
    0x78, 0x78, 0x78, 0x78, 0x78, 0x78, 0x78, 0x78, 0x78, 0x78,
    0x78, 0x78, 0x78, 0x78, 0x78, 0x78, 0x78, 0x78, 0x78, 0x78,
    0x79, 0x79, 0x79, 0x79, 0x79, 0x79, 0x79, 0x79, 0x79, 0x79,
    0x7a, 0x7a, 0x7a, 0x7a, 0x7b, 0x7b, 0x7b, 0x7b, 0x7c, 0x7c,
    0x7c, 0x7d, 0x7d, 0x7d, 0x7d, 0x7e, 0x7e, 0x7e, 0x7f, 0x7f,
    0x7f, 0x80, 0x80, 0x80, 0x80, 0x81, 0x81, 0x81, 0x81, 0x82,
    0x82, 0x82, 0x83, 0x83, 0x83, 0x83, 0x84, 0x84, 0x84, 0x85,
    0x85, 0x85, 0x85, 0x85, 0x86, 0x86, 0x86, 0x86, 0x86, 0x86,
    0x86, 0x86, 0x87, 0x86, 0x87, 0x87, 0x87, 0x87, 0x87, 0x87,
    0x87, 0x86, 0x87, 0x87, 0x86, 0x86, 0x86, 0x86, 0x86, 0x86,
    0x86, 0x86, 0x86, 0x86, 0x86, 0x86, 0x86, 0x86, 0x86, 0x86,
    0x86, 0x85, 0x85, 0x85, 0x86, 0x85, 0x86, 0x85, 0x85, 0x85,
    0x85, 0x85, 0x85, 0x85, 0x85, 0x86, 0x86, 0x86, 0x86, 0x86,
    0x86, 0x86, 0x86, 0x86, 0x86, 0x86, 0x86, 0x86, 0x86, 0x86,
    0x86, 0x86, 0x87, 0x86, 0x87, 0x86, 0x86, 0x86, 0x86, 0x86,
    0x86, 0x86, 0x86, 0x86, 0x86, 0x85, 0x86, 0x85, 0x85, 0x85,
    0x85, 0x85, 0x84, 0x84, 0x84, 0x84, 0x83, 0x83, 0x83, 0x83,
    0x82, 0x82, 0x82, 0x82, 0x82, 0x81, 0x81, 0x81, 0x81, 0x81,
    0x80, 0x80, 0x80, 0x80, 0x80, 0x80, 0x7f, 0x7f, 0x7f, 0x7f,
    0x7f, 0x7f, 0x7f, 0x7e, 0x7e, 0x7e, 0x7e, 0x7e, 0x7d, 0x7d,
    0x7d, 0x7d, 0x7d, 0x7d, 0x7c, 0x7c, 0x7c, 0x7c, 0x7c, 0x7b,
    0x7b, 0x7b, 0x7b, 0x7b, 0x7a, 0x7a, 0x7a, 0x7a, 0x7a, 0x79,
    0x79, 0x79, 0x78, 0x78, 0x78, 0x78, 0x78, 0x78, 0x78, 0x77,
    0x77, 0x77, 0x77, 0x77, 0x77, 0x77, 0x76, 0x76, 0x76, 0x76,
    0x76, 0x76, 0x76, 0x76, 0x76, 0x76, 0x76, 0x76, 0x76, 0x76,
    0x76, 0x76, 0x76, 0x76, 0x76, 0x76, 0x77, 0x77, 0x77, 0x77,
    0x77, 0x77, 0x77, 0x77, 0x77, 0x77, 0x78, 0x77, 0x78, 0x78,
    0x78, 0x78, 0x78, 0x79, 0x79, 0x79, 0x79, 0x7a, 0x7a, 0x7b,
    0x7b, 0x7b, 0x7c, 0x7c, 0x7c, 0x7c, 0x7d, 0x7d, 0x7d, 0x7d,
    0x7d, 0x7d, 0x7e, 0x7e, 0x7e, 0x7e, 0x7e, 0x7e, 0x7f, 0x7f,
    0x7f, 0x80, 0x80, 0x80, 0x80, 0x81, 0x81, 0x81, 0x81, 0x81,
    0x81, 0x81, 0x81, 0x81, 0x82, 0x82, 0x82, 0x82, 0x82, 0x82,
    0x82, 0x82, 0x82, 0x82, 0x82, 0x82, 0x82, 0x82, 0x82, 0x82,
    0x82, 0x82, 0x82, 0x82, 0x82, 0x82, 0x82, 0x82, 0x82, 0x82,
    0x82, 0x82, 0x82, 0x82, 0x82, 0x82, 0x82, 0x82, 0x82, 0x82,
    0x82, 0x82, 0x82, 0x82, 0x82, 0x82, 0x82, 0x82, 0x83, 0x83,
    0x83, 0x83, 0x83, 0x83, 0x83, 0x83, 0x84, 0x84, 0x84, 0x84,
    0x84, 0x84, 0x84, 0x84, 0x84, 0x85, 0x85, 0x85, 0x85, 0x85,
    0x85, 0x85, 0x85, 0x85, 0x85, 0x85, 0x85, 0x85, 0x85, 0x85,
    0x85, 0x85, 0x85, 0x85, 0x85, 0x84, 0x84, 0x84, 0x84, 0x84,
    0x84, 0x84, 0x84, 0x83, 0x83, 0x83, 0x83, 0x83, 0x83, 0x82,
    0x82, 0x82, 0x82, 0x82, 0x82, 0x81, 0x82, 0x81, 0x81, 0x81,
    0x81, 0x81, 0x80, 0x80, 0x80, 0x80, 0x80, 0x80, 0x80, 0x80,
    0x80, 0x80, 0x7f, 0x7f, 0x7f, 0x7f, 0x7f, 0x7f, 0x7f, 0x7e,
    0x7e, 0x7e, 0x7e, 0x7e, 0x7e, 0x7e, 0x7d, 0x7d, 0x7d, 0x7c,
    0x7c, 0x7c, 0x7c, 0x7c, 0x7c, 0x7b, 0x7b, 0x7c, 0x7b, 0x7b,
    0x7b, 0x7b, 0x7b, 0x7a, 0x7a, 0x7a, 0x7a, 0x7a, 0x7a, 0x7a,
    0x7a, 0x7a, 0x7a, 0x7a, 0x7a, 0x7a, 0x7a, 0x7a, 0x7a, 0x7a,
    0x7a, 0x7a, 0x7a, 0x7a, 0x7a, 0x7a, 0x7a, 0x7a, 0x7a, 0x7b,
    0x7b, 0x7b, 0x7b, 0x7b, 0x7b, 0x7b, 0x7b, 0x7b, 0x7c, 0x7c,
    0x7c, 0x7c, 0x7c, 0x7d, 0x7c, 0x7d, 0x7d, 0x7d, 0x7e, 0x7d,
    0x7d, 0x7e, 0x7e, 0x7e, 0x7f, 0x7f, 0x7f, 0x7f, 0x80, 0x80,
    0x81, 0x81, 0x81, 0x81, 0x81, 0x81, 0x82, 0x82, 0x82, 0x82,
    0x82, 0x83, 0x83, 0x83, 0x83, 0x83, 0x83, 0x83, 0x83, 0x84,
    0x83, 0x84, 0x83, 0x83, 0x84, 0x84, 0x84, 0x84, 0x84, 0x84,
    0x84, 0x84, 0x84, 0x84, 0x84, 0x84, 0x83, 0x84, 0x84, 0x84,
    0x84, 0x84, 0x84, 0x84, 0x84, 0x84, 0x83, 0x83, 0x83, 0x83,
    0x83, 0x83, 0x83, 0x84, 0x83, 0x83, 0x83, 0x83, 0x83, 0x83,
    0x83, 0x83, 0x83, 0x83, 0x83, 0x84, 0x83, 0x84, 0x84, 0x84,
    0x84, 0x84, 0x84, 0x84, 0x84, 0x84, 0x84, 0x84, 0x84, 0x84,
    0x84, 0x84, 0x85, 0x85, 0x85, 0x85, 0x85, 0x85, 0x85, 0x85,
    0x85, 0x85, 0x85, 0x85, 0x85, 0x85, 0x85, 0x85, 0x85, 0x85,
    0x85, 0x85, 0x84, 0x84, 0x84, 0x84, 0x84, 0x84, 0x84, 0x84,
    0x84, 0x84, 0x84, 0x83, 0x83, 0x83, 0x83, 0x83, 0x83, 0x83,
    0x83, 0x82, 0x82, 0x82, 0x82, 0x82, 0x82, 0x82, 0x81, 0x81,
    0x81, 0x81, 0x81, 0x81, 0x81, 0x81, 0x81, 0x81, 0x81, 0x81,
    0x81, 0x80, 0x80, 0x80, 0x80, 0x80, 0x80, 0x80, 0x80, 0x7f,
    0x7f, 0x7f, 0x7f, 0x7e, 0x7e, 0x7e, 0x7e, 0x7e, 0x7e, 0x7e,
    0x7d, 0x7d, 0x7d, 0x7d, 0x7d, 0x7d, 0x7c, 0x7c, 0x7c, 0x7c,
    0x7c, 0x7b, 0x7b, 0x7b, 0x7b, 0x7b, 0x7b, 0x7b, 0x7b, 0x7b,
    0x7b, 0x7b, 0x7b, 0x7a, 0x7a, 0x7a, 0x7a, 0x7a, 0x7a, 0x7a,
    0x7a, 0x7a, 0x7a, 0x7a, 0x7a, 0x7a, 0x7a, 0x7a, 0x7a, 0x7a,
    0x7a, 0x7a, 0x7a, 0x7a, 0x7a, 0x7a, 0x7a, 0x7a, 0x7a, 0x7a,
    0x7a, 0x7b, 0x7a, 0x7b, 0x7b, 0x7b, 0x7b, 0x7b, 0x7b, 0x7c,
    0x7c, 0x7c, 0x7c, 0x7c, 0x7c, 0x7d, 0x7d, 0x7d, 0x7d, 0x7e,
    0x7e, 0x7e, 0x7e, 0x7e, 0x7f, 0x7f, 0x7f, 0x7f, 0x80, 0x80,
    0x80, 0x80, 0x80, 0x81, 0x81, 0x81, 0x81, 0x81, 0x81, 0x82,
    0x81, 0x81, 0x82, 0x81, 0x82, 0x82, 0x82, 0x82, 0x81, 0x81,
    0x81, 0x82, 0x82, 0x81, 0x81, 0x81, 0x81, 0x81, 0x81, 0x81,
    0x81, 0x81, 0x81, 0x81, 0x81, 0x81, 0x80, 0x80, 0x80, 0x80,
    0x80, 0x80, 0x80, 0x80, 0x80, 0x80, 0x80, 0x80, 0x80, 0x80,
    0x80, 0x80, 0x80, 0x80, 0x80, 0x7f, 0x80, 0x80, 0x80, 0x80,
    0x80, 0x80, 0x80, 0x80, 0x80, 0x80, 0x80, 0x80, 0x80, 0x80,
    0x80, 0x80, 0x80, 0x80, 0x81, 0x80, 0x81, 0x81, 0x80, 0x81,
    0x81, 0x81, 0x81, 0x81, 0x81, 0x81, 0x81, 0x81, 0x81, 0x81,
    0x81, 0x81, 0x82, 0x81, 0x81, 0x81, 0x81, 0x81, 0x81, 0x81,
    0x81, 0x80, 0x80, 0x80, 0x80, 0x80, 0x80, 0x80, 0x80, 0x80,
    0x7f, 0x7f, 0x7f, 0x7f, 0x7f, 0x7f, 0x7f, 0x7f, 0x7e, 0x7e,
    0x7e, 0x7e, 0x7e, 0x7e, 0x7e, 0x7e, 0x7e, 0x7e, 0x7d, 0x7e,
    0x7e, 0x7d, 0x7e, 0x7e, 0x7d, 0x7d, 0x7d, 0x7d, 0x7d, 0x7d,
    0x7d, 0x7d, 0x7d, 0x7d, 0x7c, 0x7c, 0x7c, 0x7c, 0x7c, 0x7b,
    0x7b, 0x7b, 0x7b, 0x7b, 0x7b, 0x7b, 0x7a, 0x7a, 0x7a, 0x7a,
    0x7a, 0x7a, 0x7a, 0x7a, 0x7a, 0x7a, 0x7a, 0x7a, 0x7a, 0x7a,
    0x7a, 0x7a, 0x7a, 0x7a, 0x7a, 0x7a, 0x7a, 0x7a, 0x7a, 0x7a,
    0x7a, 0x7a, 0x7a, 0x7b, 0x7a, 0x7b, 0x7b, 0x7b, 0x7b, 0x7b,
    0x7b, 0x7b, 0x7b, 0x7b, 0x7b, 0x7b, 0x7b, 0x7c, 0x7c, 0x7c,
    0x7c, 0x7c, 0x7d, 0x7c, 0x7d, 0x7d, 0x7d, 0x7d, 0x7d, 0x7d,
    0x7e, 0x7e, 0x7e, 0x7e, 0x7f, 0x7f, 0x7f, 0x80, 0x80, 0x80,
    0x80, 0x81, 0x81, 0x81, 0x81, 0x81, 0x82, 0x82, 0x82, 0x83,
    0x82, 0x83, 0x83, 0x83, 0x83, 0x84, 0x84, 0x84, 0x84, 0x84,
    0x84, 0x84, 0x84, 0x85, 0x85, 0x85, 0x85, 0x85, 0x85, 0x85,
    0x85, 0x85, 0x85, 0x85, 0x85, 0x85, 0x85, 0x85, 0x85, 0x85,
    0x85, 0x85, 0x85, 0x85, 0x85, 0x85, 0x85, 0x85, 0x85, 0x84,
    0x84, 0x84, 0x84, 0x84, 0x84, 0x84, 0x84, 0x84, 0x84, 0x84,
    0x84, 0x84, 0x84, 0x84, 0x84, 0x84, 0x84, 0x84, 0x84, 0x84,
    0x84, 0x84, 0x84, 0x84, 0x84, 0x84, 0x84, 0x84, 0x84, 0x84,
    0x84, 0x84, 0x84, 0x84, 0x84, 0x84, 0x84, 0x84, 0x84, 0x84,
    0x84, 0x84, 0x85, 0x84, 0x85, 0x85, 0x85, 0x85, 0x84, 0x85,
    0x85, 0x85, 0x84, 0x85, 0x84, 0x84, 0x84, 0x84, 0x84, 0x84,
    0x84, 0x84, 0x83, 0x83, 0x83, 0x83, 0x83, 0x83, 0x82, 0x82,
    0x82, 0x82, 0x81, 0x81, 0x81, 0x81, 0x81, 0x81, 0x81, 0x80,
    0x80, 0x80, 0x80, 0x7f, 0x80, 0x80, 0x7f, 0x7f, 0x7f, 0x7f,
    0x7f, 0x7f, 0x7f, 0x7f, 0x7f, 0x7e, 0x7e, 0x7e, 0x7e, 0x7e,
    0x7e, 0x7e, 0x7e, 0x7e, 0x7e, 0x7e, 0x7d, 0x7d, 0x7d, 0x7d,
    0x7d, 0x7c, 0x7c, 0x7c, 0x7c, 0x7c, 0x7c, 0x7b, 0x7b, 0x7b,
    0x7b, 0x7b, 0x7b, 0x7b, 0x7b, 0x7b, 0x7a, 0x7a, 0x7a, 0x7a,
    0x7a, 0x7a, 0x7a, 0x7a, 0x7b, 0x7a, 0x7b, 0x7a, 0x7b, 0x7a,
    0x7b, 0x7b, 0x7a, 0x7b, 0x7b, 0x7b, 0x7a, 0x7b, 0x7b, 0x7b,
    0x7b, 0x7b, 0x7b, 0x7b, 0x7b, 0x7c, 0x7c, 0x7c, 0x7c, 0x7c,
    0x7c, 0x7c, 0x7c, 0x7c, 0x7c, 0x7c, 0x7c, 0x7d, 0x7d, 0x7d,
    0x7d, 0x7d, 0x7e, 0x7e, 0x7e, 0x7e, 0x7e, 0x7f, 0x7f, 0x7f,
    0x7f, 0x80, 0x80, 0x80, 0x81, 0x81, 0x81, 0x82, 0x82, 0x82,
    0x82, 0x83, 0x83, 0x83, 0x83, 0x83, 0x84, 0x84, 0x84, 0x84,
    0x84, 0x85, 0x85, 0x85, 0x85, 0x85, 0x85, 0x85, 0x85, 0x85,
    0x85, 0x85, 0x85, 0x85, 0x85, 0x85, 0x85, 0x85, 0x85, 0x85,
    0x85, 0x85, 0x85, 0x85, 0x85, 0x85, 0x85, 0x84, 0x84, 0x84,
    0x84, 0x84, 0x84, 0x84, 0x84, 0x84, 0x84, 0x84, 0x84, 0x83,
    0x83, 0x83, 0x83, 0x83, 0x84, 0x84, 0x83, 0x83, 0x83, 0x83,
    0x83, 0x83, 0x83, 0x83, 0x83, 0x83, 0x84, 0x84, 0x83, 0x84,
    0x84, 0x84, 0x84, 0x84, 0x84, 0x84, 0x84, 0x84, 0x84, 0x84,
    0x84, 0x84, 0x84, 0x84, 0x84, 0x84, 0x85, 0x84, 0x84, 0x84,
    0x84, 0x84, 0x84, 0x84, 0x84, 0x84, 0x84, 0x84, 0x83, 0x83,
    0x83, 0x83, 0x83, 0x83, 0x83, 0x82, 0x82, 0x82, 0x82, 0x81,
    0x81, 0x81, 0x81, 0x81, 0x80, 0x80, 0x80, 0x80, 0x80, 0x80,
    0x7f, 0x7f, 0x7f, 0x7f, 0x7f, 0x7e, 0x7e, 0x7e, 0x7e, 0x7e,
    0x7e, 0x7e, 0x7e, 0x7d, 0x7d, 0x7d, 0x7d, 0x7d, 0x7d, 0x7d,
    0x7d, 0x7c, 0x7c, 0x7c, 0x7c, 0x7b, 0x7b, 0x7b, 0x7b, 0x7b,
    0x7a, 0x7a, 0x7a, 0x7a, 0x7a, 0x79, 0x79, 0x79, 0x79, 0x79,
    0x79, 0x79, 0x78, 0x78, 0x78, 0x78, 0x78, 0x78, 0x78, 0x78,
    0x78, 0x77, 0x77, 0x77, 0x77, 0x77, 0x77, 0x77, 0x77, 0x77,
    0x77, 0x77, 0x77, 0x77, 0x77, 0x77, 0x77, 0x77, 0x77, 0x77,
    0x77, 0x78, 0x78, 0x78, 0x78, 0x78, 0x78, 0x78, 0x78, 0x79,
    0x79, 0x79, 0x79, 0x79, 0x79, 0x79, 0x7a, 0x7a, 0x7a, 0x7a,
    0x7b, 0x7b, 0x7b, 0x7b, 0x7b, 0x7c, 0x7c, 0x7c, 0x7c, 0x7c,
    0x7d, 0x7d, 0x7d, 0x7e, 0x7e, 0x7e, 0x7e, 0x7f, 0x7f, 0x80,
    0x7f, 0x80, 0x80, 0x80, 0x81, 0x81, 0x81, 0x81, 0x82, 0x82,
    0x82, 0x82, 0x82, 0x83, 0x83, 0x83, 0x83, 0x83, 0x84, 0x84,
    0x84, 0x83, 0x84, 0x84, 0x83, 0x84, 0x84, 0x83, 0x84, 0x84,
    0x84, 0x84, 0x84, 0x84, 0x84, 0x84, 0x84, 0x84, 0x84, 0x84,
    0x84, 0x84, 0x83, 0x84, 0x83, 0x83, 0x83, 0x83, 0x83, 0x83,
    0x83, 0x83, 0x83, 0x83, 0x83, 0x83, 0x83, 0x83, 0x83, 0x83,
    0x83, 0x83, 0x83, 0x83, 0x83, 0x83, 0x83, 0x83, 0x83, 0x83,
    0x83, 0x83, 0x84, 0x84, 0x84, 0x84, 0x84, 0x84, 0x84, 0x84,
    0x84, 0x84, 0x84, 0x84, 0x84, 0x84, 0x84, 0x84, 0x84, 0x84,
    0x84, 0x84, 0x84, 0x84, 0x84, 0x84, 0x84, 0x84, 0x84, 0x84,
    0x84, 0x84, 0x83, 0x83, 0x83, 0x83, 0x83, 0x83, 0x82, 0x82,
    0x82, 0x82, 0x82, 0x82, 0x82, 0x81, 0x81, 0x81, 0x81, 0x81,
    0x80, 0x80, 0x81, 0x80, 0x80, 0x80, 0x80, 0x80, 0x80, 0x80,
    0x80, 0x7f, 0x7f, 0x7f, 0x7f, 0x7f, 0x7f, 0x7f, 0x7f, 0x7f,
    0x7f, 0x7e, 0x7e, 0x7e, 0x7e, 0x7e, 0x7e, 0x7d, 0x7d, 0x7d,
    0x7d, 0x7d, 0x7d, 0x7c, 0x7d, 0x7c, 0x7c, 0x7c, 0x7c, 0x7c,
    0x7b, 0x7c, 0x7b, 0x7b, 0x7b, 0x7b, 0x7b, 0x7a, 0x7b, 0x7a,
    0x7a, 0x7a, 0x7a, 0x7a, 0x7a, 0x7a, 0x7a, 0x7a, 0x7a, 0x7a,
    0x7a, 0x7a, 0x7a, 0x7a, 0x7a, 0x7a, 0x79, 0x79, 0x79, 0x79,
    0x7a, 0x79, 0x7a, 0x79, 0x7a, 0x7a, 0x7a, 0x7a, 0x7a, 0x7a,
    0x7a, 0x7a, 0x7a, 0x7a, 0x7a, 0x7a, 0x7a, 0x7b, 0x7b, 0x7b,
    0x7b, 0x7b, 0x7b, 0x7b, 0x7b, 0x7c, 0x7c, 0x7c, 0x7c, 0x7c,
    0x7d, 0x7d, 0x7d, 0x7d, 0x7d, 0x7e, 0x7e, 0x7e, 0x7e, 0x7f,
    0x7f, 0x7f, 0x7f, 0x80, 0x80, 0x80, 0x80, 0x80, 0x81, 0x81,
    0x81, 0x81, 0x82, 0x82, 0x82, 0x82, 0x82, 0x82, 0x82, 0x83,
    0x83, 0x82, 0x83, 0x83, 0x83, 0x83, 0x83, 0x83, 0x83, 0x82,
    0x83, 0x83, 0x83, 0x83, 0x83, 0x82, 0x83, 0x83, 0x83, 0x82,
    0x82, 0x82, 0x83, 0x82, 0x82, 0x82, 0x82, 0x82, 0x82, 0x82,
    0x82, 0x82, 0x82, 0x82, 0x82, 0x82, 0x82, 0x82, 0x82, 0x82,
    0x82, 0x82, 0x82, 0x82, 0x82, 0x82, 0x82, 0x82, 0x82, 0x82,
    0x82, 0x82, 0x82, 0x82, 0x83, 0x83, 0x83, 0x83, 0x83, 0x83,
    0x83, 0x83, 0x83, 0x83, 0x83, 0x83, 0x84, 0x84, 0x84, 0x84,
    0x84, 0x84, 0x84, 0x84, 0x84, 0x84, 0x84, 0x84, 0x84, 0x84,
    0x84, 0x84, 0x84, 0x84, 0x84, 0x84, 0x84, 0x84, 0x84, 0x84,
    0x83, 0x83, 0x83, 0x83, 0x83, 0x83, 0x83, 0x83, 0x82, 0x82,
    0x82, 0x82, 0x82, 0x82, 0x82, 0x81, 0x82, 0x81, 0x81, 0x81,
    0x81, 0x81, 0x81, 0x81, 0x81, 0x81, 0x81, 0x81, 0x80, 0x80,
    0x80, 0x80, 0x80, 0x80, 0x80, 0x80, 0x7f, 0x80, 0x7f, 0x7f,
    0x7f, 0x7f, 0x7f, 0x7f, 0x7e, 0x7f, 0x7e, 0x7e, 0x7e, 0x7e,
    0x7e, 0x7e, 0x7d, 0x7d, 0x7d, 0x7d, 0x7d, 0x7d, 0x7d, 0x7d,
    0x7c, 0x7c, 0x7c, 0x7c, 0x7c, 0x7c, 0x7c, 0x7c, 0x7c, 0x7c,
    0x7c, 0x7b, 0x7b, 0x7c, 0x7c, 0x7c, 0x7b, 0x7c, 0x7c, 0x7c,
    0x7c, 0x7b, 0x7c, 0x7c, 0x7c, 0x7c, 0x7c, 0x7c, 0x7c, 0x7c,
    0x7c, 0x7c, 0x7c, 0x7c, 0x7c, 0x7c, 0x7c, 0x7c, 0x7c, 0x7d,
    0x7d, 0x7d, 0x7d, 0x7d, 0x7d, 0x7e, 0x7e, 0x7e, 0x7e, 0x7f,
    0x7f, 0x7f, 0x7f, 0x7f, 0x7f, 0x7f, 0x7f, 0x80, 0x80, 0x80,
    0x80, 0x81, 0x81, 0x81, 0x81, 0x81, 0x82, 0x82, 0x82, 0x82,
    0x82, 0x82, 0x83, 0x83, 0x83, 0x83, 0x83, 0x83, 0x83, 0x83,
    0x83, 0x83, 0x84, 0x83, 0x83, 0x83, 0x83, 0x83, 0x83, 0x83,
    0x84, 0x84, 0x83, 0x83, 0x83, 0x84, 0x83, 0x83, 0x83, 0x83,
    0x83, 0x83, 0x83, 0x83, 0x83, 0x83, 0x83, 0x83, 0x83, 0x83,
    0x82, 0x82, 0x82, 0x82, 0x82, 0x82, 0x82, 0x82, 0x82, 0x82,
    0x82, 0x82, 0x82, 0x81, 0x81, 0x81, 0x81, 0x81, 0x81, 0x81,
    0x81, 0x81, 0x81, 0x81, 0x81, 0x81, 0x81, 0x82, 0x82, 0x82,
    0x81, 0x82, 0x82, 0x82, 0x82, 0x82, 0x82, 0x82, 0x82, 0x82,
    0x82, 0x82, 0x82, 0x82, 0x82, 0x82, 0x82, 0x83, 0x82, 0x82,
    0x82, 0x82, 0x82, 0x82, 0x82, 0x82, 0x82, 0x82, 0x81, 0x81,
    0x81, 0x81, 0x81, 0x81, 0x81, 0x81, 0x81, 0x81, 0x81, 0x81,
    0x81, 0x81, 0x80, 0x81, 0x80, 0x80, 0x80, 0x80, 0x80, 0x80,
    0x80, 0x7f, 0x7f, 0x7f, 0x7f, 0x7f, 0x7f, 0x7f, 0x7e, 0x7e,
    0x7e, 0x7e, 0x7e, 0x7e, 0x7e, 0x7e, 0x7e, 0x7e, 0x7d, 0x7e,
    0x7d, 0x7d, 0x7d, 0x7d, 0x7d, 0x7d, 0x7d, 0x7d, 0x7d, 0x7d,
    0x7d, 0x7d, 0x7c, 0x7c, 0x7c, 0x7c, 0x7c, 0x7c, 0x7c, 0x7c,
    0x7c, 0x7c, 0x7c, 0x7b, 0x7b, 0x7b, 0x7b, 0x7b, 0x7b, 0x7b,
    0x7b, 0x7b, 0x7b, 0x7b, 0x7b, 0x7b, 0x7b, 0x7b, 0x7b, 0x7b,
    0x7b, 0x7b, 0x7b, 0x7b, 0x7b, 0x7b, 0x7c, 0x7b, 0x7b, 0x7b,
    0x7b, 0x7b, 0x7b, 0x7b, 0x7b, 0x7b, 0x7b, 0x7b, 0x7b, 0x7b,
    0x7b, 0x7b, 0x7c, 0x7c, 0x7c, 0x7c, 0x7c, 0x7c, 0x7c, 0x7c,
    0x7c, 0x7c, 0x7d, 0x7d, 0x7d, 0x7e, 0x7e, 0x7e, 0x7e, 0x7e,
    0x7f, 0x7f, 0x7f, 0x7f, 0x80, 0x80, 0x80, 0x80, 0x80, 0x81,
    0x81, 0x81, 0x81, 0x81, 0x81, 0x81, 0x82, 0x82, 0x82, 0x82,
    0x82, 0x82, 0x82, 0x82, 0x82, 0x82, 0x83, 0x82, 0x82, 0x82,
    0x83, 0x83, 0x83, 0x83, 0x83, 0x83, 0x83, 0x83, 0x82, 0x83,
    0x83, 0x83, 0x82, 0x82, 0x83, 0x83, 0x83, 0x82, 0x83, 0x82,
    0x82, 0x82, 0x82, 0x82, 0x82, 0x82, 0x82, 0x82, 0x82, 0x82,
    0x82, 0x82, 0x82, 0x82, 0x82, 0x82, 0x82, 0x82, 0x82, 0x82,
    0x82, 0x82, 0x82, 0x82, 0x82, 0x82, 0x82, 0x82, 0x82, 0x82,
    0x82, 0x82, 0x83, 0x82, 0x82, 0x83, 0x83, 0x82, 0x83, 0x82,
    0x83, 0x83, 0x83, 0x82, 0x83, 0x83, 0x83, 0x83, 0x83, 0x83,
    0x83, 0x83, 0x83, 0x83, 0x83, 0x83, 0x83, 0x83, 0x82, 0x82,
    0x82, 0x82, 0x82, 0x82, 0x81, 0x81, 0x81, 0x81, 0x81, 0x81,
    0x81, 0x81, 0x81, 0x81, 0x80, 0x80, 0x80, 0x80, 0x80, 0x80,
    0x80, 0x80, 0x7f, 0x80, 0x80, 0x80, 0x7f, 0x7f, 0x7f, 0x7f,
    0x7f, 0x7f, 0x7f, 0x7f, 0x7f, 0x7f, 0x7f, 0x7f, 0x7e, 0x7f,
    0x7e, 0x7e, 0x7e, 0x7e, 0x7e, 0x7e, 0x7d, 0x7d, 0x7d, 0x7d,
    0x7d, 0x7d, 0x7d, 0x7c, 0x7c, 0x7c, 0x7c, 0x7c, 0x7c, 0x7c,
    0x7c, 0x7b, 0x7c, 0x7b, 0x7b, 0x7b, 0x7b, 0x7b, 0x7b, 0x7b,
    0x7b, 0x7b, 0x7b, 0x7b, 0x7b, 0x7b, 0x7b, 0x7b, 0x7a, 0x7b,
    0x7b, 0x7b, 0x7b, 0x7b, 0x7b, 0x7b, 0x7b, 0x7b, 0x7b, 0x7b,
    0x7b, 0x7b, 0x7b, 0x7b, 0x7b, 0x7b, 0x7b, 0x7b, 0x7c, 0x7c,
    0x7c, 0x7c, 0x7c, 0x7c, 0x7c, 0x7c, 0x7d, 0x7d, 0x7d, 0x7d,
    0x7d, 0x7d, 0x7d, 0x7d, 0x7d, 0x7e, 0x7e, 0x7e, 0x7e, 0x7e,
    0x7e, 0x7e, 0x7f, 0x7f, 0x7f, 0x7f, 0x80, 0x80, 0x80, 0x80,
    0x80, 0x81, 0x81, 0x81, 0x81, 0x81, 0x82, 0x82, 0x82, 0x82,
    0x82, 0x82, 0x82, 0x83, 0x83, 0x83, 0x83, 0x83, 0x83, 0x83,
    0x83, 0x83, 0x83, 0x83, 0x83, 0x83, 0x83, 0x83, 0x83, 0x83,
    0x83, 0x84, 0x83, 0x83, 0x83, 0x83, 0x84, 0x83, 0x83, 0x83,
    0x83, 0x83, 0x83, 0x83, 0x83, 0x83, 0x83, 0x83, 0x83, 0x83,
    0x83, 0x83, 0x83, 0x83, 0x82, 0x83, 0x83, 0x82, 0x82, 0x82,
    0x82, 0x82, 0x82, 0x82, 0x82, 0x82, 0x82, 0x82, 0x82, 0x82,
    0x82, 0x82, 0x82, 0x82, 0x82, 0x82, 0x82, 0x82, 0x82, 0x82,
    0x83, 0x83, 0x83, 0x83, 0x83, 0x83, 0x83, 0x83, 0x83, 0x83,
    0x82, 0x83, 0x83, 0x83, 0x82, 0x83, 0x82, 0x82, 0x82, 0x82,
    0x82, 0x82, 0x82, 0x82, 0x82, 0x82, 0x82, 0x82, 0x82, 0x82,
    0x82, 0x82, 0x82, 0x81, 0x81, 0x81, 0x81, 0x81, 0x81, 0x81,
    0x81, 0x81, 0x80, 0x80, 0x80, 0x80, 0x80, 0x80, 0x80, 0x7f,
    0x7f, 0x7f, 0x7f, 0x7f, 0x7f, 0x7f, 0x7f, 0x7f, 0x7f, 0x7e,
    0x7e, 0x7e, 0x7e, 0x7e, 0x7e, 0x7e, 0x7e, 0x7e, 0x7e, 0x7e,
    0x7d, 0x7e, 0x7d, 0x7d, 0x7d, 0x7d, 0x7d, 0x7d, 0x7c, 0x7c,
    0x7c, 0x7c, 0x7c, 0x7c, 0x7c, 0x7c, 0x7b, 0x7c, 0x7c, 0x7b,
    0x7b, 0x7c, 0x7b, 0x7b, 0x7b, 0x7b, 0x7b, 0x7b, 0x7b, 0x7b,
    0x7b, 0x7b, 0x7b, 0x7b, 0x7b, 0x7b, 0x7b, 0x7b, 0x7b, 0x7b,
    0x7b, 0x7b, 0x7b, 0x7b, 0x7b, 0x7b, 0x7b, 0x7b, 0x7b, 0x7b,
    0x7b, 0x7b, 0x7b, 0x7b, 0x7c, 0x7c, 0x7c, 0x7b, 0x7c, 0x7c,
    0x7c, 0x7c, 0x7c, 0x7c, 0x7d, 0x7d, 0x7d, 0x7d, 0x7d, 0x7e,
    0x7e, 0x7e, 0x7e, 0x7e, 0x7f, 0x7f, 0x7f, 0x80, 0x80, 0x80,
    0x80, 0x80, 0x80, 0x80, 0x80, 0x81, 0x81, 0x81, 0x81, 0x81,
    0x81, 0x81, 0x82, 0x82, 0x82, 0x82, 0x82, 0x82, 0x82, 0x83,
    0x82, 0x83, 0x83, 0x83, 0x83, 0x83, 0x83, 0x82, 0x83, 0x83,
    0x83, 0x83, 0x83, 0x83, 0x83, 0x83, 0x83, 0x83, 0x83, 0x83,
    0x83, 0x82, 0x82, 0x83, 0x82, 0x82, 0x83, 0x82, 0x82, 0x82,
    0x82, 0x82, 0x82, 0x82, 0x82, 0x82, 0x82, 0x82, 0x82, 0x82,
    0x82, 0x82, 0x82, 0x82, 0x82, 0x82, 0x82, 0x82, 0x82, 0x82,
    0x82, 0x82, 0x82, 0x82, 0x82, 0x82, 0x82, 0x82, 0x82, 0x82,
    0x82, 0x82, 0x82, 0x82, 0x83, 0x83, 0x83, 0x83, 0x83, 0x83,
    0x83, 0x83, 0x83, 0x83, 0x83, 0x82, 0x83, 0x82, 0x83, 0x83,
    0x82, 0x83, 0x82, 0x82, 0x82, 0x82, 0x83, 0x82, 0x82, 0x82,
    0x82, 0x82, 0x82, 0x82, 0x82, 0x82, 0x82, 0x82, 0x81, 0x81,
    0x81, 0x81, 0x81, 0x81, 0x80, 0x81, 0x80, 0x80, 0x80, 0x80,
    0x80, 0x80, 0x80, 0x80, 0x80, 0x80, 0x80, 0x80, 0x7f, 0x80,
    0x7f, 0x7f, 0x7f, 0x7f, 0x7f, 0x7f, 0x7f, 0x7f, 0x7f, 0x7f,
    0x7f, 0x7f, 0x7e, 0x7f, 0x7e, 0x7e, 0x7e, 0x7e, 0x7e, 0x7e,
    0x7d, 0x7d, 0x7d, 0x7d, 0x7d, 0x7d, 0x7d, 0x7d, 0x7c, 0x7d,
    0x7c, 0x7d, 0x7c, 0x7c, 0x7c, 0x7c, 0x7c, 0x7c, 0x7c, 0x7c,
    0x7c, 0x7c, 0x7c, 0x7c, 0x7c, 0x7c, 0x7c, 0x7d, 0x7c, 0x7c,
    0x7c, 0x7c, 0x7c, 0x7c, 0x7c, 0x7c, 0x7c, 0x7c, 0x7c, 0x7c,
    0x7d, 0x7c, 0x7c, 0x7c, 0x7c, 0x7c, 0x7d, 0x7d, 0x7d, 0x7d,
    0x7d, 0x7d, 0x7d, 0x7d, 0x7d, 0x7d, 0x7d, 0x7e, 0x7d, 0x7e,
    0x7e, 0x7e, 0x7e, 0x7e, 0x7f, 0x7f, 0x7f, 0x7f, 0x7f, 0x7f,
    0x7f, 0x7f, 0x80, 0x7f, 0x80, 0x80, 0x80, 0x80, 0x80, 0x80,
    0x81, 0x81, 0x81, 0x81, 0x81, 0x81, 0x81, 0x81, 0x81, 0x82,
    0x82, 0x82, 0x82, 0x82, 0x81, 0x82, 0x82, 0x82, 0x82, 0x82,
    0x82, 0x82, 0x82, 0x82, 0x82, 0x82, 0x82, 0x82, 0x82, 0x82,
    0x82, 0x82, 0x82, 0x82, 0x82, 0x82, 0x82, 0x82, 0x82, 0x81,
    0x82, 0x82, 0x82, 0x82, 0x82, 0x82, 0x82, 0x82, 0x82, 0x81,
    0x82, 0x82, 0x82, 0x82, 0x82, 0x81, 0x82, 0x81, 0x82, 0x82,
    0x82, 0x82, 0x81, 0x81, 0x82, 0x82, 0x81, 0x82, 0x82, 0x82,
    0x82, 0x82, 0x82, 0x82, 0x82, 0x82, 0x82, 0x82, 0x82, 0x82,
    0x82, 0x82, 0x82, 0x82, 0x82, 0x82, 0x82, 0x82, 0x82, 0x83,
    0x82, 0x82, 0x82, 0x82, 0x82, 0x82, 0x82, 0x82, 0x82, 0x82,
    0x81, 0x81, 0x81, 0x81, 0x81, 0x81, 0x81, 0x81, 0x81, 0x81,
    0x80, 0x80, 0x80, 0x80, 0x80, 0x80, 0x7f, 0x80, 0x80, 0x7f,
    0x80, 0x7f, 0x7f, 0x7f, 0x7f, 0x7f, 0x7f, 0x7f, 0x7f, 0x7f,
    0x7f, 0x7f, 0x7f, 0x7f, 0x7f, 0x7f, 0x7f, 0x7f, 0x7e, 0x7f,
    0x7f, 0x7f, 0x7f, 0x7e, 0x7e, 0x7e, 0x7e, 0x7e, 0x7e, 0x7e,
    0x7e, 0x7e, 0x7e, 0x7e, 0x7e, 0x7e, 0x7e, 0x7d, 0x7d, 0x7d,
    0x7d, 0x7d, 0x7d, 0x7d, 0x7d, 0x7d, 0x7d, 0x7d, 0x7d, 0x7d,
    0x7d, 0x7d, 0x7d, 0x7d, 0x7d, 0x7d, 0x7d, 0x7d, 0x7d, 0x7d,
    0x7d, 0x7d, 0x7d, 0x7d, 0x7d, 0x7d, 0x7d, 0x7d, 0x7d, 0x7d,
    0x7d, 0x7d, 0x7d, 0x7d, 0x7d, 0x7d, 0x7d, 0x7d, 0x7d, 0x7d,
    0x7d, 0x7d, 0x7d, 0x7d, 0x7d, 0x7d, 0x7d, 0x7d, 0x7d, 0x7d,
    0x7d, 0x7d, 0x7e, 0x7e, 0x7e, 0x7e, 0x7e, 0x7e, 0x7e, 0x7e,
    0x7e, 0x7e, 0x7e, 0x7f, 0x7e, 0x7f, 0x7f, 0x7f, 0x7f, 0x7f,
    0x7f, 0x7f, 0x7f, 0x7f, 0x7f, 0x7f, 0x80, 0x7f, 0x80, 0x80,
    0x80, 0x80, 0x80, 0x80, 0x80, 0x80, 0x80, 0x80, 0x80, 0x80,
    0x80, 0x80, 0x80, 0x80, 0x80, 0x80, 0x80, 0x80, 0x80, 0x80,
    0x80, 0x80, 0x80, 0x80, 0x80, 0x80, 0x80, 0x80, 0x80, 0x80,
    0x81, 0x80, 0x80, 0x80, 0x80, 0x81, 0x80, 0x80, 0x80, 0x80,
    0x80, 0x81, 0x80, 0x81, 0x81, 0x81, 0x81, 0x81, 0x81, 0x81,
    0x81, 0x81, 0x81, 0x81, 0x81, 0x81, 0x81, 0x81, 0x81, 0x81,
    0x81, 0x81, 0x81, 0x81, 0x81, 0x81, 0x81, 0x81, 0x81, 0x81,
    0x81, 0x81, 0x81, 0x81, 0x81, 0x81, 0x81, 0x81, 0x81, 0x82,
    0x82, 0x81, 0x81, 0x81, 0x81, 0x81, 0x81, 0x81, 0x81, 0x81,
    0x81, 0x81, 0x81, 0x81, 0x81, 0x81, 0x81, 0x81, 0x81, 0x81,
    0x81, 0x81, 0x81, 0x80, 0x80, 0x80, 0x80, 0x80, 0x80, 0x80,
    0x80, 0x80, 0x80, 0x80, 0x80, 0x80, 0x80, 0x80, 0x80, 0x80,
    0x80, 0x80, 0x80, 0x80, 0x80, 0x80, 0x80, 0x80, 0x80, 0x80,
    0x80, 0x80, 0x80, 0x7f, 0x80, 0x7f, 0x7f, 0x7f, 0x7f, 0x7f,
    0x7f, 0x7f, 0x7f, 0x7f, 0x7f, 0x7f, 0x7f, 0x7f, 0x7f, 0x7f,
    0x7f, 0x7f, 0x7f, 0x7f, 0x7f, 0x7f, 0x7f, 0x7f, 0x7e, 0x7e,
    0x7e, 0x7e, 0x7e, 0x7e, 0x7e, 0x7e, 0x7e, 0x7e, 0x7e, 0x7e,
    0x7e, 0x7e, 0x7e, 0x7e, 0x7e, 0x7e, 0x7e, 0x7e, 0x7e, 0x7e,
    0x7e, 0x7e, 0x7e, 0x7e, 0x7e, 0x7e, 0x7e, 0x7e, 0x7e, 0x7e,
    0x7e, 0x7e, 0x7e, 0x7e, 0x7e, 0x7f, 0x7e, 0x7f, 0x7e, 0x7e,
    0x7f, 0x7f, 0x7f, 0x7f, 0x7f, 0x7f, 0x7f, 0x7f, 0x7f, 0x7f,
    0x7f, 0x7f, 0x7f, 0x7f, 0x7f, 0x7f, 0x7f, 0x7f, 0x80, 0x80,
    0x80, 0x80, 0x80, 0x80, 0x80, 0x80, 0x80, 0x80, 0x80, 0x80,
    0x80, 0x80, 0x80, 0x80, 0x80, 0x80, 0x80, 0x80, 0x80, 0x80,
    0x80, 0x80, 0x80, 0x80, 0x80, 0x80, 0x80, 0x80, 0x80, 0x80,
    0x80, 0x80, 0x80, 0x80, 0x80, 0x80, 0x80, 0x80, 0x80, 0x80,
    0x80, 0x80, 0x80, 0x80, 0x80, 0x80, 0x80, 0x80, 0x80, 0x80,
    0x80, 0x80, 0x80, 0x80, 0x80, 0x80, 0x80, 0x80, 0x81, 0x80,
    0x81, 0x80, 0x80, 0x80, 0x80, 0x81, 0x81, 0x80, 0x81, 0x81,
    0x81, 0x81, 0x81, 0x81, 0x81, 0x81, 0x81, 0x81, 0x81, 0x81,
    0x81, 0x81, 0x81, 0x81, 0x81, 0x81, 0x81, 0x81, 0x81, 0x81,
    0x81, 0x81, 0x81, 0x80, 0x81, 0x81, 0x81, 0x81, 0x81, 0x81,
    0x80, 0x81, 0x81, 0x80, 0x80, 0x80, 0x80, 0x80, 0x80, 0x80,
    0x80, 0x80, 0x80, 0x80, 0x80, 0x80, 0x80, 0x80, 0x80, 0x80,
    0x80, 0x80, 0x80, 0x80, 0x80, 0x80, 0x80, 0x80, 0x80, 0x80,
    0x80, 0x80, 0x80, 0x80, 0x80, 0x80, 0x80, 0x80, 0x80, 0x80,
    0x80, 0x80, 0x80, 0x80, 0x80, 0x80, 0x80, 0x80, 0x80, 0x80,
    0x80, 0x80, 0x80, 0x80, 0x80, 0x80, 0x80, 0x80, 0x80, 0x80,
    0x80, 0x80, 0x7f, 0x7f, 0x7f, 0x7f, 0x7f, 0x7f, 0x7f, 0x7f,
    0x7f, 0x7f, 0x7f, 0x7f, 0x7f, 0x7f, 0x7f, 0x7f, 0x7f, 0x7f,
    0x7f, 0x7f, 0x7f, 0x7f, 0x7f, 0x7f, 0x7f, 0x7f, 0x7f, 0x7f,
    0x7f, 0x7f, 0x7f, 0x7f, 0x7f, 0x7f, 0x7f, 0x7f, 0x7f, 0x7f,
    0x7f, 0x7f, 0x7f, 0x7f, 0x7f, 0x7f, 0x7f, 0x7f, 0x7f, 0x7f,
    0x7f, 0x7f, 0x7f, 0x7f, 0x7f, 0x7f, 0x7f, 0x7f, 0x7f, 0x7f,
    0x7f, 0x7f, 0x7f, 0x7f, 0x7f, 0x7f, 0x7f, 0x7f, 0x7f, 0x7f,
    0x80, 0x7f, 0x80, 0x7f, 0x80, 0x80, 0x80, 0x80, 0x80, 0x80,
    0x80, 0x80, 0x80, 0x80, 0x80, 0x80, 0x80, 0x80, 0x80, 0x80,
    0x80, 0x80, 0x80, 0x80, 0x80, 0x80, 0x80, 0x80, 0x80, 0x80,
    0x80, 0x80, 0x80, 0x80, 0x80, 0x80, 0x80, 0x80, 0x80, 0x80,
    0x80, 0x80, 0x80, 0x80, 0x80, 0x7f, 0x80, 0x7f, 0x7f, 0x80,
    0x7f, 0x7f, 0x7f, 0x80, 0x7f, 0x7f, 0x80, 0x7f, 0x7f, 0x7f,
    0x80, 0x7f, 0x7f, 0x7f, 0x7f, 0x7f, 0x7f, 0x80, 0x7f, 0x7f,
    0x7f, 0x7f, 0x7f, 0x7f, 0x80, 0x80, 0x7f, 0x80, 0x7f, 0x80,
    0x80, 0x80, 0x80, 0x80, 0x80, 0x80, 0x80, 0x80, 0x80, 0x80,
    0x80, 0x80, 0x80, 0x80, 0x80, 0x80, 0x80, 0x80, 0x80, 0x80,
    0x80, 0x80, 0x80, 0x80, 0x80, 0x80, 0x80, 0x80, 0x80, 0x80,
    0x80, 0x80, 0x80, 0x80, 0x80, 0x80, 0x80, 0x80, 0x80, 0x80,
    0x80, 0x80, 0x80, 0x80, 0x80, 0x80, 0x80, 0x80, 0x80, 0x80,
    0x80, 0x7f, 0x7f, 0x7f, 0x7f, 0x7f, 0x7f, 0x7f, 0x7f, 0x7f,
    0x7f, 0x7f, 0x7f, 0x7f, 0x7f, 0x7f, 0x7f, 0x7f, 0x7f, 0x7f,
    0x7f, 0x7f, 0x7f, 0x7f, 0x7f, 0x7f, 0x7f, 0x7f, 0x7f, 0x7f,
    0x7f, 0x7f, 0x7f, 0x7f, 0x7f, 0x7f, 0x7f, 0x7f, 0x7f, 0x7f,
    0x7f, 0x7f, 0x7f, 0x7f, 0x7f, 0x7f, 0x7f, 0x7f, 0x7f, 0x7f,
    0x7f, 0x7f, 0x7f, 0x7f, 0x7f, 0x7f, 0x7f, 0x7f, 0x7f, 0x7f,
    0x7f, 0x7f, 0x7f, 0x7f, 0x7f, 0x7f, 0x7f, 0x7f, 0x7f, 0x7f,
    0x7f, 0x7f, 0x7f, 0x7f, 0x7f, 0x7f, 0x7f, 0x7f, 0x7f, 0x7f,
    0x7f, 0x7f, 0x80, 0x7f, 0x7f, 0x7f, 0x80, 0x7f, 0x80, 0x7f,
    0x80, 0x80, 0x80, 0x80, 0x7f, 0x80, 0x7f, 0x80, 0x7f, 0x80,
    0x7f, 0x80, 0x7f, 0x80, 0x80, 0x80, 0x80, 0x80, 0x80, 0x7f,
    0x80, 0x7f, 0x80, 0x80, 0x80, 0x80, 0x80, 0x80, 0x80, 0x80,
    0x7f, 0x80,
};
unsigned char PROGMEM sound_clash[9332] = {
	0x52, 0x49, 0x46, 0x46, 0x6C, 0x24, 0x00, 0x00, 0x57, 0x41, 0x56, 0x45,
	0x66, 0x6D, 0x74, 0x20, 0x10, 0x00, 0x00, 0x00, 0x01, 0x00, 0x01, 0x00,
	0x80, 0x3E, 0x00, 0x00, 0x80, 0x3E, 0x00, 0x00, 0x01, 0x00, 0x08, 0x00,
	0x64, 0x61, 0x74, 0x61, 0x47, 0x24, 0x00, 0x00, 0x80, 0x80, 0x80, 0x80,
	0x80, 0x81, 0x81, 0x81, 0x81, 0x81, 0x82, 0x82, 0x82, 0x82, 0x82, 0x82,
	0x82, 0x82, 0x81, 0x81, 0x81, 0x80, 0x81, 0x81, 0x80, 0x80, 0x7F, 0x80,
	0x7F, 0x7E, 0x7E, 0x7F, 0x7D, 0x7C, 0x7C, 0x7C, 0x7B, 0x7B, 0x7C, 0x7C,
	0x7D, 0x7C, 0x7C, 0x7E, 0x7F, 0x80, 0x7F, 0x7F, 0x82, 0x82, 0x81, 0x82,
	0x85, 0x85, 0x83, 0x84, 0x85, 0x85, 0x85, 0x86, 0x86, 0x87, 0x87, 0x86,
	0x87, 0x88, 0x87, 0x85, 0x84, 0x87, 0x87, 0x82, 0x81, 0x81, 0x7F, 0x80,
	0x80, 0x7D, 0x7B, 0x7A, 0x7C, 0x7A, 0x77, 0x7B, 0x7B, 0x77, 0x77, 0x78,
	0x78, 0x77, 0x77, 0x75, 0x76, 0x79, 0x7A, 0x78, 0x76, 0x74, 0x75, 0x7B,
	0x7B, 0x7A, 0x79, 0x78, 0x7D, 0x7F, 0x7D, 0x7D, 0x7D, 0x7E, 0x7F, 0x7B,
	0x7B, 0x7E, 0x7D, 0x7E, 0x82, 0x82, 0x78, 0x74, 0x7E, 0x7E, 0x79, 0x7A,
	0x7C, 0x7D, 0x79, 0x78, 0x7B, 0x7A, 0x71, 0x72, 0x75, 0x6F, 0x69, 0x6F,
	0x74, 0x66, 0x63, 0x72, 0x6E, 0x5D, 0x67, 0x7A, 0x6E, 0x5D, 0x67, 0x79,
	0x76, 0x6B, 0x7A, 0x85, 0x76, 0x6C, 0x78, 0x89, 0x82, 0x82, 0x8C, 0x8F,
	0x87, 0x87, 0x9D, 0xA9, 0x9B, 0x95, 0xAA, 0xB0, 0x9F, 0x99, 0xA5, 0xB5,
	0xB1, 0x99, 0x8A, 0x98, 0xAA, 0xA0, 0x8E, 0x8C, 0x93, 0x8F, 0x77, 0x71,
	0x87, 0x88, 0x77, 0x6A, 0x64, 0x6E, 0x73, 0x5F, 0x5B, 0x74, 0x70, 0x51,
	0x4E, 0x64, 0x82, 0x82, 0x52, 0x33, 0x59, 0x94, 0x92, 0x75, 0x5F, 0x4F,
	0x73, 0x9E, 0xA2, 0xA2, 0x80, 0x4C, 0x6D, 0xAD, 0xBA, 0xAD, 0x8E, 0x70,
	0x85, 0xAA, 0xAC, 0x9D, 0x81, 0x79, 0x9A, 0xA8, 0x93, 0x7D, 0x6D, 0x85,
	0x9F, 0x86, 0x73, 0x5D, 0x63, 0x9D, 0x95, 0x7C, 0x6D, 0x3D, 0x5F, 0x99,
	0x7E, 0x69, 0x56, 0x45, 0x7B, 0x9D, 0x88, 0x75, 0x49, 0x39, 0x82, 0xAB,
	0x97, 0x74, 0x3F, 0x3E, 0x70, 0x9C, 0xAD, 0xA9, 0x75, 0x2E, 0x34, 0x74,
	0xA4, 0xAA, 0xA6, 0x86, 0x44, 0x35, 0x73, 0xB2, 0xC2, 0xB7, 0x7C, 0x40,
	0x3F, 0x54, 0x7F, 0xB1, 0xBF, 0xB5, 0x8E, 0x4A, 0x31, 0x4A, 0x57, 0x77,
	0xA9, 0xB9, 0xA9, 0x79, 0x40, 0x34, 0x3A, 0x49, 0x86, 0xAF, 0xAC, 0x9D,
	0x6B, 0x3A, 0x39, 0x3F, 0x5D, 0x93, 0xA3, 0xB5, 0xBF, 0x91, 0x65, 0x62,
	0x5E, 0x54, 0x6D, 0x9B, 0xBA, 0xC4, 0xC2, 0xC7, 0xAD, 0x6E, 0x67, 0x78,
	0x82, 0xC9, 0xFF, 0xE6, 0xB3, 0x85, 0x68, 0x63, 0x8B, 0xBD, 0xCE, 0xD3,
	0xCE, 0xA6, 0x78, 0x6D, 0x76, 0x87, 0x89, 0x5A, 0x42, 0x74, 0x9D, 0xA4,
	0xAA, 0x9F, 0x6E, 0x3D, 0x40, 0x61, 0x82, 0x95, 0x75, 0x4F, 0x5D, 0x52,
	0x2E, 0x4A, 0x7F, 0x93, 0xA1, 0xB1, 0xAD, 0x8F, 0x74, 0x79, 0x84, 0x8A,
	0x8F, 0x8E, 0x90, 0x8E, 0x7B, 0x66, 0x5A, 0x84, 0xC1, 0xB0, 0xB1, 0xDE,
	0xB3, 0x53, 0x57, 0x82, 0x87, 0xAD, 0xCD, 0x87, 0x4A, 0x57, 0x3F, 0x48,
	0x5C, 0x6B, 0xB5, 0xBC, 0x97, 0x94, 0x57, 0x17, 0x34, 0x81, 0x8E, 0x92,
	0xAD, 0x7B, 0x40, 0x20, 0x4D, 0x7C, 0x49, 0x43, 0xAF, 0xC3, 0xB2, 0xAF,
	0x59, 0x6A, 0x6C, 0x28, 0x61, 0xC5, 0xBA, 0x80, 0x82, 0xA4, 0x6B, 0x25,
	0x7F, 0x90, 0x30, 0x50, 0xC1, 0xA0, 0x68, 0xC8, 0xE9, 0x79, 0x36, 0x99,
	0xBA, 0x68, 0x55, 0x9C, 0x8B, 0x59, 0x5F, 0x6E, 0x86, 0x4B, 0x24, 0x5B,
	0x71, 0x77, 0x8C, 0x59, 0x74, 0xB3, 0xA7, 0xC0, 0x8A, 0x37, 0x97, 0x89,
	0x58, 0x89, 0x7E, 0xA7, 0x77, 0x74, 0xD3, 0xA5, 0x59, 0x4D, 0x78, 0xB5,
	0x8C, 0x7F, 0xBA, 0x86, 0x5F, 0xB8, 0xFF, 0xCD, 0x9D, 0xC7, 0xC7, 0xA2,
	0x6B, 0x82, 0xC0, 0x9B, 0xB4, 0x9C, 0x4E, 0x7D, 0x8B, 0x49, 0x74, 0x7D,
	0x1A, 0x5F, 0xA8, 0x79, 0x7D, 0x91, 0x93, 0x45, 0x01, 0x70, 0xB4, 0x48,
	0x4C, 0x98, 0x86, 0x9A, 0x8F, 0x8B, 0x74, 0x25, 0x16, 0x5F, 0xD0, 0xAB,
	0x6A, 0x76, 0x40, 0x4A, 0x9C, 0x73, 0x49, 0x98, 0x98, 0x44, 0x3E, 0x83,
	0x95, 0x84, 0xBF, 0xD0, 0x6B, 0x48, 0xA2, 0xBB, 0x85, 0x98, 0xF2, 0xC4,
	0x35, 0x56, 0xB0, 0x54, 0x65, 0xAD, 0x61, 0x54, 0x62, 0x78, 0x44, 0x6D,
	0xA5, 0x44, 0x26, 0x74, 0x68, 0x4D, 0xA6, 0x90, 0xA5, 0xC1, 0x61, 0x29,
	0x93, 0xBD, 0x25, 0x44, 0xA2, 0x58, 0xA2, 0xFE, 0xA6, 0x55, 0x7C, 0x96,
	0x23, 0x23, 0xB1, 0xB4, 0x5C, 0x84, 0xC0, 0xCB, 0x94, 0x5A, 0x83, 0xBD,
	0x64, 0x43, 0xBD, 0x75, 0x4F, 0xBF, 0x95, 0x27, 0x7C, 0x90, 0x32, 0x63,
	0xAE, 0xAA, 0x8B, 0xC0, 0x88, 0x44, 0x8A, 0x5A, 0x13, 0x7A, 0xBC, 0x7E,
	0xA7, 0xB0, 0x64, 0x79, 0x59, 0x1B, 0x85, 0xE5, 0x86, 0x2A, 0x85, 0x98,
	0x26, 0x29, 0x8D, 0x85, 0x70, 0xCD, 0x89, 0x70, 0x8F, 0x5A, 0x69, 0xA2,
	0xD8, 0x8E, 0x9C, 0xEC, 0xAE, 0x42, 0x72, 0xB8, 0x8F, 0xD2, 0xAE, 0x88,
	0xC9, 0x8A, 0x35, 0x42, 0x8B, 0x90, 0x81, 0x4D, 0x29, 0x89, 0x54, 0x19,
	0x7A, 0xAB, 0x60, 0x16, 0x1F, 0x78, 0x98, 0x50, 0x78, 0x9F, 0x9F, 0x6A,
	0x38, 0x7D, 0xC2, 0xA6, 0x8D, 0x80, 0x9C, 0xC4, 0xB8, 0x9D, 0x82, 0xCB,
	0xC0, 0xAD, 0x8C, 0x58, 0x9F, 0xA1, 0x58, 0x93, 0xC8, 0x6A, 0x59, 0xA1,
	0x74, 0x49, 0x52, 0x35, 0x90, 0xA4, 0x4E, 0xA8, 0xCE, 0x68, 0x9A, 0x68,
	0x23, 0x94, 0xAC, 0xBC, 0xD4, 0x95, 0x84, 0x70, 0x30, 0x7E, 0x84, 0x5E,
	0xA9, 0x8E, 0x9E, 0xAF, 0x58, 0x71, 0x80, 0x43, 0x83, 0x74, 0x27, 0x90,
	0x79, 0x4A, 0xAA, 0xC9, 0x5B, 0x3A, 0xA1, 0x74, 0x53, 0xAE, 0xA1, 0x8E,
	0xCD, 0x83, 0x6A, 0xA1, 0x69, 0x86, 0xBD, 0x4E, 0x40, 0x6C, 0x25, 0x45,
	0xBF, 0xA4, 0x7B, 0xBC, 0x69, 0x24, 0x5A, 0x84, 0x83, 0x42, 0x45, 0x92,
	0x65, 0x37, 0x66, 0x7C, 0x78, 0x24, 0x3F, 0xB9, 0x8A, 0x4D, 0x7F, 0x72,
	0x73, 0xBF, 0x7C, 0x7F, 0xD9, 0x7C, 0x4B, 0xA7, 0xB2, 0xA7, 0xA5, 0x60,
	0x7E, 0xD1, 0xB8, 0xEF, 0xDC, 0x8E, 0xC4, 0x67, 0x3B, 0xB6, 0xCE, 0x66,
	0x9C, 0xB5, 0x91, 0x95, 0x47, 0x8E, 0x50, 0x56, 0xC7, 0x7F, 0x7E, 0x8A,
	0x74, 0x5B, 0x5C, 0x8F, 0x76, 0x58, 0x8A, 0x72, 0x8D, 0x72, 0x57, 0xB2,
	0x78, 0x31, 0x62, 0x76, 0x52, 0x98, 0x6D, 0x0E, 0x95, 0xBB, 0x4F, 0xA7,
	0x94, 0x63, 0x8F, 0x3E, 0x5F, 0xC9, 0xB8, 0x58, 0xBE, 0xAC, 0x91, 0xEA,
	0x8C, 0x65, 0x98, 0xA2, 0x88, 0xAC, 0x8D, 0x69, 0x73, 0xA2, 0x66, 0x21,
	0xD2, 0x85, 0x11, 0xB5, 0x98, 0x52, 0xA1, 0xBE, 0x41, 0x39, 0xB1, 0x6E,
	0x79, 0xD4, 0x5B, 0x36, 0x95, 0x45, 0x62, 0xE1, 0xA2, 0x41, 0x92, 0x70,
	0x50, 0x99, 0x5D, 0xC5, 0xD5, 0x0F, 0x45, 0xA1, 0x45, 0xA8, 0xC4, 0x4C,
	0x86, 0x87, 0x28, 0x79, 0xAA, 0x47, 0x82, 0xD8, 0x8D, 0x39, 0x6C, 0x70,
	0x02, 0x5D, 0xD1, 0x7B, 0xA7, 0x93, 0x0A, 0x58, 0xB0, 0x82, 0x6F, 0x90,
	0x76, 0x25, 0x2E, 0x6F, 0x58, 0x70, 0x9D, 0x5A, 0x42, 0x43, 0x64, 0xC9,
	0xA7, 0x35, 0x6A, 0xC1, 0x6E, 0x79, 0x86, 0x73, 0xBD, 0x90, 0x6C, 0xA2,
	0x80, 0x54, 0xCD, 0xDD, 0xA3, 0x83, 0x43, 0x7B, 0xCF, 0xAE, 0xA3, 0xB0,
	0x69, 0xB3, 0xB3, 0x67, 0x5E, 0x77, 0xC8, 0x97, 0x67, 0x90, 0x6F, 0x7A,
	0xD0, 0x6D, 0x37, 0xAA, 0xDB, 0x61, 0x4E, 0xE2, 0xBF, 0x42, 0x83, 0xA4,
	0x5E, 0x5F, 0x56, 0x9F, 0x9B, 0x05, 0x41, 0x84, 0x1D, 0x85, 0x9F, 0x1C,
	0x93, 0xC4, 0x6B, 0xB3, 0xA4, 0x40, 0xA6, 0xF8, 0x8D, 0x98, 0xCB, 0xAC,
	0xD3, 0x98, 0x81, 0xD8, 0xB0, 0xA3, 0xB2, 0x7F, 0xB6, 0x7F, 0x3E, 0x7E,
	0x99, 0x8E, 0x4E, 0x46, 0xAB, 0x89, 0x26, 0x86, 0xB4, 0x32, 0x1E, 0x8F,
	0x78, 0x54, 0x6B, 0x87, 0x67, 0x18, 0x31, 0x99, 0xA8, 0x17, 0x4D, 0xB2,
	0x49, 0x8A, 0x8A, 0x5B, 0xC2, 0x56, 0x2C, 0xAC, 0x6C, 0x63, 0xBE, 0x7F,
	0x36, 0x8B, 0xDE, 0x57, 0x2C, 0xA3, 0xA8, 0x67, 0x6B, 0x69, 0x85, 0x76,
	0x81, 0x8B, 0x40, 0x9C, 0xB0, 0x51, 0x50, 0x9E, 0x95, 0x8E, 0x79, 0x5F,
	0x8A, 0x8C, 0x80, 0xA2, 0xCA, 0x82, 0x33, 0x66, 0x89, 0x1F, 0x6A, 0xDF,
	0x7A, 0x42, 0x82, 0x69, 0x23, 0x4C, 0x5B, 0x65, 0xB0, 0x9D, 0x59, 0x60,
	0x56, 0x78, 0x73, 0x7D, 0x6F, 0x93, 0xE1, 0x81, 0xA1, 0xBC, 0x66, 0x69,
	0xDE, 0xCA, 0xD3, 0xF2, 0xDC, 0xA9, 0x73, 0x9B, 0x72, 0xA6, 0xD0, 0x98,
	0xA4, 0xD7, 0x97, 0x87, 0xB8, 0x7E, 0x31, 0x8F, 0xAC, 0x30, 0x89, 0xD9,
	0x66, 0x3B, 0x64, 0x2D, 0x53, 0x8F, 0x7B, 0x59, 0x6B, 0x99, 0x4B, 0x4B,
	0xB1, 0x84, 0x19, 0x3A, 0x6B, 0x5B, 0x7D, 0x65, 0x79, 0xCB, 0x68, 0x19,
	0x41, 0x55, 0x7C, 0xC3, 0xA4, 0x35, 0x74, 0xAE, 0x3D, 0x88, 0xA4, 0x75,
	0xD5, 0xC0, 0x4F, 0x9E, 0x92, 0x54, 0xE0, 0xDE, 0x90, 0x5E, 0x8B, 0xB1,
	0x72, 0x35, 0x67, 0x83, 0x7D, 0x92, 0x58, 0x9C, 0xAC, 0x2C, 0x3F, 0x94,
	0x7D, 0x33, 0x60, 0xCC, 0x8D, 0x1B, 0x57, 0x9A, 0x42, 0x23, 0x84, 0xE7,
	0x8F, 0x4E, 0xA8, 0x72, 0x24, 0xA3, 0xB7, 0x75, 0x8E, 0xAC, 0xA2, 0x55,
	0x88, 0x9C, 0x8B, 0x79, 0x53, 0x7D, 0xEC, 0xD9, 0x82, 0xC7, 0xB6, 0x35,
	0x1C, 0xC0, 0xCD, 0x66, 0x72, 0xA6, 0xB7, 0x75, 0x28, 0x4E, 0xA5, 0x59,
	0x50, 0x5D, 0x56, 0x89, 0x5F, 0x85, 0xA3, 0x2A, 0x56, 0xC5, 0x70, 0x6C,
	0xCF, 0xB7, 0x33, 0x48, 0xB4, 0xAB, 0x5C, 0x86, 0xCC, 0x7B, 0x50, 0x77,
	0xA2, 0x66, 0x8D, 0xF2, 0xBB, 0x5F, 0x8A, 0x93, 0x89, 0xDB, 0x84, 0x67,
	0xA5, 0x8E, 0x94, 0xB2, 0xBC, 0xA4, 0x8C, 0x5B, 0x98, 0xD2, 0x78, 0x93,
	0x85, 0x67, 0xAA, 0x8F, 0x69, 0x94, 0x8C, 0x60, 0x6A, 0x53, 0x6E, 0x87,
	0x23, 0x3D, 0x8D, 0x6F, 0x30, 0x29, 0x88, 0x9B, 0x5B, 0x09, 0x53, 0x7A,
	0x59, 0x80, 0x57, 0x99, 0xC0, 0x3B, 0x3E, 0xC5, 0xA1, 0x87, 0x7D, 0x69,
	0xCD, 0x93, 0x47, 0xA7, 0xCC, 0x56, 0x3E, 0xBA, 0xAB, 0x50, 0x84, 0xF2,
	0xBF, 0x56, 0x5A, 0xA5, 0xA1, 0x66, 0x5D, 0x5D, 0xC3, 0xD5, 0x79, 0x7C,
	0x9E, 0x67, 0x68, 0xB0, 0x91, 0xA8, 0x9B, 0x74, 0xC2, 0x99, 0x33, 0x44,
	0x79, 0x6E, 0x89, 0x85, 0x4E, 0x7E, 0x4C, 0x08, 0x6F, 0x9C, 0x42, 0x64,
	0x69, 0x4F, 0x82, 0x5C, 0x8C, 0xC9, 0x50, 0x47, 0x95, 0x8F, 0xB3, 0x7F,
	0x52, 0xB3, 0xA4, 0x5A, 0x98, 0x9E, 0x9C, 0xA4, 0x59, 0x99, 0xAE, 0x51,
	0xA1, 0xBB, 0x61, 0x8F, 0x91, 0x3D, 0x4E, 0x95, 0x83, 0x5D, 0x7B, 0x44,
	0x45, 0x6B, 0x64, 0x9B, 0x8F, 0x7F, 0x7B, 0x50, 0x39, 0x9E, 0xAB, 0x4E,
	0x7B, 0xA4, 0x68, 0x4F, 0x3C, 0x6B, 0xC6, 0x8A, 0x6D, 0x90, 0x9A, 0xB4,
	0x8B, 0x54, 0xC7, 0xE1, 0x66, 0x5F, 0x9D, 0xA9, 0x9D, 0x58, 0x83, 0xA3,
	0x67, 0xB1, 0x92, 0x81, 0x90, 0x30, 0x48, 0xAB, 0x82, 0x91, 0x81, 0x6D,
	0x7B, 0x5C, 0x9D, 0xA9, 0x70, 0x58, 0xAD, 0x9A, 0x85, 0x90, 0x39, 0x80,
	0xBB, 0x5B, 0x71, 0xB0, 0x6A, 0x44, 0xBC, 0xF8, 0x91, 0x41, 0x7B, 0xBF,
	0x64, 0x5E, 0xB5, 0xA4, 0x67, 0x69, 0x9E, 0x98, 0x80, 0x59, 0x59, 0xA1,
	0x95, 0x6F, 0x58, 0x81, 0x8C, 0x6D, 0x71, 0x4E, 0x63, 0x86, 0x79, 0x79,
	0xA0, 0x66, 0x68, 0x7E, 0x54, 0x70, 0xAD, 0xB0, 0x67, 0x86, 0x98, 0x6D,
	0xA5, 0xB8, 0x79, 0xA2, 0xC2, 0x68, 0x77, 0xBA, 0x5E, 0x6A, 0xB9, 0xA2,
	0x73, 0x6A, 0x7A, 0x74, 0x67, 0x5F, 0x93, 0x65, 0x4E, 0x6A, 0x5C, 0x8F,
	0x88, 0x31, 0x4D, 0x6D, 0x5A, 0x90, 0x72, 0x3A, 0x88, 0x84, 0x5B, 0x82,
	0x65, 0x6C, 0x8A, 0x6D, 0x4E, 0xA0, 0xC2, 0x4C, 0x27, 0x66, 0x96, 0x63,
	0x74, 0xBB, 0x6F, 0x58, 0x93, 0x6D, 0x6B, 0x78, 0x6B, 0xAA, 0x9B, 0x52,
	0x7E, 0x8F, 0x65, 0x70, 0xB3, 0x97, 0x58, 0x74, 0x73, 0x92, 0x88, 0x6A,
	0xB2, 0xA7, 0x4E, 0xA6, 0xDF, 0x7B, 0x67, 0x61, 0xA2, 0xFB, 0xBB, 0x5A,
	0x9D, 0xB6, 0x71, 0x78, 0x78, 0xBB, 0xAC, 0x4E, 0xA4, 0xB5, 0x51, 0xAD,
	0xCF, 0x5C, 0x74, 0xB0, 0x76, 0x3D, 0x5C, 0x7F, 0x4A, 0x63, 0x93, 0x4A,
	0x88, 0x87, 0x68, 0xC3, 0x88, 0x41, 0x94, 0xCC, 0xC8, 0x87, 0x4C, 0xB2,
	0xB8, 0x42, 0x6A, 0xC0, 0xAB, 0x7A, 0x61, 0xB3, 0xC8, 0x74, 0xA0, 0xAF,
	0x5B, 0xA1, 0xE0, 0x83, 0x88, 0x73, 0x74, 0xCE, 0x86, 0x44, 0xB3, 0x85,
	0x17, 0x88, 0x9B, 0x69, 0x62, 0x70, 0x71, 0x39, 0x5D, 0x99, 0x67, 0x58,
	0x9F, 0x91, 0x52, 0x2F, 0x58, 0x7D, 0x97, 0xC8, 0x77, 0x61, 0xAF, 0x83,
	0x76, 0x9A, 0x91, 0x9F, 0x9C, 0x96, 0x6A, 0x88, 0xE3, 0xBA, 0x5A, 0x5B,
	0xC1, 0x9E, 0x24, 0x49, 0x96, 0x87, 0x66, 0x30, 0x75, 0x92, 0x46, 0x51,
	0x42, 0x49, 0x69, 0x45, 0x2E, 0x79, 0x9B, 0x46, 0x4D, 0x89, 0x43, 0x27,
	0x64, 0x68, 0x7A, 0x9F, 0x4A, 0x66, 0xAE, 0x4F, 0x3E, 0x8D, 0x8C, 0x86,
	0x9C, 0x60, 0x82, 0xC7, 0x7E, 0x63, 0xDD, 0xD4, 0x88, 0xA2, 0x9D, 0xB6,
	0xA9, 0x72, 0xA2, 0xD2, 0xB6, 0x71, 0x91, 0xF0, 0xAD, 0x58, 0x94, 0xE7,
	0xA3, 0x69, 0x5B, 0x88, 0xE5, 0x67, 0x3E, 0xD5, 0xC1, 0x47, 0x71, 0x9C,
	0x95, 0x6C, 0x25, 0xA6, 0xF8, 0x63, 0x36, 0x92, 0x7A, 0x82, 0x85, 0x31,
	0x91, 0xB1, 0x5E, 0x65, 0x6E, 0x65, 0x4D, 0x55, 0x4F, 0x87, 0x9D, 0x2D,
	0x5C, 0x9B, 0x56, 0x49, 0x7D, 0xA6, 0x79, 0x6F, 0xCB, 0xB7, 0x40, 0x6B,
	0xBE, 0xBF, 0xB2, 0x81, 0x8E, 0xA6, 0xAD, 0xAF, 0x7F, 0x7A, 0xC1, 0xA7,
	0x70, 0xAB, 0xBB, 0x65, 0x58, 0x7A, 0x72, 0x87, 0x56, 0x71, 0x98, 0x27,
	0x4E, 0x88, 0x0F, 0x2A, 0x6C, 0x21, 0x26, 0x74, 0x75, 0x4C, 0x2D, 0x25,
	0x7A, 0x8A, 0x25, 0x4B, 0x9C, 0x8B, 0x8F, 0x72, 0x82, 0xB1, 0x87, 0x4D,
	0x6E, 0xDA, 0xC0, 0x6F, 0x85, 0x91, 0xA6, 0xE7, 0xBB, 0x53, 0x7C, 0xE8,
	0xC7, 0x73, 0x9F, 0xC9, 0x92, 0x4D, 0x52, 0xC3, 0x9D, 0x50, 0xB7, 0xB2,
	0x50, 0x58, 0x42, 0x5F, 0x7F, 0x46, 0x7A, 0x80, 0x0C, 0x33, 0x87, 0x36,
	0x39, 0x73, 0x83, 0x60, 0x21, 0x58, 0x8F, 0x50, 0x2D, 0x83, 0xAE, 0x89,
	0x5B, 0x6A, 0x7E, 0x8B, 0xCE, 0xB0, 0x56, 0x9D, 0xDD, 0xA3, 0xA6, 0xEE,
	0xDA, 0x85, 0x7D, 0xB9, 0xFF, 0xC6, 0xA1, 0xE8, 0xC5, 0x91, 0x9A, 0xAB,
	0xDF, 0x9B, 0x67, 0xCB, 0xA4, 0x2C, 0x65, 0xAE, 0x70, 0x5F, 0x7A, 0x74,
	0x32, 0x47, 0x8E, 0x78, 0x63, 0x76, 0x67, 0x52, 0x62, 0x66, 0x6C, 0x6C,
	0x71, 0x98, 0x76, 0x2A, 0x97, 0xAD, 0x2D, 0x3D, 0x86, 0x5E, 0x3D, 0x73,
	0x86, 0x60, 0x4D, 0x7A, 0xA3, 0x66, 0x2A, 0x80, 0xA3, 0x62, 0x6F, 0x9F,
	0x7E, 0x8F, 0xBE, 0xB3, 0x90, 0x71, 0xAA, 0xAF, 0xA6, 0xBC, 0xB0, 0xB4,
	0xD0, 0xB6, 0x69, 0x84, 0xA1, 0x9F, 0xA8, 0x97, 0x94, 0x68, 0x45, 0x6D,
	0x6A, 0x64, 0x4D, 0x4B, 0x7A, 0x59, 0x22, 0x23, 0x2E, 0x40, 0x8F, 0x79,
	0x40, 0x3C, 0x3A, 0x66, 0x67, 0x4B, 0x82, 0xA7, 0x56, 0x80, 0xB7, 0x6F,
	0x80, 0x8B, 0x93, 0xBD, 0xD0, 0x90, 0xAA, 0xEA, 0xA1, 0xAF, 0xA5, 0x7D,
	0xB8, 0xF7, 0xBA, 0x90, 0x71, 0x4D, 0x9D, 0xA1, 0x5D, 0xA4, 0xC9, 0x87,
	0x95, 0x78, 0x7C, 0x84, 0x59, 0x89, 0xAE, 0x5F, 0x32, 0x52, 0x45, 0x51,
	0x48, 0x44, 0x58, 0x46, 0x3B, 0x31, 0x1B, 0x51, 0x6C, 0x53, 0x6E, 0x65,
	0x6E, 0x87, 0x8D, 0x83, 0x92, 0x95, 0xA1, 0xE4, 0xF4, 0x95, 0x5D, 0xA1,
	0xE7, 0xFE, 0xD3, 0xBE, 0xD9, 0xC8, 0xA1, 0xBA, 0xDB, 0xD2, 0xA4, 0x92,
	0xB6, 0xC8, 0x82, 0x75, 0x99, 0x82, 0x66, 0x36, 0x49, 0x53, 0x1C, 0x44,
	0x75, 0x5B, 0x69, 0x35, 0x2B, 0x56, 0x3D, 0x55, 0x54, 0x65, 0x70, 0x4A,
	0x8F, 0xA0, 0x40, 0x66, 0x98, 0x63, 0x5C, 0x7E, 0xAC, 0xAE, 0x6B, 0x6E,
	0x9D, 0x95, 0x9A, 0x9C, 0x78, 0x7D, 0x8C, 0x88, 0x87, 0x9B, 0x9F, 0x98,
	0x94, 0x7E, 0x81, 0x96, 0x8C, 0x88, 0xC8, 0xC4, 0x80, 0x78, 0x8F, 0x7C,
	0x76, 0x9F, 0x7B, 0x86, 0xC5, 0x91, 0x91, 0xA2, 0x6E, 0x96, 0xC2, 0x83,
	0x61, 0x7D, 0x7F, 0x68, 0x61, 0x60, 0x43, 0x3C, 0x5D, 0x4B, 0x08, 0x16,
	0x57, 0x4E, 0x36, 0x41, 0x4E, 0x60, 0x50, 0x35, 0x33, 0x52, 0x72, 0x7A,
	0x6A, 0x74, 0x7F, 0x74, 0x9E, 0xA5, 0xAF, 0xC5, 0x8B, 0x66, 0xA6, 0xC9,
	0xBC, 0xB1, 0x9B, 0xB2, 0xCA, 0x9D, 0x8E, 0xA5, 0x69, 0x74, 0xCC, 0x6E,
	0x2A, 0x76, 0x7C, 0x6D, 0x43, 0x3E, 0x78, 0x64, 0x2D, 0x30, 0x70, 0x74,
	0x41, 0x2C, 0x2D, 0x7E, 0x88, 0x4E, 0x6E, 0x5F, 0x39, 0x6D, 0x92, 0x6A,
	0x81, 0x6E, 0x70, 0xB8, 0xAB, 0x75, 0x61, 0xAC, 0xDF, 0xA8, 0xAC, 0xC9,
	0xB9, 0xC1, 0xBC, 0xDA, 0xE2, 0xBE, 0xB4, 0xD5, 0xE8, 0xEC, 0xD3, 0xA9,
	0xD9, 0xE5, 0xB3, 0xAE, 0xCA, 0xBE, 0x73, 0x6F, 0xC0, 0xA5, 0x4B, 0x3D,
	0x70, 0x7E, 0x3A, 0x3A, 0x94, 0x82, 0x33, 0x4B, 0x7A, 0x63, 0x49, 0x4F,
	0x6E, 0x7D, 0x60, 0x7E, 0xA8, 0x70, 0x4C, 0x92, 0xB1, 0x77, 0x6A, 0x71,
	0xA6, 0xBA, 0x87, 0x75, 0x75, 0x87, 0x7F, 0x75, 0x45, 0x21, 0x6D, 0x96,
	0x74, 0x90, 0x68, 0x21, 0x70, 0x98, 0x75, 0x73, 0x8F, 0xB5, 0x77, 0x46,
	0xA1, 0xA0, 0x8B, 0xBD, 0x8E, 0x7D, 0xB7, 0x8E, 0x81, 0x91, 0x95, 0xD4,
	0xD5, 0x91, 0x71, 0x6C, 0x74, 0x83, 0x58, 0x5D, 0x71, 0x50, 0x53, 0x77,
	0x5F, 0x11, 0x07, 0x32, 0x49, 0x30, 0x4E, 0x76, 0x50, 0x41, 0x33, 0x34,
	0x4B, 0x66, 0x7D, 0x66, 0x66, 0x76, 0x9B, 0xCA, 0x99, 0x72, 0xC3, 0xB0,
	0x67, 0x8D, 0xB7, 0xDA, 0xDF, 0xAB, 0x86, 0xA3, 0xA0, 0x9D, 0x85, 0x6F,
	0x7F, 0x76, 0x87, 0x8E, 0x94, 0x68, 0x4F, 0x66, 0x7E, 0x87, 0x69, 0x84,
	0x6E, 0x3F, 0x71, 0x8B, 0x60, 0x85, 0xB1, 0x84, 0x5B, 0x8D, 0x9C, 0x57,
	0x76, 0xAE, 0x99, 0x62, 0x97, 0xB1, 0x6C, 0x63, 0x74, 0x90, 0xA6, 0x9A,
	0x6F, 0x99, 0xAD, 0x9B, 0xA8, 0x93, 0x8B, 0xA8, 0xE3, 0xBE, 0xBC, 0xE3,
	0xAE, 0xA7, 0xA7, 0xAA, 0xDA, 0xD4, 0xA6, 0x95, 0xA0, 0xDA, 0xB0, 0x43,
	0x72, 0x95, 0x4C, 0x43, 0xA8, 0xB0, 0x3A, 0x3A, 0x83, 0xA0, 0x71, 0x27,
	0x31, 0x40, 0x2C, 0x60, 0x8E, 0x85, 0x7E, 0x69, 0xA2, 0xDA, 0xB1, 0xBB,
	0xB6, 0x6E, 0x84, 0x90, 0x7F, 0x90, 0x79, 0x7F, 0x71, 0x27, 0x02, 0x17,
	0x47, 0x31, 0x06, 0x52, 0x84, 0x38, 0x26, 0x73, 0x9E, 0x5C, 0x44, 0x83,
	0xB1, 0x96, 0x36, 0x73, 0xBE, 0x89, 0x92, 0xAB, 0x88, 0x87, 0x96, 0x92,
	0xB7, 0xCD, 0xCB, 0xBF, 0x87, 0x5A, 0x79, 0x85, 0x5C, 0x89, 0xAC, 0x3F,
	0x1E, 0x73, 0x6D, 0x39, 0x22, 0x30, 0x4C, 0x28, 0x03, 0x30, 0x76, 0x5A,
	0x08, 0x37, 0x5D, 0x3C, 0x4A, 0x4F, 0x94, 0x9F, 0x56, 0x8B, 0xDE, 0xA4,
	0x4D, 0x72, 0xDA, 0xDD, 0x84, 0x97, 0xD9, 0xCE, 0xA9, 0xB6, 0xCB, 0xC3,
	0xD2, 0xF2, 0xAD, 0x71, 0x95, 0x90, 0x9A, 0x8E, 0x95, 0xD0, 0x8A, 0x5D,
	0x94, 0x68, 0x4C, 0xA0, 0xA1, 0x52, 0x6E, 0x96, 0xA5, 0xA4, 0x44, 0x5A,
	0xBE, 0x62, 0x2F, 0x7B, 0x67, 0x62, 0x5B, 0x29, 0x80, 0xA5, 0x35, 0x40,
	0xA0, 0xB0, 0x97, 0x8C, 0x66, 0x6C, 0xA8, 0xA2, 0xBF, 0xBA, 0x75, 0xCA,
	0xF5, 0xA3, 0xA8, 0xB7, 0xDA, 0xFF, 0xCA, 0x93, 0xB1, 0xCF, 0xD4, 0xBC,
	0x76, 0x8C, 0x9A, 0x76, 0x8E, 0x93, 0x62, 0x6E, 0x70, 0x35, 0x37, 0x62,
	0x6D, 0x39, 0x28, 0x43, 0x58, 0x5C, 0x2B, 0x40, 0x70, 0x50, 0x54, 0x82,
	0x77, 0x7E, 0x50, 0x21, 0x66, 0x58, 0x46, 0xA0, 0xA3, 0x34, 0x49, 0x61,
	0x4F, 0x8E, 0x4C, 0x2B, 0x80, 0x89, 0x7E, 0x67, 0x60, 0xB1, 0xAC, 0x86,
	0xB0, 0x7C, 0x7A, 0xBF, 0xAD, 0x9B, 0x93, 0xB3, 0xAA, 0x73, 0xA9, 0xDA,
	0xB5, 0xB7, 0xA7, 0x97, 0xC8, 0xD3, 0xBC, 0xA4, 0x85, 0x84, 0x94, 0x72,
	0x8A, 0x7A, 0x38, 0x63, 0x5F, 0x50, 0x62, 0x25, 0x00, 0x33, 0x3F, 0x35,
	0x39, 0x32, 0x4C, 0x46, 0x31, 0x2F, 0x34, 0x4A, 0x6F, 0x75, 0x7B, 0x8C,
	0x81, 0x89, 0x72, 0x6E, 0x8C, 0xB5, 0xAE, 0x7A, 0x8A, 0xD1, 0xD2, 0x99,
	0xB3, 0xD9, 0xBB, 0xB6, 0xBD, 0x9C, 0x86, 0x87, 0xB3, 0xAA, 0x89, 0x7A,
	0x7A, 0xB7, 0x9E, 0x68, 0x91, 0xA3, 0x6B, 0x72, 0x90, 0x7B, 0x4F, 0x53,
	0x9A, 0x7C, 0x58, 0x71, 0x50, 0x49, 0x5B, 0x39, 0x27, 0x54, 0x8B, 0x81,
	0x50, 0x38, 0x4E, 0x69, 0x84, 0x9C, 0x7D, 0x63, 0x94, 0xBB, 0x7E, 0x87,
	0xD7, 0xCF, 0xBB, 0xB8, 0xC2, 0xD9, 0xD9, 0xD6, 0xF1, 0xFE, 0xE5, 0xB7,
	0xAD, 0xE4, 0xDD, 0xC6, 0xA9, 0x7A, 0xAC, 0xA7, 0x6C, 0x7E, 0x5B, 0x4B,
	0x7C, 0x58, 0x36, 0x55, 0x7B, 0x5E, 0x20, 0x2B, 0x60, 0x4D, 0x44, 0x4E,
	0x51, 0x7C, 0x70, 0x85, 0xAF, 0x7E, 0x3D, 0x5C, 0x6E, 0x79, 0xC3, 0xB0,
	0x5A, 0x37, 0x81, 0x97, 0x49, 0x12, 0x2F, 0x7B, 0x75, 0x80, 0x7E, 0x67,
	0x88, 0x87, 0x71, 0x9A, 0xCD, 0xA1, 0x67, 0x86, 0xB0, 0xA6, 0xAC, 0x9C,
	0x8E, 0xD4, 0xC4, 0x87, 0xB6, 0xB4, 0x93, 0xD2, 0xE8, 0xB8, 0xA3, 0xAA,
	0x7C, 0x57, 0x7E, 0x93, 0x6F, 0x56, 0x78, 0x5B, 0x25, 0x32, 0x2E, 0x1E,
	0x39, 0x26, 0x22, 0x43, 0x47, 0x72, 0x81, 0x4C, 0x0D, 0x08, 0x52, 0x73,
	0x4C, 0x70, 0x81, 0x61, 0x8B, 0xA7, 0x88, 0x8E, 0xA2, 0xB8, 0xE7, 0xEE,
	0xC3, 0xB8, 0xD8, 0xA9, 0x6B, 0x84, 0xBA, 0xA9, 0x7A, 0x81, 0x75, 0x27,
	0x5B, 0xA1, 0x8D, 0x81, 0x60, 0x7D, 0x70, 0x45, 0x65, 0x8A, 0x69, 0x3E,
	0x4E, 0x75, 0x72, 0x51, 0x58, 0x69, 0x5A, 0x70, 0x86, 0x5D, 0x70, 0x6E,
	0x41, 0x61, 0x69, 0x49, 0x52, 0x63, 0x77, 0x8C, 0x85, 0x9D, 0xA2, 0x84,
	0xB3, 0xCE, 0xA6, 0x97, 0xB4, 0xD3, 0xC6, 0xD3, 0xFD, 0xE8, 0xD4, 0xEF,
	0xE9, 0xD8, 0xE8, 0xD9, 0xB8, 0xC8, 0xC1, 0x9B, 0x7C, 0x8E, 0xAF, 0x60,
	0x42, 0x65, 0x62, 0x58, 0x3E, 0x3E, 0x47, 0x43, 0x58, 0x5D, 0x3B, 0x3E,
	0x47, 0x43, 0x5B, 0x5D, 0x68, 0xA8, 0xAC, 0xA5, 0xAB, 0x7B, 0x58, 0x3E,
	0x62, 0xBD, 0xC1, 0x73, 0x61, 0x4E, 0x38, 0x35, 0x37, 0x5E, 0x25, 0x12,
	0x78, 0x8E, 0x5C, 0x48, 0x89, 0xB4, 0x71, 0x66, 0x8C, 0xAA, 0xAF, 0x71,
	0x93, 0xCE, 0x92, 0x8A, 0xB2, 0x98, 0x7F, 0x94, 0xB2, 0xC4, 0xA6, 0x9B,
	0xC0, 0x82, 0x60, 0x92, 0x6A, 0x4C, 0x71, 0x60, 0x3B, 0x32, 0x3A, 0x49,
	0x41, 0x32, 0x29, 0x36, 0x31, 0x1D, 0x27, 0x48, 0x6C, 0x7E, 0x4C, 0x18,
	0x1F, 0x43, 0x79, 0x66, 0x72, 0x89, 0x7D, 0x88, 0x9B, 0xB0, 0xB8, 0xC2,
	0xB0, 0xBB, 0xB7, 0xB1, 0xEA, 0xDC, 0xA0, 0xCF, 0xFF, 0xC3, 0x91, 0xA9,
	0xC6, 0x9F, 0x60, 0x84, 0xB1, 0x76, 0x61, 0x7E, 0x92, 0x6F, 0x3F, 0x67,
	0x82, 0x52, 0x44, 0x79, 0x7C, 0x61, 0x52, 0x58, 0x71, 0x73, 0x69, 0x69,
	0x8A, 0x73, 0x3E, 0x58, 0x66, 0x6F, 0x9D, 0x69, 0x23, 0x59, 0xA6, 0x95,
	0x68, 0x92, 0xBD, 0xA0, 0xA1, 0xA9, 0xB2, 0xD0, 0xC1, 0xCC, 0xDE, 0xD3,
	0xDF, 0xE2, 0xE4, 0xEE, 0xEE, 0xFC, 0xE2, 0xB2, 0xC5, 0xD1, 0xC2, 0xBF,
	0x88, 0x6F, 0x8D, 0x92, 0x8A, 0x48, 0x37, 0x78, 0x60, 0x16, 0x36, 0x66,
	0x60, 0x6B, 0x5B, 0x21, 0x0B, 0x2B, 0x77, 0x9B, 0x77, 0x92, 0xBA, 0x89,
	0x7E, 0x7A, 0x4F, 0x47, 0x4F, 0x6E, 0x9D, 0xAE, 0x6B, 0x36, 0x46, 0x40,
	0x3C, 0x48, 0x38, 0x42, 0x72, 0x5F, 0x38, 0x6E, 0x9B, 0x69, 0x62, 0xA1,
	0xB7, 0x8E, 0x77, 0x94, 0x8D, 0x95, 0xB2, 0x98, 0x8C, 0xA8, 0xA4, 0x8D,
	0xA3, 0xB8, 0xB0, 0x9D, 0xB0, 0xBC, 0x88, 0x9E, 0xA6, 0x63, 0x67, 0x80,
	0x70, 0x56, 0x5B, 0x59, 0x58, 0x61, 0x2B, 0x00, 0x2A, 0x67, 0x50, 0x3D,
	0x69, 0x87, 0x6F, 0x67, 0x56, 0x42, 0x83, 0xA2, 0x81, 0x70, 0xA3, 0xD2,
	0xC5, 0x89, 0x8F, 0xBE, 0xAB, 0xAB, 0xA0, 0xBD, 0xF2, 0xC3, 0x99, 0xC7,
	0xDB, 0xC8, 0x9E, 0x6B, 0x7D, 0xB1, 0x8B, 0x5A, 0x79, 0x68, 0x54, 0x63,
	0x60, 0x6A, 0x7A, 0x81, 0x79, 0x52, 0x44, 0x66, 0x8F, 0x7E, 0x3F, 0x6D,
	0x99, 0x52, 0x5C, 0x7D, 0x6C, 0x6A, 0x38, 0x25, 0x76, 0xA0, 0x63, 0x3E,
	0x3A, 0x57, 0x87, 0x92, 0x7C, 0x57, 0x67, 0xAE, 0xB0, 0x7D, 0x8D, 0xC2,
	0xB1, 0x8A, 0xB3, 0xEE, 0xF7, 0xEA, 0x8F, 0x42, 0x80, 0x92, 0x8C, 0xAD,
	0xAD, 0x9B, 0xD1, 0xF8, 0xD1, 0xA7, 0xA1, 0x99, 0x94, 0x89, 0x70, 0x88,
	0x7A, 0x40, 0x45, 0x5C, 0x42, 0x2B, 0x08, 0x0D, 0x3A, 0x30, 0x18, 0x42,
	0x4D, 0x6C, 0x95, 0x7F, 0x7C, 0x74, 0x61, 0x54, 0x58, 0x86, 0xE1, 0xC3,
	0x61, 0x4D, 0x6E, 0x97, 0x8C, 0x60, 0x42, 0x5C, 0xAF, 0xBB, 0x68, 0x48,
	0x4F, 0x68, 0x90, 0x90, 0x74, 0x6E, 0xA2, 0xA2, 0x65, 0x7C, 0xB2, 0xA3,
	0x7C, 0x67, 0x93, 0xC9, 0x81, 0x5E, 0xBA, 0xDC, 0xB0, 0x74, 0x65, 0x93,
	0x7F, 0x68, 0x93, 0x71, 0x3E, 0x83, 0x81, 0x3B, 0x5B, 0x4F, 0x2C, 0x53,
	0x36, 0x22, 0x61, 0x52, 0x32, 0x8C, 0xD0, 0x5C, 0x02, 0x35, 0x89, 0x97,
	0x70, 0x94, 0xB6, 0x8F, 0x6F, 0xA3, 0xB3, 0xA9, 0xB7, 0x96, 0x8F, 0xCA,
	0xD4, 0xD1, 0xE5, 0xAC, 0xA5, 0xA5, 0x8A, 0xA9, 0x99, 0x62, 0x5B, 0x6C,
	0x83, 0xB3, 0x92, 0x65, 0x72, 0x60, 0x73, 0x97, 0x61, 0x55, 0x7E, 0x63,
	0x6A, 0x7C, 0x69, 0x72, 0x6D, 0x5A, 0x62, 0x72, 0x7C, 0x7D, 0x5B, 0x30,
	0x4C, 0xA7, 0x9C, 0x48, 0x3C, 0x4B, 0x6E, 0x80, 0x71, 0x7D, 0x7B, 0x76,
	0xA8, 0xAB, 0x96, 0xBE, 0xAF, 0x88, 0xBE, 0xF5, 0xBE, 0xAD, 0xE5, 0xF8,
	0xFC, 0xDC, 0xBD, 0xC2, 0xB5, 0xAE, 0xB8, 0x7C, 0x7A, 0xAF, 0x6E, 0x57,
	0x78, 0x53, 0x51, 0x5F, 0x57, 0x42, 0x42, 0x94, 0x7E, 0x33, 0x43, 0x47,
	0x2C, 0x4F, 0x78, 0x90, 0x7A, 0x74, 0xAD, 0x9A, 0x8D, 0x89, 0x77, 0x64,
	0x40, 0x5E, 0xC7, 0xD4, 0x6F, 0x40, 0x4F, 0x97, 0xA0, 0x27, 0x02, 0x4D,
	0x8F, 0x74, 0x73, 0x95, 0x6A, 0x62, 0x8F, 0x80, 0x5D, 0x81, 0xA8, 0xB3,
	0x8B, 0x85, 0xB9, 0xA9, 0x90, 0xA5, 0xA2, 0xA4, 0xA1, 0xA6, 0xC6, 0xB0,
	0xAA, 0xC9, 0xBF, 0x99, 0x78, 0x7E, 0x83, 0x6E, 0x71, 0x74, 0x66, 0x64,
	0x59, 0x41, 0x41, 0x17, 0x05, 0x40, 0x54, 0x31, 0x2F, 0x5F, 0x8C, 0x76,
	0x22, 0x20, 0x3E, 0x5E, 0x87, 0x8B, 0x77, 0x6A, 0x71, 0x9A, 0xAF, 0x8E,
	0x9A, 0xB0, 0x9A, 0xA7, 0xBF, 0xA9, 0xC5, 0xD2, 0xAF, 0x9F, 0x92, 0x8F,
	0x91, 0x8B, 0x93, 0x92, 0x6C, 0x67, 0x86, 0x88, 0x68, 0x6D, 0x8A, 0x6F,
	0x5F, 0x73, 0x7A, 0x74, 0x5E, 0x75, 0x8C, 0x6C, 0x6F, 0x85, 0x7E, 0x77,
	0x81, 0x8E, 0x87, 0x6D, 0x5C, 0x84, 0x96, 0x6B, 0x5C, 0x54, 0x55, 0x80,
	0x9D, 0x80, 0x56, 0x61, 0x97, 0xA3, 0x90, 0xAA, 0xCA, 0xD0, 0xB8, 0xA7,
	0xD2, 0xDD, 0xC6, 0xE7, 0xFF, 0xEF, 0xDB, 0xB3, 0x99, 0xB7, 0xD1, 0xCC,
	0xAC, 0x85, 0x6D, 0x74, 0x88, 0x75, 0x6C, 0x82, 0x66, 0x29, 0x39, 0x74,
	0x80, 0x4E, 0x18, 0x22, 0x4C, 0x48, 0x32, 0x59, 0x6E, 0x7D, 0x9A, 0x89,
	0x8A, 0x92, 0x7F, 0x51, 0x3A, 0x58, 0xB8, 0xC2, 0x4A, 0x36, 0x6B, 0x74,
	0x5B, 0x21, 0x03, 0x2D, 0x67, 0x70, 0x72, 0x68, 0x4F, 0x59, 0x75, 0x92,
	0x94, 0x83, 0x82, 0x86, 0x86, 0x9A, 0xA6, 0xA7, 0xB1, 0xA0, 0x9D, 0xBD,
	0xBA, 0x9A, 0x93, 0xAA, 0xD6, 0xCE, 0x8E, 0x7A, 0x6F, 0x5A, 0x49, 0x40,
	0x55, 0x82, 0x8F, 0x64, 0x4A, 0x70, 0x69, 0x30, 0x47, 0x60, 0x56, 0x37,
	0x11, 0x2A, 0x68, 0x3E, 0x0A, 0x05, 0x15, 0x48, 0x5D, 0x55, 0x58, 0x87,
	0x76, 0x6D, 0xA1, 0x9A, 0x87, 0xB1, 0xAD, 0x93, 0xC2, 0xCE, 0x96, 0x9D,
	0xBD, 0xB2, 0xDA, 0xFB, 0xD5, 0xBB, 0xA1, 0x91, 0xA5, 0x8D, 0x7F, 0x92,
	0x8B, 0x84, 0x84, 0x5B, 0x50, 0x89, 0x6D, 0x4C, 0x82, 0x7F, 0x52, 0x6B,
	0x81, 0x5B, 0x5F, 0x7A, 0x6F, 0x73, 0x6F, 0x65, 0x5E, 0x4F, 0x89, 0xB3,
	0x6F, 0x4A, 0x53, 0x88, 0xC3, 0x84, 0x34, 0x4F, 0x8E, 0x87, 0x71, 0x97,
	0x94, 0x71, 0x93, 0xB2, 0xC2, 0xE8, 0xEB, 0xCE, 0xD7, 0xF7, 0xFD, 0xF7,
	0xD6, 0xC6, 0xD9, 0xCE, 0xB6, 0xB4, 0xA6, 0x9D, 0x80, 0x6E, 0x7C, 0x57,
	0x45, 0x68, 0x5F, 0x3E, 0x5B, 0x61, 0x35, 0x18, 0x25, 0x37, 0x36, 0x26,
	0x4A, 0x7E, 0x78, 0x8C, 0xA7, 0xAF, 0xB1, 0x80, 0x4D, 0x5B, 0x7C, 0xAE,
	0xCA, 0x8F, 0x5A, 0x76, 0x98, 0x8A, 0x61, 0x39, 0x32, 0x66, 0x72, 0x7C,
	0x89, 0x77, 0x88, 0x7A, 0x7A, 0x96, 0x9D, 0xA0, 0xAB, 0xA1, 0x8D, 0x95,
	0xAD, 0xA5, 0x9C, 0xB9, 0xDA, 0xCB, 0x91, 0x6D, 0x82, 0xA6, 0xA1, 0x96,
	0x8C, 0x7E, 0x6F, 0x53, 0x35, 0x4D, 0x62, 0x5A, 0x4B, 0x41, 0x37, 0x20,
	0x19, 0x1D, 0x20, 0x24, 0x2D, 0x48, 0x68, 0x89, 0xAE, 0x8C, 0x32, 0x1A,
	0x70, 0x9C, 0x7D, 0x80, 0xAB, 0xAA, 0x8F, 0xAF, 0xBB, 0x94, 0x92, 0xCE,
	0xDB, 0xAC, 0xBA, 0xF2, 0xD8, 0xC4, 0xD7, 0xA6, 0x90, 0x8F, 0x79, 0x9B,
	0x8F, 0x62, 0x8C, 0x85, 0x51, 0x67, 0x79, 0x6E, 0x6A, 0x75, 0x66, 0x45,
	0x6B, 0x89, 0x5A, 0x4C, 0x67, 0x7A, 0x74, 0x63, 0x6D, 0x57, 0x44, 0x6B,
	0x6C, 0x4B, 0x55, 0x81, 0x99, 0x79, 0x3B, 0x3E, 0x6D, 0x6C, 0x6A, 0x7C,
	0x8C, 0x85, 0x84, 0xA2, 0xB5, 0xC4, 0xB7, 0x99, 0xAC, 0xD4, 0xE0, 0xD9,
	0xD6, 0xE1, 0xE3, 0xDC, 0xE2, 0xEB, 0xBF, 0x9A, 0xBA, 0xC2, 0x92, 0x7E,
	0x8F, 0x8D, 0x67, 0x46, 0x52, 0x5F, 0x41, 0x23, 0x49, 0x75, 0x4E, 0x27,
	0x1F, 0x2B, 0x5D, 0x64, 0x46, 0x50, 0x79, 0x80, 0x81, 0xA4, 0xB2, 0xA5,
	0x7F, 0x5D, 0x5D, 0x9B, 0xCC, 0xAA, 0x89, 0x78, 0x75, 0x8C, 0x82, 0x46,
	0x13, 0x45, 0x86, 0x77, 0x7E, 0x77, 0x5B, 0x7C, 0x85, 0x77, 0x89, 0x88,
	0x8A, 0x8F, 0x93, 0xA3, 0x94, 0x8F, 0xA7, 0xAF, 0xBD, 0xB5, 0x7B, 0x75,
	0x94, 0x91, 0x9F, 0xC4, 0x9D, 0x7A, 0x8F, 0x75, 0x59, 0x71, 0x7A, 0x54,
	0x4A, 0x60, 0x58, 0x37, 0x24, 0x27, 0x2D, 0x1C, 0x2A, 0x49, 0x4E, 0x76,
	0x9A, 0x61, 0x0D, 0x14, 0x66, 0x91, 0x6B, 0x67, 0x80, 0x7A, 0x97, 0x99,
	0x78, 0x9B, 0xB3, 0xB2, 0xCA, 0xB8, 0xA3, 0xC0, 0xB8, 0x8D, 0x92, 0x9E,
	0x9E, 0x9D, 0x87, 0x74, 0x61, 0x5D, 0x7B, 0x84, 0x61, 0x6B, 0x84, 0x64,
	0x50, 0x5A, 0x82, 0x80, 0x58, 0x78, 0x86, 0x5C, 0x6C, 0x85, 0x65, 0x7B,
	0x99, 0x7F, 0x6B, 0x75, 0x83, 0x84, 0x72, 0x74, 0x75, 0x40, 0x2D, 0x55,
	0x72, 0x78, 0x99, 0x9E, 0xAD, 0xE9, 0xDB, 0xC0, 0xD7, 0xE7, 0xE1, 0xC2,
	0xB7, 0xCB, 0xBC, 0xAA, 0x95, 0x7F, 0x9C, 0xAD, 0x9C, 0x9D, 0x95, 0x8A,
	0xA0, 0x9E, 0x79, 0x86, 0x98, 0x5C, 0x22, 0x2C, 0x49, 0x6B, 0x83, 0x6A,
	0x64, 0x8B, 0xB5, 0xB8, 0x88, 0x7A, 0x9A, 0x94, 0x91, 0x9C, 0x83, 0x92,
	0xAF, 0x91, 0x8C, 0xA8, 0x93, 0x66, 0x4A, 0x3E, 0x81, 0xAC, 0x76, 0x55,
	0x61, 0x70, 0x6F, 0x45, 0x0E, 0x16, 0x46, 0x62, 0x67, 0x62, 0x64, 0x6B,
	0x71, 0x89, 0x95, 0x8C, 0x8B, 0x83, 0x86, 0x8D, 0x88, 0x8F, 0x9F, 0xA3,
	0x9F, 0x96, 0x91, 0x8F, 0x7C, 0x8B, 0xC0, 0xD4, 0xC8, 0x98, 0x81, 0x93,
	0x8B, 0x71, 0x63, 0x72, 0x77, 0x5C, 0x46, 0x50, 0x4A, 0x32, 0x26, 0x26,
	0x2D, 0x2D, 0x34, 0x54, 0x6B, 0x62, 0x45, 0x2F, 0x37, 0x52, 0x71, 0x79,
	0x70, 0x74, 0x8D, 0xA3, 0xA5, 0xA2, 0xA7, 0xAB, 0xB3, 0xC3, 0xBA, 0xB1,
	0xC0, 0xC1, 0xB1, 0xA4, 0xA3, 0xA0, 0xA1, 0x93, 0x6F, 0x68, 0x74, 0x71,
	0x72, 0x6F, 0x6B, 0x6B, 0x5B, 0x48, 0x51, 0x7A, 0x7D, 0x67, 0x77, 0x82,
	0x6B, 0x65, 0x72, 0x71, 0x6A, 0x75, 0x81, 0x6E, 0x73, 0x80, 0x57, 0x55,
	0x85, 0x71, 0x47, 0x50, 0x6E, 0x78, 0x69, 0x6B, 0x7C, 0x6D, 0x6E, 0x89,
	0x8A, 0x92, 0xAA, 0xB8, 0xB3, 0xB1, 0xCE, 0xD6, 0xBE, 0xCB, 0xDE, 0xDB,
	0xD3, 0xD8, 0xE2, 0xC7, 0xAF, 0xAA, 0x99, 0x8F, 0x98, 0x9E, 0x8C, 0x70,
	0x7C, 0x8D, 0x64, 0x55, 0x7A, 0x73, 0x6F, 0x7D, 0x69, 0x60, 0x65, 0x5A,
	0x59, 0x65, 0x73, 0x8C, 0x88, 0x8A, 0xAE, 0xB3, 0x8E, 0x7C, 0x6C, 0x69,
	0x95, 0xA3, 0x87, 0x77, 0x71, 0x70, 0x70, 0x60, 0x4C, 0x47, 0x46, 0x5F,
	0x79, 0x6C, 0x61, 0x5C, 0x5D, 0x76, 0x75, 0x66, 0x7F, 0x8D, 0x89, 0x8D,
	0x8A, 0x7E, 0x77, 0x8B, 0xAE, 0xB5, 0x9D, 0x88, 0x75, 0x78, 0x94, 0xA8,
	0xA9, 0xA0, 0x87, 0x6F, 0x79, 0x7D, 0x63, 0x55, 0x65, 0x5A, 0x37, 0x44,
	0x5D, 0x3E, 0x24, 0x2D, 0x26, 0x22, 0x31, 0x4D, 0x71, 0x84, 0x62, 0x34,
	0x3E, 0x53, 0x5C, 0x6F, 0x8D, 0x94, 0x94, 0xA5, 0xA3, 0x95, 0x9F, 0xBD,
	0xC5, 0xBF, 0xBA, 0xC1, 0xD8, 0xC7, 0xAE, 0xBA, 0xB7, 0x8D, 0x86, 0x97,
	0x94, 0x8D, 0x84, 0x85, 0x83, 0x69, 0x6A, 0x84, 0x82, 0x6A, 0x60, 0x6D,
	0x75, 0x74, 0x6E, 0x68, 0x6A, 0x74, 0x70, 0x6D, 0x71, 0x6C, 0x76, 0x87,
	0x81, 0x6F, 0x64, 0x6F, 0x7C, 0x71, 0x70, 0x7B, 0x72, 0x62, 0x65, 0x7A,
	0x7C, 0x65, 0x67, 0x8A, 0x8B, 0x79, 0x93, 0xA9, 0x9B, 0xA3, 0xB5, 0xBA,
	0xC6, 0xC5, 0xC7, 0xCC, 0xC4, 0xBF, 0xBA, 0xC0, 0xC6, 0xC0, 0xB1, 0x9B,
	0x92, 0x96, 0x93, 0x88, 0x7C, 0x81, 0x7A, 0x69, 0x5E, 0x4B, 0x51, 0x6D,
	0x6A, 0x55, 0x56, 0x5C, 0x4E, 0x56, 0x77, 0x85, 0x7F, 0x83, 0x97, 0xA1,
	0xA5, 0x98, 0x88, 0x82, 0x75, 0x73, 0x86, 0x82, 0x6D, 0x83, 0x9C, 0x7D,
	0x50, 0x41, 0x48, 0x58, 0x5F, 0x6A, 0x6C, 0x6A, 0x80, 0x86, 0x6C, 0x58,
	0x46, 0x47, 0x6C, 0x77, 0x6B, 0x7A, 0x7E, 0x7F, 0x9B, 0xBA, 0xC2, 0xAF,
	0xAC, 0xB0, 0xA0, 0x87, 0x82, 0x8C, 0x81, 0x69, 0x64, 0x6A, 0x65, 0x5B,
	0x4D, 0x4A, 0x4E, 0x48, 0x43, 0x3E, 0x30, 0x2A, 0x2C, 0x2A, 0x2D, 0x3D,
	0x51, 0x71, 0x91, 0x8E, 0x76, 0x7C, 0x8E, 0x84, 0x7F, 0x8F, 0xAF, 0xC2,
	0xC2, 0xC3, 0xA9, 0x96, 0xA5, 0xAD, 0xAB, 0xA0, 0x97, 0xAA, 0xB1, 0xAB,
	0xA3, 0x95, 0x90, 0x95, 0x96, 0x8A, 0x82, 0x78, 0x70, 0x81, 0x7F, 0x6F,
	0x6B, 0x61, 0x64, 0x73, 0x6B, 0x67, 0x7D, 0x80, 0x7F, 0x7E, 0x73, 0x6E,
	0x71, 0x77, 0x7A, 0x76, 0x73, 0x71, 0x6E, 0x7D, 0x87, 0x7F, 0x84, 0x8F,
	0x88, 0x81, 0x85, 0x83, 0x80, 0x81, 0x84, 0x90, 0x94, 0x91, 0x9B, 0xAE,
	0xAE, 0xAA, 0xAB, 0xA7, 0xB7, 0xBF, 0xB0, 0xBE, 0xCD, 0xBE, 0xB3, 0xB1,
	0xB7, 0xBB, 0xA9, 0xA2, 0xA7, 0x9B, 0x95, 0x8E, 0x81, 0x8B, 0x8E, 0x81,
	0x76, 0x63, 0x6A, 0x83, 0x73, 0x5D, 0x62, 0x65, 0x61, 0x58, 0x64, 0x76,
	0x6B, 0x67, 0x77, 0x87, 0x8B, 0x8D, 0x8F, 0x7D, 0x71, 0x77, 0x85, 0x93,
	0x85, 0x83, 0x8E, 0x82, 0x76, 0x7C, 0x71, 0x57, 0x53, 0x54, 0x5C, 0x69,
	0x5E, 0x4E, 0x57, 0x5B, 0x56, 0x5A, 0x5E, 0x5F, 0x74, 0x84, 0x71, 0x6F,
	0x78, 0x78, 0x7C, 0x7D, 0x85, 0x90, 0x8D, 0x7A, 0x7A, 0x90, 0x98, 0x96,
	0x97, 0x8E, 0x83, 0x77, 0x69, 0x6B, 0x61, 0x58, 0x64, 0x57, 0x46, 0x47,
	0x40, 0x41, 0x4B, 0x49, 0x51, 0x6D, 0x70, 0x66, 0x6A, 0x71, 0x6A, 0x64,
	0x71, 0x77, 0x7A, 0x8B, 0x9F, 0xA8, 0x9C, 0x8B, 0x99, 0xB8, 0xBB, 0xB0,
	0xAB, 0xA4, 0x9E, 0xA7, 0xB0, 0xA4, 0x96, 0x8B, 0x93, 0xA1, 0x98, 0x85,
	0x86, 0x83, 0x77, 0x73, 0x72, 0x73, 0x6A, 0x6A, 0x6E, 0x65, 0x62, 0x68,
	0x5E, 0x5D, 0x71, 0x72, 0x6C, 0x6C, 0x6B, 0x65, 0x60, 0x79, 0x86, 0x71,
	0x60, 0x6A, 0x70, 0x62, 0x69, 0x71, 0x78, 0x7D, 0x7E, 0x80, 0x77, 0x76,
	0x7A, 0x76, 0x85, 0x97, 0x92, 0xA0, 0xA7, 0x99, 0x9F, 0xA4, 0xA4, 0xB3,
	0xB2, 0xA6, 0xB2, 0xBD, 0xBF, 0xB8, 0xA9, 0xA1, 0x9E, 0x9C, 0x9B, 0x96,
	0x8F, 0x8E, 0x86, 0x7A, 0x75, 0x79, 0x7A, 0x74, 0x76, 0x7C, 0x73, 0x69,
	0x6D, 0x72, 0x78, 0x7F, 0x7D, 0x7E, 0x84, 0x80, 0x92, 0xAB, 0xA5, 0x95,
	0x87, 0x7D, 0x83, 0x97, 0x9C, 0x8E, 0x7D, 0x6F, 0x79, 0x86, 0x6F, 0x57,
	0x65, 0x67, 0x5E, 0x6F, 0x6A, 0x56, 0x5C, 0x68, 0x67, 0x6B, 0x71, 0x69,
	0x6B, 0x74, 0x7E, 0x78, 0x74, 0x7B, 0x77, 0x6F, 0x74, 0x84, 0x8E, 0x8A,
	0x7E, 0x7A, 0x85, 0x8C, 0x92, 0x91, 0x7C, 0x75, 0x8A, 0x95, 0x7B, 0x65,
	0x6A, 0x6D, 0x68, 0x63, 0x62, 0x5F, 0x60, 0x5A, 0x55, 0x66, 0x6E, 0x76,
	0x7B, 0x6D, 0x65, 0x6B, 0x7B, 0x78, 0x6E, 0x84, 0x99, 0x97, 0xA1, 0x9D,
	0x92, 0x9B, 0xA0, 0xA6, 0xA8, 0x95, 0x8E, 0xAB, 0xB4, 0x96, 0x82, 0x87,
	0x8E, 0x91, 0x92, 0x8F, 0x8F, 0x83, 0x77, 0x82, 0x74, 0x62, 0x67, 0x6F,
	0x74, 0x7B, 0x7E, 0x7C, 0x70, 0x66, 0x6B, 0x69, 0x6A, 0x66, 0x69, 0x78,
	0x78, 0x80, 0x93, 0x96, 0x8F, 0x8F, 0x97, 0x91, 0x80, 0x76, 0x6E, 0x6C,
	0x73, 0x71, 0x5F, 0x57, 0x56, 0x56, 0x65, 0x6D, 0x72, 0x77, 0x6E, 0x66,
	0x69, 0x7A, 0x93, 0x94, 0x91, 0xA1, 0xA0, 0x9D, 0xAE, 0xB1, 0xB3, 0xBA,
	0xB8, 0xAB, 0xA1, 0x9F, 0x96, 0x90, 0x89, 0x7E, 0x77, 0x7B, 0x70, 0x66,
	0x72, 0x73, 0x75, 0x6B, 0x5F, 0x6F, 0x74, 0x71, 0x82, 0x90, 0x88, 0x83,
	0x91, 0xA7, 0xA4, 0x9D, 0xA1, 0x98, 0x8E, 0x9A, 0xA5, 0xA0, 0x9C, 0x8D,
	0x86, 0x99, 0x99, 0x85, 0x83, 0x80, 0x73, 0x72, 0x71, 0x6C, 0x6D, 0x6F,
	0x6A, 0x70, 0x76, 0x6E, 0x70, 0x78, 0x75, 0x70, 0x76, 0x75, 0x7C, 0x81,
	0x7A, 0x83, 0x89, 0x83, 0x7F, 0x7B, 0x74, 0x81, 0x8F, 0x83, 0x74, 0x78,
	0x85, 0x84, 0x73, 0x6E, 0x75, 0x6D, 0x63, 0x63, 0x61, 0x69, 0x62, 0x4D,
	0x5D, 0x69, 0x63, 0x6B, 0x71, 0x70, 0x6E, 0x6B, 0x75, 0x82, 0x7D, 0x77,
	0x7C, 0x80, 0x8D, 0x8F, 0x7C, 0x73, 0x81, 0x92, 0x93, 0x87, 0x85, 0x90,
	0x89, 0x87, 0x8C, 0x8D, 0x82, 0x86, 0x9E, 0xA2, 0x8E, 0x87, 0x86, 0x7A,
	0x79, 0x79, 0x7F, 0x86, 0x72, 0x6B, 0x79, 0x7A, 0x6E, 0x65, 0x66, 0x6D,
	0x7A, 0x82, 0x79, 0x7A, 0x80, 0x78, 0x74, 0x85, 0x81, 0x6F, 0x77, 0x83,
	0x81, 0x7B, 0x6E, 0x5E, 0x60, 0x68, 0x6C, 0x6F, 0x6F, 0x69, 0x68, 0x73,
	0x72, 0x6F, 0x78, 0x7D, 0x7F, 0x81, 0x88, 0x99, 0x9C, 0x94, 0x95, 0x99,
	0x99, 0xA0, 0xA4, 0xA2, 0xA2, 0x98, 0x9E, 0xA3, 0x96, 0x95, 0x97, 0x88,
	0x87, 0x96, 0x96, 0x90, 0x8A, 0x86, 0x8E, 0x8F, 0x89, 0x87, 0x8A, 0x94,
	0x9C, 0x97, 0x94, 0x9E, 0xA1, 0xA1, 0xA7, 0xA5, 0xA3, 0xA2, 0x98, 0x93,
	0x95, 0x99, 0x9F, 0x91, 0x81, 0x7E, 0x80, 0x7D, 0x6E, 0x66, 0x6E, 0x78,
	0x6F, 0x5E, 0x61, 0x5F, 0x5D, 0x67, 0x61, 0x5E, 0x6C, 0x78, 0x74, 0x73,
	0x80, 0x84, 0x76, 0x71, 0x7D, 0x83, 0x82, 0x80, 0x83, 0x81, 0x7A, 0x76,
	0x78, 0x85, 0x88, 0x7D, 0x7B, 0x79, 0x77, 0x7F, 0x7D, 0x6F, 0x71, 0x76,
	0x73, 0x73, 0x6D, 0x69, 0x6A, 0x69, 0x69, 0x6B, 0x74, 0x7B, 0x75, 0x77,
	0x77, 0x70, 0x78, 0x83, 0x83, 0x7C, 0x82, 0x92, 0x98, 0x8F, 0x83, 0x95,
	0x9D, 0x8A, 0x8A, 0x8D, 0x87, 0x90, 0x98, 0x8F, 0x81, 0x77, 0x7E, 0x8E,
	0x89, 0x84, 0x86, 0x75, 0x70, 0x79, 0x77, 0x78, 0x7F, 0x75, 0x73, 0x81,
	0x80, 0x7C, 0x82, 0x82, 0x7A, 0x84, 0x8C, 0x82, 0x78, 0x80, 0x88, 0x82,
	0x7D, 0x76, 0x78, 0x77, 0x73, 0x73, 0x73, 0x73, 0x6F, 0x6F, 0x72, 0x6B,
	0x68, 0x6D, 0x66, 0x62, 0x73, 0x7C, 0x70, 0x6A, 0x72, 0x75, 0x70, 0x75,
	0x7E, 0x7C, 0x73, 0x76, 0x81, 0x88, 0x86, 0x85, 0x8B, 0x91, 0x95, 0x88,
	0x82, 0x92, 0x8D, 0x7F, 0x84, 0x8A, 0x8A, 0x82, 0x7B, 0x7B, 0x84, 0x86,
	0x7B, 0x77, 0x7F, 0x89, 0x8D, 0x93, 0x95, 0x92, 0x95, 0x9B, 0x8C, 0x96,
	0xB1, 0xA1, 0x95, 0xA1, 0xA6, 0xA7, 0xA3, 0x98, 0x91, 0x8E, 0x81, 0x7B,
	0x87, 0x84, 0x7E, 0x87, 0x86, 0x7B, 0x7A, 0x78, 0x80, 0x8C, 0x91, 0x8A,
	0x7B, 0x7A, 0x82, 0x7B, 0x73, 0x76, 0x73, 0x78, 0x7E, 0x71, 0x65, 0x6B,
	0x6A, 0x67, 0x69, 0x6A, 0x72, 0x81, 0x81, 0x79, 0x80, 0x80, 0x7F, 0x81,
	0x7D, 0x7F, 0x83, 0x78, 0x75, 0x74, 0x68, 0x69, 0x6A, 0x62, 0x5C, 0x65,
	0x65, 0x62, 0x67, 0x65, 0x5C, 0x55, 0x5A, 0x6D, 0x79, 0x72, 0x74, 0x7E,
	0x89, 0x88, 0x76, 0x76, 0x88, 0x97, 0x9A, 0x95, 0x8C, 0x8A, 0x87, 0x86,
	0x88, 0x8C, 0x96, 0x96, 0x91, 0x98, 0x9A, 0x8E, 0x81, 0x80, 0x8B, 0x8F,
	0x89, 0x80, 0x7C, 0x81, 0x8B, 0x89, 0x7D, 0x79, 0x7F, 0x85, 0x80, 0x7E,
	0x83, 0x7E, 0x7C, 0x8D, 0x88, 0x7C, 0x83, 0x77, 0x6D, 0x71, 0x72, 0x74,
	0x71, 0x6A, 0x6D, 0x6E, 0x63, 0x59, 0x63, 0x6C, 0x64, 0x61, 0x5E, 0x5E,
	0x66, 0x69, 0x66, 0x67, 0x70, 0x78, 0x78, 0x70, 0x6F, 0x79, 0x7A, 0x7C,
	0x83, 0x7E, 0x84, 0x83, 0x76, 0x77, 0x7A, 0x76, 0x77, 0x7A, 0x7C, 0x83,
	0x7E, 0x80, 0x87, 0x86, 0x87, 0x8C, 0x8F, 0x97, 0x99, 0x94, 0x9D, 0xA8,
	0xB0, 0xAC, 0x9E, 0xA4, 0xAD, 0xA2, 0x9E, 0xA5, 0xA1, 0x9D, 0x9E, 0x9C,
	0x97, 0x8F, 0x85, 0x8A, 0x8E, 0x88, 0x7C, 0x79, 0x81, 0x81, 0x83, 0x81,
	0x74, 0x71, 0x78, 0x75, 0x76, 0x7E, 0x7B, 0x70, 0x71, 0x7B, 0x7E, 0x75,
	0x72, 0x79, 0x7D, 0x7E, 0x7F, 0x86, 0x85, 0x7A, 0x7D, 0x86, 0x7F, 0x81,
	0x8C, 0x8A, 0x85, 0x84, 0x7A, 0x74, 0x80, 0x84, 0x7A, 0x7B, 0x7F, 0x7A,
	0x76, 0x70, 0x6E, 0x7D, 0x82, 0x78, 0x80, 0x8A, 0x80, 0x7B, 0x80, 0x7C,
	0x82, 0x8C, 0x8B, 0x8C, 0x8E, 0x8E, 0x94, 0x90, 0x82, 0x81, 0x86, 0x93,
	0x93, 0x84, 0x85, 0x89, 0x86, 0x88, 0x84, 0x83, 0x87, 0x8B, 0x88, 0x7D,
	0x7D, 0x7C, 0x7B, 0x81, 0x86, 0x85, 0x82, 0x7C, 0x7D, 0x8C, 0x8C, 0x82,
	0x88, 0x8F, 0x88, 0x83, 0x86, 0x86, 0x80, 0x82, 0x7C, 0x77, 0x82, 0x82,
	0x80, 0x73, 0x68, 0x6D, 0x75, 0x74, 0x68, 0x69, 0x6A, 0x5D, 0x62, 0x6F,
	0x65, 0x6A, 0x77, 0x6B, 0x62, 0x60, 0x61, 0x67, 0x6B, 0x6B, 0x69, 0x64,
	0x63, 0x64, 0x66, 0x71, 0x72, 0x68, 0x69, 0x71, 0x76, 0x74, 0x6F, 0x77,
	0x7F, 0x75, 0x73, 0x78, 0x7E, 0x7F, 0x75, 0x74, 0x7F, 0x84, 0x84, 0x83,
	0x80, 0x89, 0x95, 0x91, 0x90, 0x9C, 0x9C, 0x9C, 0xA0, 0xA3, 0xA3, 0x9C,
	0xA0, 0xA7, 0xA4, 0xA0, 0xA1, 0xA1, 0x9F, 0x9B, 0x9A, 0x97, 0x96, 0x96,
	0x8D, 0x8E, 0x8D, 0x85, 0x88, 0x85, 0x83, 0x89, 0x8C, 0x8A, 0x85, 0x7F,
	0x86, 0x89, 0x7D, 0x7D, 0x89, 0x8D, 0x8A, 0x8D, 0x8E, 0x83, 0x7B, 0x83,
	0x89, 0x7F, 0x79, 0x85, 0x8C, 0x7E, 0x79, 0x7C, 0x76, 0x71, 0x78, 0x7E,
	0x7C, 0x7B, 0x75, 0x70, 0x71, 0x6D, 0x66, 0x69, 0x72, 0x6E, 0x6D, 0x70,
	0x6E, 0x71, 0x71, 0x70, 0x76, 0x7A, 0x81, 0x7D, 0x75, 0x80, 0x88, 0x84,
	0x7A, 0x71, 0x7B, 0x8B, 0x87, 0x84, 0x8B, 0x8B, 0x80, 0x7B, 0x80, 0x83,
	0x85, 0x8B, 0x8A, 0x8B, 0x87, 0x76, 0x78, 0x8B, 0x91, 0x8F, 0x92, 0x8E,
	0x88, 0x8A, 0x92, 0x97, 0x94, 0x92, 0x92, 0x88, 0x87, 0x8B, 0x85, 0x7C,
	0x70, 0x6D, 0x79, 0x7D, 0x75, 0x70, 0x6C, 0x6B, 0x76, 0x76, 0x6E, 0x70,
	0x6E, 0x6A, 0x69, 0x66, 0x63, 0x64, 0x6A, 0x63, 0x55, 0x56, 0x5E, 0x5B,
	0x59, 0x61, 0x5F, 0x5A, 0x57, 0x4F, 0x54, 0x60, 0x5C, 0x5B, 0x62, 0x5D,
	0x59, 0x62, 0x6A, 0x67, 0x68, 0x6A, 0x6C, 0x70, 0x75, 0x77, 0x73, 0x77,
	0x81, 0x84, 0x86, 0x87, 0x8C, 0x99, 0x98, 0x96, 0xA3, 0xA5, 0xA1, 0xAB,
	0xB2, 0xB2, 0xB4, 0xAF, 0xAB, 0xAF, 0xAE, 0xA1, 0x9D, 0xA2, 0x9C, 0x98,
	0x97, 0x95, 0x96, 0x93, 0x8E, 0x8C, 0x8D, 0x87, 0x85, 0x89, 0x85, 0x81,
	0x84, 0x8A, 0x86, 0x82, 0x88, 0x83, 0x84, 0x88, 0x82, 0x82, 0x85, 0x86,
	0x85, 0x87, 0x89, 0x84, 0x82, 0x85, 0x7C, 0x7F, 0x8C, 0x92, 0x92, 0x89,
	0x87, 0x7F, 0x77, 0x79, 0x80, 0x88, 0x87, 0x7E, 0x78, 0x75, 0x6A, 0x6A,
	0x71, 0x76, 0x7D, 0x80, 0x7A, 0x76, 0x77, 0x77, 0x7A, 0x7E, 0x87, 0x85,
	0x83, 0x8A, 0x84, 0x87, 0x91, 0x84, 0x79, 0x85, 0x87, 0x81, 0x8A, 0x82,
	0x77, 0x81, 0x86, 0x84, 0x87, 0x87, 0x89, 0x8F, 0x92, 0x8C, 0x80, 0x86,
	0x8F, 0x8E, 0x94, 0x9B, 0x98, 0x8F, 0x88, 0x8C, 0x8D, 0x8E, 0x95, 0x90,
	0x88, 0x86, 0x80, 0x84, 0x87, 0x85, 0x88, 0x89, 0x83, 0x80, 0x7A, 0x73,
	0x75, 0x79, 0x7A, 0x70, 0x6A, 0x69, 0x68, 0x6A, 0x61, 0x57, 0x5C, 0x64,
	0x62, 0x65, 0x60, 0x5A, 0x61, 0x63, 0x5F, 0x5D, 0x60, 0x63, 0x63, 0x64,
	0x65, 0x62, 0x62, 0x60, 0x5F, 0x6A, 0x6E, 0x67, 0x66, 0x65, 0x69, 0x6E,
	0x6B, 0x6E, 0x74, 0x72, 0x70, 0x70, 0x6F, 0x75, 0x7D, 0x77, 0x77, 0x87,
	0x88, 0x7F, 0x84, 0x8B, 0x8B, 0x89, 0x90, 0x94, 0x96, 0x9E, 0x9E, 0x99,
	0x9A, 0x96, 0x91, 0x96, 0x9E, 0x9F, 0x9A, 0x97, 0x93, 0x91, 0x94, 0x8C,
	0x87, 0x93, 0x93, 0x8B, 0x89, 0x8C, 0x8E, 0x8E, 0x8D, 0x8A, 0x88, 0x8B,
	0x88, 0x81, 0x89, 0x95, 0x94, 0x90, 0x8B, 0x85, 0x88, 0x8A, 0x85, 0x83,
	0x85, 0x85, 0x86, 0x85, 0x7D, 0x75, 0x7D, 0x7F, 0x76, 0x7A, 0x7D, 0x7B,
	0x80, 0x78, 0x71, 0x77, 0x78, 0x72, 0x72, 0x73, 0x70, 0x70, 0x70, 0x70,
	0x69, 0x69, 0x75, 0x72, 0x6D, 0x73, 0x73, 0x75, 0x7A, 0x79, 0x78, 0x77,
	0x7D, 0x85, 0x83, 0x7A, 0x7A, 0x82, 0x86, 0x83, 0x87, 0x94, 0x98, 0x90,
	0x8A, 0x8C, 0x89, 0x86, 0x8E, 0x94, 0x98, 0x98, 0x95, 0x8F, 0x8D, 0x8D,
	0x8A, 0x8C, 0x99, 0x9A, 0x8D, 0x89, 0x88, 0x86, 0x88, 0x84, 0x87, 0x8D,
	0x8B, 0x8D, 0x80, 0x71, 0x78, 0x79, 0x7B, 0x81, 0x7B, 0x75, 0x72, 0x69,
	0x60, 0x61, 0x64, 0x64, 0x60, 0x5F, 0x5E, 0x58, 0x59, 0x62, 0x5D, 0x5A,
	0x5F, 0x5F, 0x5F, 0x5B, 0x58, 0x5E, 0x60, 0x5A, 0x5E, 0x63, 0x5C, 0x60,
	0x71, 0x6F, 0x67, 0x6C, 0x6E, 0x71, 0x75, 0x7A, 0x7B, 0x7B, 0x7C, 0x7D,
	0x81, 0x83, 0x87, 0x8D, 0x8F, 0x94, 0x93, 0x94, 0x9A, 0x9C, 0x9A, 0x9D,
	0xA0, 0xA6, 0xA5, 0x9C, 0xA1, 0xA5, 0x9E, 0x9D, 0x9E, 0x99, 0x97, 0x94,
	0x8D, 0x90, 0x90, 0x8E, 0x91, 0x94, 0x97, 0x94, 0x90, 0x95, 0x97, 0x99,
	0x9A, 0x95, 0x8F, 0x8F, 0x91, 0x8D, 0x85, 0x82, 0x80, 0x7F, 0x85, 0x83,
	0x7D, 0x81, 0x7E, 0x76, 0x76, 0x76, 0x79, 0x7B, 0x78, 0x74, 0x77, 0x79,
	0x74, 0x72, 0x78, 0x7E, 0x7C, 0x7B, 0x79, 0x74, 0x75, 0x74, 0x77, 0x7A,
	0x76, 0x77, 0x7F, 0x7C, 0x72, 0x72, 0x72, 0x72, 0x7A, 0x7B, 0x70, 0x78,
	0x86, 0x84, 0x83, 0x7E, 0x7C, 0x84, 0x89, 0x86, 0x88, 0x8B, 0x86, 0x84,
	0x8B, 0x8C, 0x85, 0x8A, 0x8F, 0x8A, 0x86, 0x87, 0x89, 0x89, 0x89, 0x8D,
	0x8E, 0x8F, 0x92, 0x90, 0x8C, 0x92, 0x96, 0x92, 0x90, 0x8E, 0x89, 0x8C,
	0x90, 0x8C, 0x8B, 0x8E, 0x8E, 0x90, 0x8A, 0x85, 0x86, 0x84, 0x84, 0x85,
	0x84, 0x7D, 0x77, 0x75, 0x73, 0x72, 0x6F, 0x6A, 0x6D, 0x6B, 0x60, 0x5F,
	0x61, 0x60, 0x5C, 0x5B, 0x5C, 0x58, 0x58, 0x58, 0x56, 0x57, 0x60, 0x63,
	0x58, 0x5C, 0x60, 0x5C, 0x62, 0x67, 0x65, 0x67, 0x69, 0x67, 0x69, 0x6C,
	0x71, 0x78, 0x73, 0x71, 0x77, 0x78, 0x79, 0x7B, 0x7F, 0x80, 0x7D, 0x82,
	0x82, 0x84, 0x8F, 0x8E, 0x89, 0x95, 0x96, 0x8C, 0x8E, 0x8E, 0x92, 0x9A,
	0x96, 0x91, 0x93, 0x94, 0x95, 0x91, 0x8D, 0x93, 0x98, 0x95, 0x9A, 0x9E,
	0x9F, 0xA1, 0x9E, 0x9D, 0x9E, 0x9C, 0x9E, 0x9D, 0x97, 0x93, 0x94, 0x94,
	0x95, 0x98, 0x96, 0x92, 0x8D, 0x90, 0x92, 0x8C, 0x8D, 0x92, 0x90, 0x8C,
	0x86, 0x84, 0x82, 0x83, 0x85, 0x83, 0x84, 0x82, 0x81, 0x81, 0x7F, 0x80,
	0x82, 0x7C, 0x77, 0x7B, 0x79, 0x7A, 0x7E, 0x79, 0x71, 0x73, 0x74, 0x73,
	0x73, 0x74, 0x74, 0x71, 0x77, 0x79, 0x76, 0x76, 0x75, 0x77, 0x7B, 0x7B,
	0x7A, 0x7D, 0x7C, 0x7B, 0x81, 0x81, 0x7B, 0x80, 0x86, 0x85, 0x7F, 0x7E,
	0x81, 0x7E, 0x7E, 0x83, 0x85, 0x88, 0x8A, 0x85, 0x83, 0x88, 0x8C, 0x8F,
	0x90, 0x8D, 0x8C, 0x8D, 0x8D, 0x8D, 0x8D, 0x8E, 0x8E, 0x8E, 0x86, 0x7F,
	0x82, 0x84, 0x81, 0x80, 0x7C, 0x75, 0x75, 0x75, 0x72, 0x6F, 0x6D, 0x6D,
	0x6A, 0x65, 0x60, 0x5F, 0x60, 0x56, 0x51, 0x55, 0x52, 0x4E, 0x4E, 0x4F,
	0x4E, 0x4B, 0x4C, 0x4F, 0x54, 0x55, 0x54, 0x58, 0x5C, 0x59, 0x5C, 0x60,
	0x60, 0x60, 0x62, 0x69, 0x6B, 0x6D, 0x73, 0x76, 0x78, 0x7C, 0x82, 0x83,
	0x85, 0x85, 0x88, 0x8C, 0x8A, 0x8B, 0x92, 0x91, 0x90, 0x94, 0x93, 0x8F,
	0x8A, 0x89, 0x89, 0x8C, 0x8F, 0x8F, 0x8B, 0x89, 0x8B, 0x89, 0x8D, 0x91,
	0x8D, 0x90, 0x97, 0x96, 0x9B, 0x9C, 0x95, 0x97, 0x9B, 0x9B, 0x9A, 0x9B,
	0x9A, 0x97, 0x91, 0x8E, 0x91, 0x8F, 0x8C, 0x8B, 0x8D, 0x8E, 0x8B, 0x86,
	0x85, 0x86, 0x85, 0x86, 0x86, 0x86, 0x86, 0x83, 0x84, 0x8B, 0x8C, 0x83,
	0x84, 0x85, 0x80, 0x85, 0x89, 0x86, 0x84, 0x86, 0x86, 0x85, 0x84, 0x85,
	0x85, 0x85, 0x81, 0x7E, 0x81, 0x88, 0x88, 0x82, 0x82, 0x87, 0x8D, 0x8B,
	0x85, 0x81, 0x83, 0x84, 0x81, 0x84, 0x86, 0x84, 0x81, 0x7B, 0x7C, 0x81,
	0x7D, 0x7D, 0x7F, 0x7F, 0x83, 0x83, 0x87, 0x8E, 0x91, 0x96, 0x97, 0x97,
	0x9B, 0x96, 0x91, 0x95, 0x98, 0x92, 0x8F, 0x91, 0x8F, 0x89, 0x83, 0x83,
	0x86, 0x85, 0x80, 0x7A, 0x77, 0x77, 0x78, 0x77, 0x77, 0x78, 0x77, 0x70,
	0x70, 0x75, 0x75, 0x72, 0x6B, 0x69, 0x69, 0x64, 0x5D, 0x60, 0x62, 0x5F,
	0x5F, 0x5E, 0x5F, 0x60, 0x5A, 0x56, 0x55, 0x51, 0x4F, 0x54, 0x53, 0x53,
	0x53, 0x52, 0x51, 0x55, 0x5A, 0x59, 0x5C, 0x60, 0x63, 0x6B, 0x72, 0x73,
	0x77, 0x7E, 0x82, 0x83, 0x86, 0x86, 0x84, 0x87, 0x87, 0x8C, 0x91, 0x8C,
	0x88, 0x8D, 0x8E, 0x8D, 0x93, 0x92, 0x91, 0x95, 0x98, 0x98, 0x93, 0x8F,
	0x91, 0x94, 0x91, 0x8D, 0x8F, 0x95, 0x96, 0x95, 0x9B, 0xA3, 0xA3, 0xA7,
	0xAE, 0xAC, 0xAA, 0xAD, 0xAF, 0xAF, 0xAA, 0xA6, 0xA4, 0x9D, 0x9B, 0x9B,
	0x96, 0x92, 0x90, 0x8F, 0x89, 0x82, 0x83, 0x81, 0x7F, 0x7D, 0x79, 0x76,
	0x75, 0x77, 0x76, 0x73, 0x72, 0x74, 0x72, 0x71, 0x75, 0x76, 0x77, 0x75,
	0x70, 0x72, 0x73, 0x75, 0x7A, 0x79, 0x72, 0x72, 0x78, 0x76, 0x72, 0x78,
	0x7E, 0x79, 0x78, 0x7E, 0x7D, 0x7C, 0x7C, 0x7B, 0x7E, 0x80, 0x7B, 0x7C,
	0x7C, 0x7C, 0x80, 0x7F, 0x7C, 0x7E, 0x7F, 0x7F, 0x7B, 0x78, 0x7D, 0x7D,
	0x7F, 0x82, 0x83, 0x86, 0x88, 0x86, 0x89, 0x8F, 0x8F, 0x8B, 0x8F, 0x91,
	0x8D, 0x8C, 0x8C, 0x8F, 0x92, 0x90, 0x8D, 0x8B, 0x88, 0x85, 0x88, 0x8B,
	0x8B, 0x8F, 0x8E, 0x87, 0x84, 0x85, 0x84, 0x82, 0x81, 0x78, 0x71, 0x6E,
	0x68, 0x66, 0x67, 0x67, 0x63, 0x5A, 0x59, 0x5A, 0x55, 0x50, 0x4A, 0x48,
	0x43, 0x40, 0x41, 0x40, 0x41, 0x48, 0x4E, 0x52, 0x54, 0x56, 0x5A, 0x60,
	0x63, 0x67, 0x6D, 0x71, 0x76, 0x79, 0x79, 0x7E, 0x83, 0x84, 0x86, 0x89,
	0x8E, 0x91, 0x92, 0x95, 0x97, 0x97, 0x97, 0x97, 0x98, 0x98, 0x95, 0x95,
	0x95, 0x91, 0x92, 0x95, 0x91, 0x8E, 0x8D, 0x8B, 0x8B, 0x8D, 0x87, 0x81,
	0x83, 0x87, 0x8B, 0x91, 0x92, 0x93, 0x98, 0x99, 0x96, 0x9A, 0x9F, 0x99,
	0x97, 0x98, 0x94, 0x8F, 0x8D, 0x89, 0x8A, 0x89, 0x85, 0x7F, 0x7A, 0x7E,
	0x80, 0x7A, 0x79, 0x7B, 0x78, 0x77, 0x76, 0x76, 0x79, 0x7A, 0x79, 0x7C,
	0x7C, 0x79, 0x7B, 0x80, 0x80, 0x7E, 0x80, 0x83, 0x84, 0x83, 0x83, 0x84,
	0x86, 0x86, 0x85, 0x85, 0x86, 0x82, 0x82, 0x88, 0x87, 0x86, 0x8B, 0x8B,
	0x86, 0x8A, 0x8A, 0x87, 0x8A, 0x90, 0x92, 0x95, 0x94, 0x8F, 0x91, 0x92,
	0x8A, 0x8A, 0x8E, 0x88, 0x85, 0x85, 0x85, 0x88, 0x86, 0x82, 0x89, 0x8C,
	0x8A, 0x8B, 0x8D, 0x8E, 0x8D, 0x8F, 0x92, 0x91, 0x8F, 0x8E, 0x8D, 0x8C,
	0x8D, 0x89, 0x83, 0x82, 0x81, 0x82, 0x86, 0x85, 0x81, 0x83, 0x88, 0x8C,
	0x8F, 0x8B, 0x7F, 0x71, 0x69, 0x65, 0x64, 0x63, 0x6A, 0x71, 0x75, 0x76,
	0x72, 0x6F, 0x69, 0x6B, 0x6A, 0x65, 0x62, 0x62, 0x60, 0x61, 0x64, 0x62,
	0x5C, 0x51, 0x52, 0x53, 0x4D, 0x51, 0x54, 0x54, 0x58, 0x5D, 0x5F, 0x61,
	0x65, 0x6A, 0x6A, 0x6C, 0x6F, 0x70, 0x74, 0x7C, 0x7F, 0x80, 0x83, 0x86,
	0x8C, 0x8C, 0x8C, 0x93, 0x93, 0x8F, 0x93, 0x97, 0x90, 0x90, 0x90, 0x90,
	0x91, 0x92, 0x94, 0x94, 0x97, 0x97, 0x95, 0x98, 0x95, 0x87, 0x83, 0x86,
	0x86, 0x89, 0x88, 0x8B, 0x97, 0x9F, 0x9F, 0xA3, 0xA2, 0xA1, 0x9F, 0x9D,
	0x9F, 0x9E, 0x99, 0x96, 0x94, 0x90, 0x8F, 0x8D, 0x87, 0x84, 0x82, 0x80,
	0x7C, 0x78, 0x77, 0x74, 0x6F, 0x6C, 0x6E, 0x6E, 0x69, 0x6B, 0x71, 0x72,
	0x6E, 0x72, 0x75, 0x76, 0x79, 0x7A, 0x7A, 0x7A, 0x7A, 0x7C, 0x7D, 0x7C,
	0x7B, 0x7B, 0x7B, 0x77, 0x77, 0x7E, 0x7E, 0x79, 0x7A, 0x7D, 0x7B, 0x7C,
	0x82, 0x86, 0x87, 0x8A, 0x89, 0x84, 0x84, 0x85, 0x82, 0x82, 0x83, 0x83,
	0x85, 0x84, 0x81, 0x7E, 0x7C, 0x7B, 0x7B, 0x7A, 0x79, 0x7D, 0x7F, 0x7C,
	0x7A, 0x7C, 0x7F, 0x7E, 0x7E, 0x7F, 0x80, 0x7E, 0x7B, 0x7B, 0x7C, 0x7C,
	0x7A, 0x78, 0x7B, 0x7C, 0x7A, 0x7F, 0x83, 0x82, 0x84, 0x83, 0x7E, 0x7E,
	0x82, 0x7E, 0x77, 0x74, 0x71, 0x71, 0x6E, 0x6A, 0x6D, 0x6E, 0x69, 0x66,
	0x67, 0x66, 0x62, 0x5E, 0x5B, 0x5B, 0x56, 0x55, 0x56, 0x58, 0x5C, 0x5F,
	0x65, 0x67, 0x68, 0x6C, 0x72, 0x76, 0x7A, 0x80, 0x7E, 0x7E, 0x84, 0x82,
	0x85, 0x8E, 0x8F, 0x8E, 0x90, 0x90, 0x8F, 0x91, 0x91, 0x91, 0x90, 0x91,
	0x93, 0x93, 0x90, 0x91, 0x8F, 0x8F, 0x90, 0x90, 0x92, 0x92, 0x92, 0x97,
	0x93, 0x85, 0x86, 0x8A, 0x8A, 0x8A, 0x8A, 0x8B, 0x90, 0x9A, 0x9C, 0x9C,
	0x9C, 0x9D, 0x9D, 0x9B, 0x9E, 0x9C, 0x98, 0x95, 0x91, 0x8E, 0x8B, 0x87,
	0x84, 0x81, 0x7F, 0x7C, 0x7A, 0x7A, 0x7A, 0x7D, 0x7C, 0x7B, 0x80, 0x81,
	0x7D, 0x80, 0x82, 0x7F, 0x7D, 0x7F, 0x83, 0x83, 0x82, 0x83, 0x82, 0x82,
	0x83, 0x82, 0x80, 0x82, 0x85, 0x84, 0x82, 0x82, 0x80, 0x80, 0x82, 0x80,
	0x80, 0x81, 0x82, 0x82, 0x80, 0x7D, 0x82, 0x8B, 0x85, 0x86, 0x87, 0x82,
	0x85, 0x89, 0x8A, 0x89, 0x8F, 0x87, 0x7E, 0x81, 0x7F, 0x7E, 0x7E, 0x7D,
	0x7C, 0x7C, 0x7D, 0x7C, 0x7F, 0x81, 0x81, 0x82, 0x83, 0x84, 0x85, 0x85,
	0x81, 0x82, 0x86, 0x84, 0x81, 0x83, 0x7F, 0x78, 0x78, 0x77, 0x79, 0x78,
	0x76, 0x77, 0x78, 0x79, 0x79, 0x78, 0x78, 0x7A, 0x7A, 0x79, 0x78, 0x79,
	0x78, 0x75, 0x71, 0x6F, 0x6D, 0x6B, 0x69, 0x68, 0x68, 0x65, 0x60, 0x5D,
	0x5D, 0x5D, 0x5D, 0x5D, 0x5D, 0x5E, 0x5E, 0x5F, 0x61, 0x62, 0x63, 0x66,
	0x68, 0x69, 0x69, 0x6C, 0x6D, 0x70, 0x72, 0x6F, 0x72, 0x76, 0x77, 0x76,
	0x7A, 0x7E, 0x7D, 0x7F, 0x81, 0x83, 0x85, 0x84, 0x84, 0x87, 0x86, 0x84,
	0x88, 0x8C, 0x8A, 0x8B, 0x8D, 0x8B, 0x8C, 0x8E, 0x8F, 0x94, 0x94, 0x94,
	0x8D, 0x88, 0x8A, 0x89, 0x8C, 0x89, 0x89, 0x8C, 0x95, 0x99, 0x94, 0x96,
	0x99, 0x9C, 0x9E, 0x9D, 0x9D, 0x9E, 0x9E, 0x9C, 0x9B, 0x97, 0x93, 0x91,
	0x8E, 0x8C, 0x8A, 0x88, 0x87, 0x89, 0x87, 0x85, 0x88, 0x86, 0x83, 0x84,
	0x84, 0x83, 0x83, 0x82, 0x81, 0x83, 0x83, 0x80, 0x81, 0x81, 0x7E, 0x7D,
	0x7F, 0x7F, 0x7E, 0x80, 0x82, 0x80, 0x7E, 0x82, 0x83, 0x82, 0x83, 0x82,
	0x80, 0x81, 0x82, 0x80, 0x84, 0x87, 0x88, 0x84, 0x85, 0x88, 0x83, 0x84,
	0x88, 0x87, 0x8B, 0x8B, 0x83, 0x81, 0x83, 0x83, 0x82, 0x84, 0x82, 0x7F,
	0x81, 0x81, 0x7E, 0x7F, 0x7F, 0x7F, 0x7F, 0x7A, 0x79, 0x7D, 0x7D, 0x7B,
	0x7D, 0x7E, 0x7C, 0x7B, 0x78, 0x76, 0x77, 0x7B, 0x7F, 0x7F, 0x7E, 0x7F,
	0x80, 0x80, 0x7F, 0x80, 0x81, 0x7D, 0x78, 0x78, 0x77, 0x75, 0x74, 0x71,
	0x6D, 0x6A, 0x67, 0x65, 0x64, 0x61, 0x60, 0x62, 0x62, 0x61, 0x5C, 0x57,
	0x59, 0x5A, 0x5A, 0x5A, 0x5B, 0x5C, 0x5D, 0x60, 0x61, 0x62, 0x67, 0x6C,
	0x6F, 0x72, 0x75, 0x79, 0x7C, 0x7E, 0x80, 0x82, 0x82, 0x83, 0x83, 0x82,
	0x85, 0x87, 0x87, 0x86, 0x86, 0x88, 0x89, 0x88, 0x89, 0x8A, 0x8C, 0x8B,
	0x8A, 0x8D, 0x8D, 0x8E, 0x90, 0x93, 0x8E, 0x89, 0x8B, 0x8B, 0x8B, 0x8C,
	0x8C, 0x88, 0x8C, 0x93, 0x91, 0x91, 0x91, 0x91, 0x94, 0x95, 0x95, 0x98,
	0x99, 0x95, 0x93, 0x93, 0x91, 0x8C, 0x88, 0x86, 0x83, 0x82, 0x81, 0x7D,
	0x7C, 0x7D, 0x7B, 0x7A, 0x7D, 0x81, 0x7D, 0x7C, 0x7E, 0x7E, 0x7E, 0x7D,
	0x7C, 0x7D, 0x7E, 0x7E, 0x7F, 0x81, 0x81, 0x80, 0x83, 0x84, 0x84, 0x85,
	0x87, 0x87, 0x87, 0x87, 0x85, 0x83, 0x83, 0x84, 0x83, 0x82, 0x82, 0x82,
	0x84, 0x82, 0x82, 0x88, 0x8A, 0x8B, 0x8C, 0x8D, 0x8E, 0x8D, 0x91, 0x94,
	0x93, 0x90, 0x8D, 0x8C, 0x8C, 0x8C, 0x89, 0x86, 0x83, 0x81, 0x7E, 0x7D,
	0x81, 0x81, 0x7E, 0x7E, 0x83, 0x82, 0x80, 0x82, 0x84, 0x85, 0x84, 0x86,
	0x86, 0x83, 0x7E, 0x7D, 0x7E, 0x80, 0x7F, 0x7E, 0x7E, 0x7D, 0x7D, 0x7D,
	0x7B, 0x7B, 0x7D, 0x7D, 0x7C, 0x7C, 0x7B, 0x7A, 0x77, 0x74, 0x73, 0x73,
	0x73, 0x72, 0x70, 0x6E, 0x6D, 0x6C, 0x6D, 0x6C, 0x6A, 0x6B, 0x6A, 0x67,
	0x68, 0x69, 0x66, 0x65, 0x66, 0x66, 0x66, 0x68, 0x6B, 0x69, 0x66, 0x69,
	0x6B, 0x6D, 0x6F, 0x71, 0x74, 0x76, 0x77, 0x79, 0x7C, 0x7A, 0x79, 0x7E,
	0x80, 0x7D, 0x7F, 0x80, 0x7E, 0x80, 0x83, 0x82, 0x81, 0x83, 0x84, 0x85,
	0x85, 0x84, 0x87, 0x89, 0x89, 0x89, 0x87, 0x85, 0x83, 0x82, 0x85, 0x85,
	0x84, 0x84, 0x87, 0x89, 0x8B, 0x8A, 0x8A, 0x8C, 0x8E, 0x8E, 0x90, 0x91,
	0x91, 0x90, 0x90, 0x8F, 0x8E, 0x8C, 0x89, 0x87, 0x86, 0x85, 0x83, 0x82,
	0x84, 0x84, 0x82, 0x82, 0x82, 0x81, 0x80, 0x7E, 0x7E, 0x81, 0x82, 0x81,
	0x7F, 0x7F, 0x7F, 0x81, 0x81, 0x81, 0x83, 0x84, 0x82, 0x83, 0x85, 0x84,
	0x83, 0x83, 0x85, 0x85, 0x83, 0x84, 0x86, 0x85, 0x83, 0x84, 0x87, 0x86,
	0x85, 0x87, 0x88, 0x87, 0x88, 0x88, 0x86, 0x87, 0x87, 0x86, 0x84, 0x84,
	0x83, 0x81, 0x81, 0x80, 0x80, 0x7F, 0x7E, 0x7D, 0x7E, 0x7F, 0x7D, 0x80,
	0x81, 0x7F, 0x80, 0x82, 0x81, 0x83, 0x85, 0x85, 0x80, 0x79, 0x78, 0x7A,
	0x7F, 0x81, 0x83, 0x81, 0x7D, 0x7C, 0x7A, 0x7B, 0x7D, 0x7D, 0x7E, 0x7E,
	0x7C, 0x7D, 0x80, 0x7E, 0x7C, 0x7A, 0x75, 0x74, 0x74, 0x72, 0x71, 0x6F,
	0x6E, 0x6E, 0x6F, 0x6E, 0x6B, 0x6A, 0x66, 0x64, 0x64, 0x64, 0x65, 0x66,
	0x67, 0x65, 0x65, 0x6A, 0x6D, 0x6F, 0x71, 0x74, 0x75, 0x76, 0x78, 0x79,
	0x7C, 0x7F, 0x7F, 0x80, 0x81, 0x80, 0x80, 0x83, 0x82, 0x82, 0x84, 0x85,
	0x86, 0x84, 0x82, 0x82, 0x82, 0x82, 0x83, 0x85, 0x87, 0x88, 0x89, 0x8B,
	0x8C, 0x8F, 0x8D, 0x88, 0x8A, 0x8D, 0x8B, 0x8B, 0x8D, 0x8D, 0x90, 0x90,
	0x8D, 0x8C, 0x8C, 0x8B, 0x8C, 0x8D, 0x8E, 0x91, 0x90, 0x8F, 0x8F, 0x90,
	0x8E, 0x8B, 0x89, 0x88, 0x84, 0x83, 0x83, 0x83, 0x84, 0x84, 0x84, 0x84,
	0x83, 0x83, 0x84, 0x83, 0x82, 0x82, 0x81, 0x81, 0x80, 0x81, 0x82, 0x82,
	0x83, 0x84, 0x83, 0x83, 0x82, 0x83, 0x83, 0x81, 0x81, 0x82, 0x82, 0x80,
	0x7E, 0x7E, 0x7F, 0x7F, 0x80, 0x82, 0x82, 0x80, 0x81, 0x83, 0x81, 0x7F,
	0x80, 0x82, 0x84, 0x87, 0x88, 0x86, 0x87, 0x87, 0x88, 0x89, 0x87, 0x85,
	0x84, 0x83, 0x83, 0x82, 0x80, 0x7D, 0x7C, 0x7D, 0x7B, 0x7A, 0x7B, 0x7B,
	0x7A, 0x7B, 0x7C, 0x7C, 0x7D, 0x7E, 0x7D, 0x7C, 0x7C, 0x7C, 0x7C, 0x7C,
	0x7C, 0x7B, 0x7A, 0x7A, 0x7A, 0x7B, 0x7B, 0x79, 0x79, 0x7A, 0x78, 0x78,
	0x7A, 0x79, 0x78, 0x77, 0x76, 0x76, 0x76, 0x76, 0x76, 0x75, 0x73, 0x72,
	0x71, 0x70, 0x70, 0x70, 0x6F, 0x6F, 0x6F, 0x6E, 0x6E, 0x6E, 0x6E, 0x6F,
	0x6F, 0x6F, 0x6F, 0x70, 0x71, 0x72, 0x73, 0x73, 0x74, 0x76, 0x78, 0x79,
	0x79, 0x79, 0x7B, 0x7C, 0x7C, 0x7C, 0x7D, 0x7E, 0x7F, 0x80, 0x7F, 0x80,
	0x81, 0x81, 0x82, 0x82, 0x82, 0x82, 0x85, 0x85, 0x84, 0x85, 0x85, 0x85,
	0x86, 0x86, 0x88, 0x88, 0x85, 0x84, 0x85, 0x84, 0x83, 0x84, 0x85, 0x85,
	0x85, 0x87, 0x87, 0x86, 0x87, 0x87, 0x88, 0x8B, 0x8B, 0x8B, 0x8D, 0x8E,
	0x8C, 0x8B, 0x8B, 0x89, 0x87, 0x87, 0x86, 0x86, 0x85, 0x84, 0x84, 0x83,
	0x83, 0x84, 0x85, 0x83, 0x82, 0x83, 0x83, 0x82, 0x83, 0x84, 0x84, 0x83,
	0x84, 0x84, 0x85, 0x85, 0x85, 0x84, 0x84, 0x84, 0x83, 0x83, 0x85, 0x84,
	0x84, 0x84, 0x83, 0x83, 0x84, 0x84, 0x84, 0x83, 0x83, 0x84, 0x84, 0x84,
	0x83, 0x83, 0x84, 0x85, 0x85, 0x86, 0x85, 0x84, 0x84, 0x82, 0x81, 0x81,
	0x81, 0x81, 0x81, 0x80, 0x80, 0x7F, 0x80, 0x7F, 0x7F, 0x7F, 0x7F, 0x7F,
	0x7F, 0x7F, 0x7F, 0x81, 0x81, 0x80, 0x81, 0x80, 0x7F, 0x7F, 0x7E, 0x7D,
	0x7D, 0x7D, 0x7C, 0x7C, 0x7C, 0x7C, 0x7C, 0x7B, 0x7B, 0x7B, 0x7A, 0x7A,
	0x7B, 0x7B, 0x79, 0x79, 0x78, 0x77, 0x77, 0x76, 0x74, 0x74, 0x73, 0x72,
	0x71, 0x71, 0x72, 0x71, 0x70, 0x70, 0x71, 0x71, 0x71, 0x72, 0x73, 0x74,
	0x76, 0x76, 0x77, 0x79, 0x79, 0x79, 0x7B, 0x7B, 0x7B, 0x7C, 0x7D, 0x7D,
	0x7D, 0x7E, 0x7E, 0x7D, 0x7E, 0x7F, 0x7F, 0x7F, 0x80, 0x81, 0x82, 0x82,
	0x82, 0x83, 0x84, 0x84, 0x85, 0x84, 0x85, 0x86, 0x88, 0x88, 0x85, 0x81,
	0x82, 0x86, 0x89, 0x8A, 0x8B, 0x89, 0x86, 0x85, 0x86, 0x89, 0x8B, 0x8C,
	0x8D, 0x8D, 0x8E, 0x8D, 0x8D, 0x8D, 0x8C, 0x8B, 0x89, 0x89, 0x88, 0x86,
	0x85, 0x84, 0x84, 0x85, 0x84, 0x84, 0x85, 0x84, 0x82, 0x82, 0x82, 0x83,
	0x84, 0x84, 0x85, 0x86, 0x86, 0x85, 0x83, 0x82, 0x83, 0x83, 0x84, 0x84,
	0x83, 0x82, 0x81, 0x81, 0x81, 0x82, 0x83, 0x84, 0x83, 0x81, 0x81, 0x81,
	0x81, 0x80, 0x82, 0x83, 0x83, 0x83, 0x83, 0x82, 0x83, 0x84, 0x84, 0x84,
	0x83, 0x83, 0x84, 0x83, 0x82, 0x81, 0x81, 0x81, 0x81, 0x81, 0x80, 0x7E,
	0x7C, 0x7B, 0x7A, 0x7A, 0x7A, 0x79, 0x7A, 0x7B, 0x7A, 0x7B, 0x7B, 0x7C,
	0x7C, 0x7C, 0x7C, 0x7C, 0x7B, 0x7B, 0x7B, 0x7A, 0x79, 0x79, 0x79, 0x7A,
	0x7A, 0x79, 0x78, 0x78, 0x78, 0x78, 0x77, 0x78, 0x79, 0x78, 0x77, 0x76,
	0x75, 0x75, 0x75, 0x75, 0x74, 0x73, 0x73, 0x72, 0x71, 0x71, 0x71, 0x71,
	0x72, 0x71, 0x72, 0x72, 0x72, 0x71, 0x72, 0x72, 0x72, 0x73, 0x74, 0x75,
	0x75, 0x75, 0x77, 0x77, 0x78, 0x79, 0x7A, 0x7B, 0x7C, 0x7C, 0x7C, 0x7E,
	0x7E, 0x7F, 0x7F, 0x7E, 0x7E, 0x7F, 0x7F, 0x7F, 0x80, 0x7F, 0x7F, 0x80,
	0x81, 0x81, 0x82, 0x82, 0x83, 0x84, 0x84, 0x85, 0x85, 0x84, 0x83, 0x83,
	0x84, 0x85, 0x85, 0x84, 0x83, 0x84, 0x85, 0x85, 0x84, 0x86, 0x86, 0x86,
	0x87, 0x89, 0x89, 0x89, 0x89, 0x89, 0x8A, 0x8A, 0x89, 0x87, 0x86, 0x85,
	0x85, 0x85, 0x85, 0x85, 0x85, 0x85, 0x84, 0x84, 0x85, 0x85, 0x84, 0x84,
	0x85, 0x85, 0x85, 0x85, 0x85, 0x84, 0x84, 0x84, 0x84, 0x84, 0x83, 0x83,
	0x83, 0x83, 0x82, 0x83, 0x83, 0x83, 0x83, 0x83, 0x83, 0x83, 0x83, 0x83,
	0x83, 0x83, 0x83, 0x83, 0x83, 0x83, 0x84, 0x85, 0x85, 0x85, 0x86, 0x86,
	0x85, 0x85, 0x85, 0x83, 0x83, 0x83, 0x82, 0x82, 0x81, 0x81, 0x81, 0x80,
	0x7F, 0x7F, 0x7F, 0x7F, 0x7F, 0x80, 0x80, 0x80, 0x80, 0x81, 0x81, 0x81,
	0x81, 0x80, 0x80, 0x80, 0x7F, 0x7F, 0x7F, 0x7F, 0x7F, 0x7F, 0x7E, 0x7E,
	0x7E, 0x7D, 0x7E, 0x7E, 0x7E, 0x7D, 0x7C, 0x7B, 0x7B, 0x7A, 0x7A, 0x79,
	0x79, 0x79, 0x77, 0x77, 0x77, 0x76, 0x76, 0x76, 0x77, 0x77, 0x77, 0x76,
	0x76, 0x76, 0x77, 0x77, 0x78, 0x78, 0x78, 0x79, 0x7A, 0x7A, 0x7B, 0x7C,
	0x7C, 0x7D, 0x7D, 0x7E, 0x7D, 0x7C, 0x7D, 0x7E, 0x7E, 0x7E, 0x7F, 0x7F,
	0x7F, 0x7F, 0x80, 0x80, 0x80, 0x80, 0x81, 0x81, 0x81, 0x82, 0x82, 0x82,
	0x82, 0x83, 0x83, 0x83, 0x83, 0x82, 0x82, 0x83, 0x83, 0x83, 0x83, 0x82,
	0x82, 0x83, 0x83, 0x83, 0x84, 0x84, 0x83, 0x84, 0x85, 0x85, 0x85, 0x85,
	0x85, 0x85, 0x84, 0x84, 0x83, 0x83, 0x82, 0x81, 0x82, 0x82, 0x81, 0x81,
	0x81, 0x81, 0x81, 0x81, 0x81, 0x81, 0x81, 0x81, 0x81, 0x81, 0x81, 0x81,
	0x81, 0x80, 0x80, 0x80, 0x80, 0x80, 0x80, 0x80, 0x80, 0x80, 0x80, 0x80,
	0x80, 0x81, 0x80, 0x81, 0x81, 0x81, 0x80, 0x80, 0x81, 0x81, 0x81, 0x82,
	0x82, 0x82, 0x82, 0x82, 0x83, 0x83, 0x83, 0x83, 0x82, 0x82, 0x82, 0x83,
	0x83, 0x82, 0x81, 0x80, 0x80, 0x7F, 0x7F, 0x7E, 0x7E, 0x7F, 0x7F, 0x7F,
	0x7F, 0x7F, 0x7F, 0x7F, 0x80, 0x80, 0x80, 0x80, 0x7F, 0x7F, 0x7F, 0x7F,
	0x7F, 0x7E, 0x7E, 0x7D, 0x7D, 0x7D, 0x7D, 0x7D, 0x7D, 0x7C, 0x7D, 0x7D,
	0x7D, 0x7D, 0x7C, 0x7C, 0x7C, 0x7C, 0x7C, 0x7C, 0x7C, 0x7B, 0x7B, 0x7B,
	0x7B, 0x7B, 0x7B, 0x7B, 0x7B, 0x7B, 0x7B, 0x7B, 0x7B, 0x7B, 0x7B, 0x7B,
	0x7B, 0x7B, 0x7C, 0x7C, 0x7C, 0x7C, 0x7C, 0x7C, 0x7C, 0x7D, 0x7D, 0x7D,
	0x7D, 0x7D, 0x7D, 0x7D, 0x7E, 0x7E, 0x7E, 0x7E, 0x7E, 0x7E, 0x7E, 0x7E,
	0x7F, 0x7F, 0x7F, 0x7F, 0x7F, 0x7F, 0x7F, 0x7F, 0x80, 0x80, 0x80, 0x80,
	0x7F, 0x7F, 0x80, 0x80, 0x80, 0x80, 0x80, 0x80, 0x81, 0x81, 0x81, 0x81,
	0x81, 0x81, 0x81, 0x82, 0x82, 0x82, 0x82, 0x83, 0x83, 0x82, 0x82, 0x82,
	0x81, 0x81, 0x81, 0x81, 0x81, 0x81, 0x81, 0x81, 0x81, 0x81, 0x81, 0x81,
	0x81, 0x82, 0x82, 0x82, 0x82, 0x82, 0x82, 0x81, 0x81, 0x81, 0x81, 0x81,
	0x81, 0x81, 0x81, 0x81, 0x81, 0x81, 0x81, 0x81, 0x81, 0x81, 0x81, 0x81,
	0x81, 0x81, 0x81, 0x81, 0x81, 0x81, 0x81, 0x81, 0x81, 0x81, 0x81, 0x81,
	0x81, 0x81, 0x81, 0x81, 0x81, 0x81, 0x80, 0x80, 0x80, 0x80, 0x80, 0x80,
	0x80, 0x80, 0x7F, 0x7F, 0x7F, 0x7F, 0x7F, 0x7F, 0x7F, 0x7F, 0x7F, 0x80,
	0x7F, 0x7F, 0x7F, 0x7F, 0x7F, 0x7F, 0x7F, 0x7F, 0x7F, 0x7F, 0x7F, 0x7F,
	0x7F, 0x7F, 0x7F, 0x7F, 0x7F, 0x7F, 0x7F, 0x7F, 0x7F, 0x7F, 0x7F, 0x7F,
	0x7F, 0x7F, 0x7F, 0x7F, 0x7E, 0x7E, 0x7E, 0x7E, 0x7E, 0x7E, 0x7E, 0x7E,
	0x7E, 0x7E, 0x7E, 0x7E, 0x7E, 0x7E, 0x7E, 0x7E, 0x7E, 0x7E, 0x7E, 0x7E,
	0x7F, 0x7F, 0x7F, 0x7F, 0x7F, 0x7F, 0x7F, 0x7F, 0x7F, 0x7F, 0x7F, 0x7F,
	0x7F, 0x7F, 0x7F, 0x7F, 0x7F, 0x7F, 0x7F, 0x80, 0x7F, 0x80, 0x80, 0x80,
	0x80, 0x80, 0x80, 0x80, 0x80, 0x80, 0x80, 0x80, 0x80, 0x80, 0x80, 0x80,
	0x80, 0x80, 0x80, 0x80, 0x80, 0x80, 0x80, 0x80, 0x80, 0x80, 0x80, 0x80,
	0x80, 0x80, 0x80, 0x80, 0x80, 0x80, 0x80, 0x80, 0x80, 0x80, 0x80, 0x80,
	0x80, 0x80, 0x80, 0x80, 0x80, 0x80, 0x80, 0x80, 0x80, 0x80, 0x80, 0x80,
	0x80, 0x80, 0x80, 0x80, 0x80, 0x80, 0x80, 0x80, 0x80, 0x80, 0x80, 0x80,
	0x80, 0x80, 0x80, 0x80, 0x80, 0x80, 0x80, 0x80, 0x80, 0x80, 0x80, 0x80,
	0x80, 0x80, 0x80, 0x80, 0x80, 0x80, 0x80, 0x80, 0x80, 0x80, 0x80, 0x80,
	0x80, 0x80, 0x80, 0x80, 0x80, 0x80, 0x80, 0x7F, 0x7F, 0x7F, 0x7F, 0x7F,
	0x7F, 0x7F, 0x7F, 0x7F, 0x7F, 0x7F, 0x7F, 0x7F, 0x7F, 0x7F, 0x7F, 0x7F,
	0x7F, 0x7F, 0x7F, 0x7F, 0x7F, 0x7F, 0x7F, 0x7F, 0x7F, 0x7F, 0x7F, 0x7F,
	0x7F, 0x7F, 0x7F, 0x7F, 0x7F, 0x7F, 0x7F, 0x7F, 0x7F, 0x7F, 0x7F, 0x7F,
	0x7F, 0x7F, 0x7F, 0x7F, 0x7F, 0x7F, 0x7F, 0x7F, 0x7F, 0x7F, 0x7F, 0x7F,
	0x7F, 0x7F, 0x7F, 0x7F, 0x7F, 0x7F, 0x7F, 0x7F, 0x7F, 0x7F, 0x7F, 0x7F,
	0x7F, 0x7F, 0x7F, 0x7F, 0x7F, 0x7F, 0x7F, 0x7F, 0x80, 0x7F, 0x80, 0x7F,
	0x80, 0x7F, 0x80, 0x7F, 0x80, 0x80, 0x7F, 0x80, 0x7F, 0x80, 0x80, 0x7F,
	0x80, 0x80, 0x7F, 0x80, 0x7F, 0x80, 0x80, 0x00
};
